timestamp,price_eur_kwh
2023-01-01 00:00:00,0.11964957367950042
2023-01-01 01:00:00,0.12683647156416475
2023-01-01 02:00:00,0.12901963452564846
2023-01-01 03:00:00,0.13405429062544166
2023-01-01 04:00:00,0.13928083877041378
2023-01-01 05:00:00,0.13044032279052503
2023-01-01 06:00:00,0.13597548713135138
2023-01-01 07:00:00,0.13733473098016036
2023-01-01 08:00:00,0.14383695599376084
2023-01-01 09:00:00,0.14598466707923693
2023-01-01 10:00:00,0.145089063081971
2023-01-01 11:00:00,0.13554973229816772
2023-01-01 12:00:00,0.13098678886709797
2023-01-01 13:00:00,0.1321693864159104
2023-01-01 14:00:00,0.12905990118173713
2023-01-01 15:00:00,0.14880790356987905
2023-01-01 16:00:00,0.1382000793053733
2023-01-01 17:00:00,0.15604421693624998
2023-01-01 18:00:00,0.17237635209077154
2023-01-01 19:00:00,0.16503752686744785
2023-01-01 20:00:00,0.1612929983534799
2023-01-01 21:00:00,0.15327197902190795
2023-01-01 22:00:00,0.14512957919879357
2023-01-01 23:00:00,0.14462050676188773
2023-01-02 00:00:00,0.12914755390753807
2023-01-02 01:00:00,0.14827111617848635
2023-01-02 02:00:00,0.13440874002091382
2023-01-02 03:00:00,0.14202028378666326
2023-01-02 04:00:00,0.14423191323607862
2023-01-02 05:00:00,0.15345856009851797
2023-01-02 06:00:00,0.14703915292798433
2023-01-02 07:00:00,0.16093348360514315
2023-01-02 08:00:00,0.17012860340573
2023-01-02 09:00:00,0.15183700518404122
2023-01-02 10:00:00,0.1561009213370775
2023-01-02 11:00:00,0.1476195765273973
2023-01-02 12:00:00,0.14971546251433737
2023-01-02 13:00:00,0.14650633534174545
2023-01-02 14:00:00,0.1450281811446657
2023-01-02 15:00:00,0.15579957138576056
2023-01-02 16:00:00,0.1702601249898973
2023-01-02 17:00:00,0.16916599508313485
2023-01-02 18:00:00,0.18085711070536423
2023-01-02 19:00:00,0.17353716285529208
2023-01-02 20:00:00,0.17246101164439734
2023-01-02 21:00:00,0.17242123752536198
2023-01-02 22:00:00,0.16845211775028543
2023-01-02 23:00:00,0.1545343311324334
2023-01-03 00:00:00,0.13864157331156982
2023-01-03 01:00:00,0.14060040469912147
2023-01-03 02:00:00,0.13527648711331597
2023-01-03 03:00:00,0.14637612206461215
2023-01-03 04:00:00,0.15078980064918898
2023-01-03 05:00:00,0.14825534208549895
2023-01-03 06:00:00,0.15267956394860555
2023-01-03 07:00:00,0.15995201142299367
2023-01-03 08:00:00,0.15782345660909275
2023-01-03 09:00:00,0.15832221213387615
2023-01-03 10:00:00,0.1656509994448581
2023-01-03 11:00:00,0.14969435891265037
2023-01-03 12:00:00,0.14579432572326606
2023-01-03 13:00:00,0.1431728874264909
2023-01-03 14:00:00,0.15195657554738692
2023-01-03 15:00:00,0.1524540890953147
2023-01-03 16:00:00,0.15799151924935645
2023-01-03 17:00:00,0.1767270342031364
2023-01-03 18:00:00,0.1843563360171915
2023-01-03 19:00:00,0.17700140981595436
2023-01-03 20:00:00,0.1679104937716843
2023-01-03 21:00:00,0.1750967745851447
2023-01-03 22:00:00,0.1576083884788056
2023-01-03 23:00:00,0.15670939238431894
2023-01-04 00:00:00,0.1303563443756264
2023-01-04 01:00:00,0.14506693436350127
2023-01-04 02:00:00,0.13547266613676065
2023-01-04 03:00:00,0.14700736602816794
2023-01-04 04:00:00,0.1464495006767541
2023-01-04 05:00:00,0.14574609665268115
2023-01-04 06:00:00,0.15299459312276917
2023-01-04 07:00:00,0.16205421255951694
2023-01-04 08:00:00,0.1605365275548719
2023-01-04 09:00:00,0.16157494010936768
2023-01-04 10:00:00,0.16503459342160295
2023-01-04 11:00:00,0.14310827935782508
2023-01-04 12:00:00,0.1556720893582153
2023-01-04 13:00:00,0.14693237614228277
2023-01-04 14:00:00,0.14374169544827162
2023-01-04 15:00:00,0.14670864183271026
2023-01-04 16:00:00,0.16029278248707843
2023-01-04 17:00:00,0.17472876460139364
2023-01-04 18:00:00,0.17662057539273565
2023-01-04 19:00:00,0.18755930229588463
2023-01-04 20:00:00,0.1699873150782296
2023-01-04 21:00:00,0.16999876139672981
2023-01-04 22:00:00,0.15476957038554
2023-01-04 23:00:00,0.15457442380162992
2023-01-05 00:00:00,0.1446413004146721
2023-01-05 01:00:00,0.13850013870359945
2023-01-05 02:00:00,0.12850745650002887
2023-01-05 03:00:00,0.1443482861668178
2023-01-05 04:00:00,0.1485618280962395
2023-01-05 05:00:00,0.15253726752447286
2023-01-05 06:00:00,0.16120868564651383
2023-01-05 07:00:00,0.15326735187648818
2023-01-05 08:00:00,0.16340813581654798
2023-01-05 09:00:00,0.16461541276939515
2023-01-05 10:00:00,0.14625945257899292
2023-01-05 11:00:00,0.15252774654597523
2023-01-05 12:00:00,0.14506512732833382
2023-01-05 13:00:00,0.14600298308915846
2023-01-05 14:00:00,0.14997399810757892
2023-01-05 15:00:00,0.15092406714083745
2023-01-05 16:00:00,0.15785984404515552
2023-01-05 17:00:00,0.17029127612921147
2023-01-05 18:00:00,0.17182209130030932
2023-01-05 19:00:00,0.17457440200022195
2023-01-05 20:00:00,0.1806400599432699
2023-01-05 21:00:00,0.1643152359601668
2023-01-05 22:00:00,0.16436310011215166
2023-01-05 23:00:00,0.15506922085277486
2023-01-06 00:00:00,0.1315778298202326
2023-01-06 01:00:00,0.13721612441032643
2023-01-06 02:00:00,0.1474990727984014
2023-01-06 03:00:00,0.1384477177771369
2023-01-06 04:00:00,0.144056114026025
2023-01-06 05:00:00,0.15282609821592386
2023-01-06 06:00:00,0.15894672723381603
2023-01-06 07:00:00,0.15736492584451095
2023-01-06 08:00:00,0.15701950431583753
2023-01-06 09:00:00,0.1657647245154978
2023-01-06 10:00:00,0.1638468888180134
2023-01-06 11:00:00,0.15582377767028932
2023-01-06 12:00:00,0.1480126171961973
2023-01-06 13:00:00,0.14236926784646206
2023-01-06 14:00:00,0.14408339365710443
2023-01-06 15:00:00,0.155972780487734
2023-01-06 16:00:00,0.163330375545407
2023-01-06 17:00:00,0.17712850700650348
2023-01-06 18:00:00,0.180510571457304
2023-01-06 19:00:00,0.1724881261358488
2023-01-06 20:00:00,0.182502931617102
2023-01-06 21:00:00,0.16506890299938803
2023-01-06 22:00:00,0.15911168124784386
2023-01-06 23:00:00,0.15400726541976356
2023-01-07 00:00:00,0.1351852009131054
2023-01-07 01:00:00,0.14115354045203152
2023-01-07 02:00:00,0.12956214107884545
2023-01-07 03:00:00,0.1274375623392334
2023-01-07 04:00:00,0.13405066357997467
2023-01-07 05:00:00,0.13995407087903355
2023-01-07 06:00:00,0.13842643655961712
2023-01-07 07:00:00,0.15259867705429506
2023-01-07 08:00:00,0.14615740908525277
2023-01-07 09:00:00,0.14614159065246224
2023-01-07 10:00:00,0.1434820117592978
2023-01-07 11:00:00,0.1380374204694526
2023-01-07 12:00:00,0.13678072898572027
2023-01-07 13:00:00,0.12832433052193207
2023-01-07 14:00:00,0.13044410692015707
2023-01-07 15:00:00,0.1328594387965467
2023-01-07 16:00:00,0.14843589059406473
2023-01-07 17:00:00,0.1590151965593319
2023-01-07 18:00:00,0.16454718532538276
2023-01-07 19:00:00,0.17337598981138555
2023-01-07 20:00:00,0.16221521343434214
2023-01-07 21:00:00,0.15840291441392265
2023-01-07 22:00:00,0.14057303322690906
2023-01-07 23:00:00,0.13582076587613306
2023-01-08 00:00:00,0.12868455225201447
2023-01-08 01:00:00,0.12984945822572044
2023-01-08 02:00:00,0.12505869104484363
2023-01-08 03:00:00,0.127995549173545
2023-01-08 04:00:00,0.12378876660416788
2023-01-08 05:00:00,0.13373064774563134
2023-01-08 06:00:00,0.144481690505002
2023-01-08 07:00:00,0.14649864535526627
2023-01-08 08:00:00,0.1475103838962018
2023-01-08 09:00:00,0.14390174364291006
2023-01-08 10:00:00,0.1401877062921664
2023-01-08 11:00:00,0.1326278817190131
2023-01-08 12:00:00,0.13608016858438488
2023-01-08 13:00:00,0.13351546117661364
2023-01-08 14:00:00,0.13569570992985122
2023-01-08 15:00:00,0.1357300357480673
2023-01-08 16:00:00,0.13547166984160738
2023-01-08 17:00:00,0.16060627760053983
2023-01-08 18:00:00,0.15986413371458133
2023-01-08 19:00:00,0.16068964882443226
2023-01-08 20:00:00,0.16571058808805733
2023-01-08 21:00:00,0.15309914293636442
2023-01-08 22:00:00,0.15133121952783873
2023-01-08 23:00:00,0.14084129413638857
2023-01-09 00:00:00,0.14362471008018798
2023-01-09 01:00:00,0.13377416911600204
2023-01-09 02:00:00,0.14758824571009654
2023-01-09 03:00:00,0.14465979808900462
2023-01-09 04:00:00,0.1445317496413409
2023-01-09 05:00:00,0.15123273608637564
2023-01-09 06:00:00,0.14614859852291145
2023-01-09 07:00:00,0.16066588433213677
2023-01-09 08:00:00,0.1548601977483854
2023-01-09 09:00:00,0.1518895237777876
2023-01-09 10:00:00,0.14754059456793606
2023-01-09 11:00:00,0.15649292929132996
2023-01-09 12:00:00,0.14443970951490825
2023-01-09 13:00:00,0.1540792350042492
2023-01-09 14:00:00,0.14555660837462575
2023-01-09 15:00:00,0.14482342017344046
2023-01-09 16:00:00,0.1556557622412203
2023-01-09 17:00:00,0.17629957214180603
2023-01-09 18:00:00,0.17647883010493998
2023-01-09 19:00:00,0.17726209116219488
2023-01-09 20:00:00,0.17804328465775132
2023-01-09 21:00:00,0.17256811981679782
2023-01-09 22:00:00,0.1666185316871179
2023-01-09 23:00:00,0.15999876053796971
2023-01-10 00:00:00,0.13840802023524015
2023-01-10 01:00:00,0.13397370924159452
2023-01-10 02:00:00,0.13946119997754816
2023-01-10 03:00:00,0.14465494796574976
2023-01-10 04:00:00,0.14155934070651888
2023-01-10 05:00:00,0.14573003917518915
2023-01-10 06:00:00,0.15674871409515248
2023-01-10 07:00:00,0.15837935851688117
2023-01-10 08:00:00,0.16017104026635368
2023-01-10 09:00:00,0.15486039853350492
2023-01-10 10:00:00,0.15400038692799667
2023-01-10 11:00:00,0.14630832169503882
2023-01-10 12:00:00,0.15203701853899612
2023-01-10 13:00:00,0.15158684312828546
2023-01-10 14:00:00,0.1390046763786968
2023-01-10 15:00:00,0.14871265566044314
2023-01-10 16:00:00,0.1537557381655132
2023-01-10 17:00:00,0.16687039436973686
2023-01-10 18:00:00,0.17684113114567152
2023-01-10 19:00:00,0.17275530154615523
2023-01-10 20:00:00,0.17263389446286082
2023-01-10 21:00:00,0.1650394192755526
2023-01-10 22:00:00,0.1620678742546003
2023-01-10 23:00:00,0.15310298607368633
2023-01-11 00:00:00,0.13659817569749932
2023-01-11 01:00:00,0.1414880520327017
2023-01-11 02:00:00,0.13879512536022823
2023-01-11 03:00:00,0.14199526988120506
2023-01-11 04:00:00,0.15474539578906463
2023-01-11 05:00:00,0.1572180990086161
2023-01-11 06:00:00,0.14853186850276506
2023-01-11 07:00:00,0.1627712823641293
2023-01-11 08:00:00,0.1640640380617537
2023-01-11 09:00:00,0.1529115587632422
2023-01-11 10:00:00,0.1592462787177998
2023-01-11 11:00:00,0.15861914700844312
2023-01-11 12:00:00,0.14197330245215012
2023-01-11 13:00:00,0.14182308234959537
2023-01-11 14:00:00,0.15332392302410475
2023-01-11 15:00:00,0.15471768651553344
2023-01-11 16:00:00,0.1639957658171612
2023-01-11 17:00:00,0.1718234601237738
2023-01-11 18:00:00,0.17921180059926406
2023-01-11 19:00:00,0.17337116700309246
2023-01-11 20:00:00,0.18247978206159463
2023-01-11 21:00:00,0.17590715609809895
2023-01-11 22:00:00,0.15988458388726548
2023-01-11 23:00:00,0.15253887963943577
2023-01-12 00:00:00,0.13255132595140698
2023-01-12 01:00:00,0.14317522145209388
2023-01-12 02:00:00,0.14438881299173528
2023-01-12 03:00:00,0.14304259034783876
2023-01-12 04:00:00,0.15199990213692444
2023-01-12 05:00:00,0.14884540759476467
2023-01-12 06:00:00,0.15785280431687107
2023-01-12 07:00:00,0.15352429858127284
2023-01-12 08:00:00,0.15988929453492454
2023-01-12 09:00:00,0.1577811039174911
2023-01-12 10:00:00,0.15627893010923022
2023-01-12 11:00:00,0.14908185277221356
2023-01-12 12:00:00,0.14692866350501385
2023-01-12 13:00:00,0.15054083231187423
2023-01-12 14:00:00,0.14605179450369615
2023-01-12 15:00:00,0.1453273244577118
2023-01-12 16:00:00,0.1699863039619907
2023-01-12 17:00:00,0.17702778443522377
2023-01-12 18:00:00,0.17079700751909524
2023-01-12 19:00:00,0.18345206667087385
2023-01-12 20:00:00,0.17472831967573066
2023-01-12 21:00:00,0.1713766422126154
2023-01-12 22:00:00,0.16250265825267307
2023-01-12 23:00:00,0.15158422538692348
2023-01-13 00:00:00,0.13628803513625362
2023-01-13 01:00:00,0.13715124241042342
2023-01-13 02:00:00,0.13694756620575835
2023-01-13 03:00:00,0.1391944343916831
2023-01-13 04:00:00,0.14604224388732515
2023-01-13 05:00:00,0.1469369938041106
2023-01-13 06:00:00,0.15844003501596615
2023-01-13 07:00:00,0.16605885105141305
2023-01-13 08:00:00,0.15710678908244552
2023-01-13 09:00:00,0.15984989770968216
2023-01-13 10:00:00,0.15765081605054018
2023-01-13 11:00:00,0.15328949877097672
2023-01-13 12:00:00,0.14796580282295263
2023-01-13 13:00:00,0.15012400854646532
2023-01-13 14:00:00,0.15064686045329054
2023-01-13 15:00:00,0.14717189784976872
2023-01-13 16:00:00,0.16558416476290994
2023-01-13 17:00:00,0.17455696822810504
2023-01-13 18:00:00,0.17344189047373043
2023-01-13 19:00:00,0.1801932168218859
2023-01-13 20:00:00,0.18065983849254275
2023-01-13 21:00:00,0.1690126370380633
2023-01-13 22:00:00,0.16639642784643566
2023-01-13 23:00:00,0.1645756268616019
2023-01-14 00:00:00,0.12127693330101066
2023-01-14 01:00:00,0.11869872465623585
2023-01-14 02:00:00,0.12804761876118892
2023-01-14 03:00:00,0.13196135795846606
2023-01-14 04:00:00,0.13022380346834808
2023-01-14 05:00:00,0.14278209706626954
2023-01-14 06:00:00,0.13333674568878684
2023-01-14 07:00:00,0.1470872133898915
2023-01-14 08:00:00,0.1419777511855013
2023-01-14 09:00:00,0.15224976473804175
2023-01-14 10:00:00,0.1501149672648661
2023-01-14 11:00:00,0.1320962044774636
2023-01-14 12:00:00,0.1298382408038293
2023-01-14 13:00:00,0.1357085358895657
2023-01-14 14:00:00,0.13129996244093967
2023-01-14 15:00:00,0.138133153871744
2023-01-14 16:00:00,0.14636532654367565
2023-01-14 17:00:00,0.14552214826078308
2023-01-14 18:00:00,0.16218913226415216
2023-01-14 19:00:00,0.161554888774327
2023-01-14 20:00:00,0.1597775794164885
2023-01-14 21:00:00,0.16227736615330415
2023-01-14 22:00:00,0.13974900313620933
2023-01-14 23:00:00,0.14182229032224497
2023-01-15 00:00:00,0.12381204881252654
2023-01-15 01:00:00,0.12420514682952555
2023-01-15 02:00:00,0.1304803852634231
2023-01-15 03:00:00,0.13005380190567978
2023-01-15 04:00:00,0.13423120032366959
2023-01-15 05:00:00,0.1403567170523287
2023-01-15 06:00:00,0.13837323277148647
2023-01-15 07:00:00,0.1405614366021947
2023-01-15 08:00:00,0.13958130265650676
2023-01-15 09:00:00,0.1395258225571105
2023-01-15 10:00:00,0.15489786262556912
2023-01-15 11:00:00,0.14215288532006426
2023-01-15 12:00:00,0.1258306546523321
2023-01-15 13:00:00,0.12479830667094884
2023-01-15 14:00:00,0.13564494599847968
2023-01-15 15:00:00,0.14109653394829502
2023-01-15 16:00:00,0.14898280361755042
2023-01-15 17:00:00,0.15384573507400287
2023-01-15 18:00:00,0.16163104969460884
2023-01-15 19:00:00,0.16664292526544466
2023-01-15 20:00:00,0.16267265855995403
2023-01-15 21:00:00,0.1439627042722224
2023-01-15 22:00:00,0.14488253945472965
2023-01-15 23:00:00,0.1334992322172035
2023-01-16 00:00:00,0.14108292055872815
2023-01-16 01:00:00,0.15553024268502175
2023-01-16 02:00:00,0.14336593411053608
2023-01-16 03:00:00,0.14178589700197333
2023-01-16 04:00:00,0.1509871428474582
2023-01-16 05:00:00,0.15292923318571042
2023-01-16 06:00:00,0.15713024713966225
2023-01-16 07:00:00,0.16165687324081177
2023-01-16 08:00:00,0.17028977311344345
2023-01-16 09:00:00,0.1529984330303757
2023-01-16 10:00:00,0.15752055088308278
2023-01-16 11:00:00,0.14629758176647265
2023-01-16 12:00:00,0.15036358971508343
2023-01-16 13:00:00,0.14181716389723623
2023-01-16 14:00:00,0.14614878162186182
2023-01-16 15:00:00,0.15188476039021567
2023-01-16 16:00:00,0.16611746803768712
2023-01-16 17:00:00,0.1747127862614834
2023-01-16 18:00:00,0.1710297341123914
2023-01-16 19:00:00,0.18027819819964713
2023-01-16 20:00:00,0.17369529425474153
2023-01-16 21:00:00,0.16376668158258342
2023-01-16 22:00:00,0.15994645235548374
2023-01-16 23:00:00,0.15121385044622598
2023-01-17 00:00:00,0.1523404458959132
2023-01-17 01:00:00,0.1427687467988082
2023-01-17 02:00:00,0.13464043827939337
2023-01-17 03:00:00,0.1405296754119806
2023-01-17 04:00:00,0.15148505181471894
2023-01-17 05:00:00,
2023-01-17 06:00:00,0.14709985812621326
2023-01-17 07:00:00,0.14922299834903818
2023-01-17 08:00:00,0.16936188116615464
2023-01-17 09:00:00,0.1606009460938598
2023-01-17 10:00:00,0.15081092683964367
2023-01-17 11:00:00,0.15360263284699252
2023-01-17 12:00:00,0.1344072877882878
2023-01-17 13:00:00,0.1464274739876525
2023-01-17 14:00:00,0.14987472155410267
2023-01-17 15:00:00,0.15798156065909436
2023-01-17 16:00:00,0.1561689046795009
2023-01-17 17:00:00,0.17054894984878813
2023-01-17 18:00:00,0.17263119786432538
2023-01-17 19:00:00,0.18128044642301946
2023-01-17 20:00:00,0.17276646191667228
2023-01-17 21:00:00,0.168018701940159
2023-01-17 22:00:00,0.15605246063365447
2023-01-17 23:00:00,0.15601194559762338
2023-01-18 00:00:00,0.14449911904746893
2023-01-18 01:00:00,0.13943084482221765
2023-01-18 02:00:00,0.1417197157579647
2023-01-18 03:00:00,0.1361105883596676
2023-01-18 04:00:00,0.144879752097538
2023-01-18 05:00:00,0.15026477066445565
2023-01-18 06:00:00,0.16813374014255295
2023-01-18 07:00:00,0.1530627851458626
2023-01-18 08:00:00,0.16732794148305793
2023-01-18 09:00:00,0.16363716907433432
2023-01-18 10:00:00,0.1565555725214762
2023-01-18 11:00:00,0.15972258983735602
2023-01-18 12:00:00,0.1494465538464065
2023-01-18 13:00:00,0.14835639243300633
2023-01-18 14:00:00,0.1479700124247995
2023-01-18 15:00:00,0.15947805437349835
2023-01-18 16:00:00,0.166720730610018
2023-01-18 17:00:00,
2023-01-18 18:00:00,0.1706620850216295
2023-01-18 19:00:00,0.1789886244576696
2023-01-18 20:00:00,0.17324300070649915
2023-01-18 21:00:00,0.16974158326288333
2023-01-18 22:00:00,0.1672187282810263
2023-01-18 23:00:00,0.15046975611307115
2023-01-19 00:00:00,0.13999274655762772
2023-01-19 01:00:00,0.14089406134604668
2023-01-19 02:00:00,0.14577068019419098
2023-01-19 03:00:00,0.1321190987629123
2023-01-19 04:00:00,0.14334463386374546
2023-01-19 05:00:00,0.15157221221106174
2023-01-19 06:00:00,0.16103016946953735
2023-01-19 07:00:00,0.1561631080372024
2023-01-19 08:00:00,0.15062429175908637
2023-01-19 09:00:00,0.16175143243683596
2023-01-19 10:00:00,0.15197557855489738
2023-01-19 11:00:00,0.14498115412092855
2023-01-19 12:00:00,0.14446429953480605
2023-01-19 13:00:00,0.14548796966638744
2023-01-19 14:00:00,0.14521189236719617
2023-01-19 15:00:00,0.14233237967590986
2023-01-19 16:00:00,0.16572371542539924
2023-01-19 17:00:00,0.17649488924816495
2023-01-19 18:00:00,0.18051593095132085
2023-01-19 19:00:00,0.1743150992925238
2023-01-19 20:00:00,0.1762357358587498
2023-01-19 21:00:00,0.1700265995598128
2023-01-19 22:00:00,0.16402550955541517
2023-01-19 23:00:00,0.1560979668320955
2023-01-20 00:00:00,0.1365359944702931
2023-01-20 01:00:00,0.14101392545407251
2023-01-20 02:00:00,0.14381492780624075
2023-01-20 03:00:00,0.15063265704356915
2023-01-20 04:00:00,0.14990066803669555
2023-01-20 05:00:00,0.15446107718654195
2023-01-20 06:00:00,0.15544890782704987
2023-01-20 07:00:00,0.16567491600075093
2023-01-20 08:00:00,0.1620558692690932
2023-01-20 09:00:00,0.15434743565613743
2023-01-20 10:00:00,0.16216924034965147
2023-01-20 11:00:00,0.1544190037790755
2023-01-20 12:00:00,0.14537080637772978
2023-01-20 13:00:00,0.1440131316176705
2023-01-20 14:00:00,0.14971849341559104
2023-01-20 15:00:00,0.15567613393774313
2023-01-20 16:00:00,0.1622248457691196
2023-01-20 17:00:00,0.17167705740898576
2023-01-20 18:00:00,0.18575810786750524
2023-01-20 19:00:00,0.18536124340582233
2023-01-20 20:00:00,0.17819637148481252
2023-01-20 21:00:00,0.17476575903979752
2023-01-20 22:00:00,0.15586891808996792
2023-01-20 23:00:00,0.15474589963823915
2023-01-21 00:00:00,0.13425339521285112
2023-01-21 01:00:00,0.12451371819504285
2023-01-21 02:00:00,0.12229035614006911
2023-01-21 03:00:00,0.12509310098987003
2023-01-21 04:00:00,0.12592997015086
2023-01-21 05:00:00,0.13159198420902588
2023-01-21 06:00:00,0.13817723419445294
2023-01-21 07:00:00,0.13659478517884022
2023-01-21 08:00:00,0.14508514695904376
2023-01-21 09:00:00,0.1481642610759385
2023-01-21 10:00:00,0.1356136095982909
2023-01-21 11:00:00,0.14352590703458917
2023-01-21 12:00:00,0.13513998692601017
2023-01-21 13:00:00,0.13656349938278697
2023-01-21 14:00:00,0.12994644292062654
2023-01-21 15:00:00,0.14263283609673827
2023-01-21 16:00:00,0.14077871493898703
2023-01-21 17:00:00,0.1595717515459539
2023-01-21 18:00:00,0.163117517693591
2023-01-21 19:00:00,0.1677697837445718
2023-01-21 20:00:00,0.1563652205003631
2023-01-21 21:00:00,0.15058385692457707
2023-01-21 22:00:00,0.14901767869887256
2023-01-21 23:00:00,0.13301452436738406
2023-01-22 00:00:00,0.1275228949246812
2023-01-22 01:00:00,0.1187682586397035
2023-01-22 02:00:00,0.13076939684649788
2023-01-22 03:00:00,0.1221909288589928
2023-01-22 04:00:00,0.13413963502596954
2023-01-22 05:00:00,0.13864394841789437
2023-01-22 06:00:00,0.1365459155952552
2023-01-22 07:00:00,0.14653275311015707
2023-01-22 08:00:00,0.14630926660596352
2023-01-22 09:00:00,0.14095866592604156
2023-01-22 10:00:00,0.13510961707864447
2023-01-22 11:00:00,0.12611635895801743
2023-01-22 12:00:00,0.13433427671987067
2023-01-22 13:00:00,0.1235865825978564
2023-01-22 14:00:00,0.13371233668709379
2023-01-22 15:00:00,0.13704296888099393
2023-01-22 16:00:00,0.14963409831815458
2023-01-22 17:00:00,0.15361028654432202
2023-01-22 18:00:00,0.16061108206288788
2023-01-22 19:00:00,0.16866288116608935
2023-01-22 20:00:00,0.16391848367390796
2023-01-22 21:00:00,0.15663998592187398
2023-01-22 22:00:00,0.14837787555664825
2023-01-22 23:00:00,0.13007840377246954
2023-01-23 00:00:00,0.1439908068641205
2023-01-23 01:00:00,0.14366629164207273
2023-01-23 02:00:00,0.13644511014028207
2023-01-23 03:00:00,0.1421331430644643
2023-01-23 04:00:00,0.14618159889943377
2023-01-23 05:00:00,0.1498433098276557
2023-01-23 06:00:00,0.15669907452024573
2023-01-23 07:00:00,0.16577945418388934
2023-01-23 08:00:00,0.16541588892765988
2023-01-23 09:00:00,0.15209177923984823
2023-01-23 10:00:00,0.15826274045055577
2023-01-23 11:00:00,0.1575741540140574
2023-01-23 12:00:00,0.1495200690868182
2023-01-23 13:00:00,0.15186549858059653
2023-01-23 14:00:00,0.15829696791839107
2023-01-23 15:00:00,0.15847875769194011
2023-01-23 16:00:00,0.16248492741917223
2023-01-23 17:00:00,0.1753459564121951
2023-01-23 18:00:00,0.17798276016010778
2023-01-23 19:00:00,0.18012304286107267
2023-01-23 20:00:00,0.17548612234991873
2023-01-23 21:00:00,0.17787627293012065
2023-01-23 22:00:00,0.1569393942778956
2023-01-23 23:00:00,0.16041810301189569
2023-01-24 00:00:00,0.14270618408288746
2023-01-24 01:00:00,0.133607416797995
2023-01-24 02:00:00,0.14336677224812167
2023-01-24 03:00:00,0.1328534128945772
2023-01-24 04:00:00,0.1495056754217271
2023-01-24 05:00:00,0.15494195116460932
2023-01-24 06:00:00,0.1520679949091428
2023-01-24 07:00:00,0.15924035875451134
2023-01-24 08:00:00,0.16977784245804717
2023-01-24 09:00:00,0.15612414168569558
2023-01-24 10:00:00,0.1498578525637425
2023-01-24 11:00:00,0.15833780442869333
2023-01-24 12:00:00,0.15739896243602616
2023-01-24 13:00:00,0.14642907481390594
2023-01-24 14:00:00,0.15329293086692902
2023-01-24 15:00:00,0.1600675895390596
2023-01-24 16:00:00,0.15752596327827167
2023-01-24 17:00:00,0.167693984864932
2023-01-24 18:00:00,0.183412693560397
2023-01-24 19:00:00,0.18842859903819043
2023-01-24 20:00:00,0.18005759782935915
2023-01-24 21:00:00,0.1656601343684498
2023-01-24 22:00:00,0.1709668431661028
2023-01-24 23:00:00,0.15010140989944526
2023-01-25 00:00:00,0.13853117455832833
2023-01-25 01:00:00,0.1423156368444528
2023-01-25 02:00:00,0.14929932788673841
2023-01-25 03:00:00,0.14762342531559644
2023-01-25 04:00:00,0.1484524628393815
2023-01-25 05:00:00,0.1528322364002549
2023-01-25 06:00:00,0.1552473480306204
2023-01-25 07:00:00,0.16141331784732596
2023-01-25 08:00:00,0.14735925490082422
2023-01-25 09:00:00,0.15716983791165628
2023-01-25 10:00:00,0.15635900017360943
2023-01-25 11:00:00,0.14517441699828282
2023-01-25 12:00:00,0.14951764307242998
2023-01-25 13:00:00,0.1453882403497361
2023-01-25 14:00:00,0.1570129941814647
2023-01-25 15:00:00,0.1612253085874795
2023-01-25 16:00:00,0.15890935659537278
2023-01-25 17:00:00,0.16936632548393787
2023-01-25 18:00:00,0.17688858316658138
2023-01-25 19:00:00,0.17774523026384978
2023-01-25 20:00:00,0.178218318448628
2023-01-25 21:00:00,0.16626779579152215
2023-01-25 22:00:00,0.155378460932918
2023-01-25 23:00:00,0.15586982050800643
2023-01-26 00:00:00,0.14335451138529465
2023-01-26 01:00:00,0.13658236887370476
2023-01-26 02:00:00,0.14600530293697755
2023-01-26 03:00:00,0.14019565678700865
2023-01-26 04:00:00,0.14764396152776185
2023-01-26 05:00:00,0.15461751381272665
2023-01-26 06:00:00,0.1548617118638845
2023-01-26 07:00:00,0.1608963248354391
2023-01-26 08:00:00,0.15742490706985787
2023-01-26 09:00:00,0.1576705422898648
2023-01-26 10:00:00,0.15412309334462382
2023-01-26 11:00:00,0.14719659568367915
2023-01-26 12:00:00,0.14670215566779327
2023-01-26 13:00:00,0.13866750496034796
2023-01-26 14:00:00,0.14577984695417673
2023-01-26 15:00:00,0.15193583249455686
2023-01-26 16:00:00,0.1599574856784867
2023-01-26 17:00:00,0.16891302681241743
2023-01-26 18:00:00,0.17694949999532267
2023-01-26 19:00:00,0.18240073523507822
2023-01-26 20:00:00,0.18161577889915
2023-01-26 21:00:00,0.16681038000171877
2023-01-26 22:00:00,0.15501553333065987
2023-01-26 23:00:00,0.14754604232728957
2023-01-27 00:00:00,0.13777084885821095
2023-01-27 01:00:00,0.13884434108292215
2023-01-27 02:00:00,0.13767854545217725
2023-01-27 03:00:00,0.13687296211158584
2023-01-27 04:00:00,0.144097531200201
2023-01-27 05:00:00,0.15142292685023423
2023-01-27 06:00:00,0.1580049220165809
2023-01-27 07:00:00,0.15583550500919183
2023-01-27 08:00:00,0.15794206617857856
2023-01-27 09:00:00,0.1540193836627687
2023-01-27 10:00:00,0.15499519464715164
2023-01-27 11:00:00,0.1466873442454263
2023-01-27 12:00:00,0.15045166554957817
2023-01-27 13:00:00,0.13748126399499613
2023-01-27 14:00:00,0.14643746732762494
2023-01-27 15:00:00,0.1548657466573639
2023-01-27 16:00:00,0.16215755702257612
2023-01-27 17:00:00,0.18358568236167383
2023-01-27 18:00:00,0.17900732111746287
2023-01-27 19:00:00,0.17498325466043785
2023-01-27 20:00:00,0.17676587229304203
2023-01-27 21:00:00,0.16117797446862783
2023-01-27 22:00:00,0.1606285388611218
2023-01-27 23:00:00,0.1485909841035013
2023-01-28 00:00:00,0.1297838148419864
2023-01-28 01:00:00,0.12285624629902706
2023-01-28 02:00:00,0.1259446962041883
2023-01-28 03:00:00,0.1251757562258133
2023-01-28 04:00:00,0.14007239209683858
2023-01-28 05:00:00,0.13390957991907482
2023-01-28 06:00:00,0.14919255990479907
2023-01-28 07:00:00,0.14769337908532476
2023-01-28 08:00:00,0.14741738892597267
2023-01-28 09:00:00,0.14549654094359285
2023-01-28 10:00:00,0.14212137699010677
2023-01-28 11:00:00,0.1262911245196523
2023-01-28 12:00:00,0.1311916095126184
2023-01-28 13:00:00,0.1356363863105883
2023-01-28 14:00:00,0.1329911297725167
2023-01-28 15:00:00,0.13133426072738733
2023-01-28 16:00:00,0.14597636218807625
2023-01-28 17:00:00,0.16364104162304882
2023-01-28 18:00:00,0.16849277957229694
2023-01-28 19:00:00,0.16469350759781773
2023-01-28 20:00:00,0.1670004399137778
2023-01-28 21:00:00,0.15322667103411983
2023-01-28 22:00:00,0.137512179673472
2023-01-28 23:00:00,0.13313393444785732
2023-01-29 00:00:00,0.13302130730672657
2023-01-29 01:00:00,0.1242339822628582
2023-01-29 02:00:00,0.12531160588628945
2023-01-29 03:00:00,0.12685435445146093
2023-01-29 04:00:00,0.14089881828543696
2023-01-29 05:00:00,0.1436455883264747
2023-01-29 06:00:00,0.15112367585464376
2023-01-29 07:00:00,0.1428273942227332
2023-01-29 08:00:00,0.1464851777330312
2023-01-29 09:00:00,0.1360696624599013
2023-01-29 10:00:00,0.14753706262961688
2023-01-29 11:00:00,0.13009058966004067
2023-01-29 12:00:00,0.13366990430218534
2023-01-29 13:00:00,0.12592408381650247
2023-01-29 14:00:00,0.13029128155619374
2023-01-29 15:00:00,0.13417389780615668
2023-01-29 16:00:00,0.14319900813758452
2023-01-29 17:00:00,0.15242490052602645
2023-01-29 18:00:00,0.15951697701999795
2023-01-29 19:00:00,0.16917019720354942
2023-01-29 20:00:00,0.15671887956317476
2023-01-29 21:00:00,0.1561619132710294
2023-01-29 22:00:00,0.15212133336913342
2023-01-29 23:00:00,0.1351902825659381
2023-01-30 00:00:00,0.13661726901044757
2023-01-30 01:00:00,0.13945132454610346
2023-01-30 02:00:00,0.1474271518249681
2023-01-30 03:00:00,0.1443240835876021
2023-01-30 04:00:00,0.14372206386453396
2023-01-30 05:00:00,0.15293517700560458
2023-01-30 06:00:00,0.14951831393822093
2023-01-30 07:00:00,0.16202941782694816
2023-01-30 08:00:00,0.16205009182780458
2023-01-30 09:00:00,0.15711383285131086
2023-01-30 10:00:00,0.15095946150678935
2023-01-30 11:00:00,0.14649608280496307
2023-01-30 12:00:00,0.15026011316510174
2023-01-30 13:00:00,0.152555498967112
2023-01-30 14:00:00,0.14504907695474328
2023-01-30 15:00:00,0.15565214347916262
2023-01-30 16:00:00,0.15080324934795325
2023-01-30 17:00:00,0.16719742538848534
2023-01-30 18:00:00,0.1771030263302688
2023-01-30 19:00:00,0.17545511055973873
2023-01-30 20:00:00,0.1725606616545394
2023-01-30 21:00:00,0.16672030835361568
2023-01-30 22:00:00,0.16249250124923748
2023-01-30 23:00:00,0.15181961929647322
2023-01-31 00:00:00,0.12901570729756073
2023-01-31 01:00:00,0.1300004469088294
2023-01-31 02:00:00,0.13849419989387868
2023-01-31 03:00:00,0.14564197836310308
2023-01-31 04:00:00,0.13264061112394576
2023-01-31 05:00:00,0.14801714286890622
2023-01-31 06:00:00,0.15239853540481596
2023-01-31 07:00:00,0.16556430916577566
2023-01-31 08:00:00,0.1580819462307314
2023-01-31 09:00:00,0.16056782013070992
2023-01-31 10:00:00,0.15585867619946284
2023-01-31 11:00:00,0.14027665501734435
2023-01-31 12:00:00,0.15142706256653088
2023-01-31 13:00:00,0.14748757898194814
2023-01-31 14:00:00,0.1507769588882602
2023-01-31 15:00:00,0.17299139849358683
2023-01-31 16:00:00,0.15081781974347064
2023-01-31 17:00:00,0.17874399729057688
2023-01-31 18:00:00,0.17582108339762154
2023-01-31 19:00:00,0.18144017216666294
2023-01-31 20:00:00,0.17701563230198117
2023-01-31 21:00:00,0.16793802446896988
2023-01-31 22:00:00,0.1581823729664118
2023-01-31 23:00:00,0.15440380806637014
2023-02-01 00:00:00,0.1326209949808272
2023-02-01 01:00:00,0.14435684350961353
2023-02-01 02:00:00,0.13944755375873827
2023-02-01 03:00:00,0.13770319873763354
2023-02-01 04:00:00,0.14412807104759287
2023-02-01 05:00:00,0.15680153983397724
2023-02-01 06:00:00,0.15235309925232193
2023-02-01 07:00:00,0.16041488836578152
2023-02-01 08:00:00,0.15635227391071838
2023-02-01 09:00:00,0.16244248445662338
2023-02-01 10:00:00,0.15857992919297653
2023-02-01 11:00:00,0.1601725315828624
2023-02-01 12:00:00,0.14670820675587612
2023-02-01 13:00:00,0.14975387047845623
2023-02-01 14:00:00,0.14872595338758196
2023-02-01 15:00:00,0.15983956887072026
2023-02-01 16:00:00,0.15764422250291993
2023-02-01 17:00:00,0.17384554060615776
2023-02-01 18:00:00,0.17628483451403992
2023-02-01 19:00:00,0.1796825867591054
2023-02-01 20:00:00,0.17770195595072924
2023-02-01 21:00:00,0.1713204081180935
2023-02-01 22:00:00,0.16045039239199582
2023-02-01 23:00:00,0.15382983030435773
2023-02-02 00:00:00,0.1480974537519965
2023-02-02 01:00:00,0.1455311961000808
2023-02-02 02:00:00,0.14587429874564903
2023-02-02 03:00:00,0.14107584780271598
2023-02-02 04:00:00,0.14193193119643033
2023-02-02 05:00:00,0.15529229654085314
2023-02-02 06:00:00,0.15941000865005203
2023-02-02 07:00:00,0.16598597365348833
2023-02-02 08:00:00,0.15698715215944958
2023-02-02 09:00:00,0.15750513193020355
2023-02-02 10:00:00,0.14695496968639835
2023-02-02 11:00:00,0.148967131886076
2023-02-02 12:00:00,0.15256887903626942
2023-02-02 13:00:00,0.1440781195585257
2023-02-02 14:00:00,0.15143801466589135
2023-02-02 15:00:00,0.15240769443141614
2023-02-02 16:00:00,0.16285866958207137
2023-02-02 17:00:00,0.164382057092693
2023-02-02 18:00:00,0.17768436824279282
2023-02-02 19:00:00,0.16504784779014428
2023-02-02 20:00:00,0.17630871273767745
2023-02-02 21:00:00,0.1619068399173844
2023-02-02 22:00:00,0.16706151019033968
2023-02-02 23:00:00,0.15664330115232764
2023-02-03 00:00:00,0.142540218374016
2023-02-03 01:00:00,0.14820897880780162
2023-02-03 02:00:00,0.13678394317904036
2023-02-03 03:00:00,0.1520903614224131
2023-02-03 04:00:00,0.15103909315887387
2023-02-03 05:00:00,0.14933301731356963
2023-02-03 06:00:00,0.16070787542331777
2023-02-03 07:00:00,0.15309115271267526
2023-02-03 08:00:00,0.15588448448165737
2023-02-03 09:00:00,0.15560992659080677
2023-02-03 10:00:00,0.15250750195870544
2023-02-03 11:00:00,0.14564669920257908
2023-02-03 12:00:00,0.15370144181884882
2023-02-03 13:00:00,0.14511632445281755
2023-02-03 14:00:00,0.14999814053167165
2023-02-03 15:00:00,0.1505084531293368
2023-02-03 16:00:00,0.152135367938221
2023-02-03 17:00:00,0.17147080083372845
2023-02-03 18:00:00,0.16769704611752445
2023-02-03 19:00:00,0.17966035741422054
2023-02-03 20:00:00,0.17040161833432332
2023-02-03 21:00:00,0.17999558613211414
2023-02-03 22:00:00,0.1655883512184792
2023-02-03 23:00:00,0.1532850333448625
2023-02-04 00:00:00,0.13152539685245893
2023-02-04 01:00:00,0.12137236778467604
2023-02-04 02:00:00,0.129245922676515
2023-02-04 03:00:00,0.1293525976014289
2023-02-04 04:00:00,0.13269823574424028
2023-02-04 05:00:00,0.1418775612501982
2023-02-04 06:00:00,0.1436922352013021
2023-02-04 07:00:00,0.14506623858885856
2023-02-04 08:00:00,0.13673261810815426
2023-02-04 09:00:00,0.13885264373060793
2023-02-04 10:00:00,0.1395388458310469
2023-02-04 11:00:00,0.1363963492877636
2023-02-04 12:00:00,0.12693500786000259
2023-02-04 13:00:00,0.1434689798325588
2023-02-04 14:00:00,0.1408175859661551
2023-02-04 15:00:00,0.14137080156336762
2023-02-04 16:00:00,0.14659856874738234
2023-02-04 17:00:00,0.1540594691922656
2023-02-04 18:00:00,0.15749872869451217
2023-02-04 19:00:00,0.1653909302372422
2023-02-04 20:00:00,0.16353195622920114
2023-02-04 21:00:00,0.14885040325855195
2023-02-04 22:00:00,0.1477024196938301
2023-02-04 23:00:00,0.13697996914438135
2023-02-05 00:00:00,0.11566782567479862
2023-02-05 01:00:00,0.12130202261810721
2023-02-05 02:00:00,0.12446049811605632
2023-02-05 03:00:00,0.1377919837195363
2023-02-05 04:00:00,0.13416090096024072
2023-02-05 05:00:00,0.12883838590416494
2023-02-05 06:00:00,0.14245995613449125
2023-02-05 07:00:00,0.13588610033004161
2023-02-05 08:00:00,0.15042051055873112
2023-02-05 09:00:00,0.14129725194791587
2023-02-05 10:00:00,0.13968420955532965
2023-02-05 11:00:00,0.14255847065409127
2023-02-05 12:00:00,0.12615020864045096
2023-02-05 13:00:00,0.12442500552910173
2023-02-05 14:00:00,0.1303176190581572
2023-02-05 15:00:00,0.14355210421650177
2023-02-05 16:00:00,0.1386416540635794
2023-02-05 17:00:00,0.1409597360512185
2023-02-05 18:00:00,0.16000252670257833
2023-02-05 19:00:00,0.16776223164420248
2023-02-05 20:00:00,0.16824450227718152
2023-02-05 21:00:00,0.15274339932553307
2023-02-05 22:00:00,0.14397440457202562
2023-02-05 23:00:00,0.14352576805978381
2023-02-06 00:00:00,0.1308581549657085
2023-02-06 01:00:00,0.13866134379608966
2023-02-06 02:00:00,0.14248064523278983
2023-02-06 03:00:00,0.1455996390392605
2023-02-06 04:00:00,0.14382910187161752
2023-02-06 05:00:00,0.15068799880819359
2023-02-06 06:00:00,0.14258813792033811
2023-02-06 07:00:00,0.15533137821306417
2023-02-06 08:00:00,0.16227459885206807
2023-02-06 09:00:00,0.1537414050357319
2023-02-06 10:00:00,0.1554473116069735
2023-02-06 11:00:00,0.15316384992039384
2023-02-06 12:00:00,0.14587328047908335
2023-02-06 13:00:00,0.14726291530964955
2023-02-06 14:00:00,0.14342195286346418
2023-02-06 15:00:00,0.15232715356292498
2023-02-06 16:00:00,0.1642894652889097
2023-02-06 17:00:00,0.1709053788466135
2023-02-06 18:00:00,0.17432566464680366
2023-02-06 19:00:00,0.18112460966610186
2023-02-06 20:00:00,0.18081624248167047
2023-02-06 21:00:00,0.1598094997430727
2023-02-06 22:00:00,0.16682690793238508
2023-02-06 23:00:00,0.15107499069509972
2023-02-07 00:00:00,0.14233431313038675
2023-02-07 01:00:00,0.14659018229023085
2023-02-07 02:00:00,0.1346701572970122
2023-02-07 03:00:00,0.1398063404206976
2023-02-07 04:00:00,0.1449353918581934
2023-02-07 05:00:00,0.14659702614404221
2023-02-07 06:00:00,0.1637044575665871
2023-02-07 07:00:00,0.15433875980559947
2023-02-07 08:00:00,0.1572293213918614
2023-02-07 09:00:00,0.15967482036502015
2023-02-07 10:00:00,0.14914164286864506
2023-02-07 11:00:00,0.14895108385759903
2023-02-07 12:00:00,0.14917329278962305
2023-02-07 13:00:00,0.14474629443275414
2023-02-07 14:00:00,0.1477686813953875
2023-02-07 15:00:00,0.15071354939916334
2023-02-07 16:00:00,0.15366603289505976
2023-02-07 17:00:00,0.17172848009846753
2023-02-07 18:00:00,0.18603298635285953
2023-02-07 19:00:00,0.18009553579856508
2023-02-07 20:00:00,0.17836951411472513
2023-02-07 21:00:00,0.1735228199115444
2023-02-07 22:00:00,0.1546848851248721
2023-02-07 23:00:00,0.16126883767915312
2023-02-08 00:00:00,0.1412185074462996
2023-02-08 01:00:00,0.14876323216745024
2023-02-08 02:00:00,0.1378633608055446
2023-02-08 03:00:00,0.15244385504562444
2023-02-08 04:00:00,0.15025391280774586
2023-02-08 05:00:00,0.15328099417892616
2023-02-08 06:00:00,0.1561998969591688
2023-02-08 07:00:00,0.15737997718436117
2023-02-08 08:00:00,0.1660097135816651
2023-02-08 09:00:00,0.1593546745562455
2023-02-08 10:00:00,0.14531704198108975
2023-02-08 11:00:00,0.14534355510784533
2023-02-08 12:00:00,0.14665679772240844
2023-02-08 13:00:00,0.14796059137049447
2023-02-08 14:00:00,0.14795267324538777
2023-02-08 15:00:00,0.1594550639103735
2023-02-08 16:00:00,0.15148287512077047
2023-02-08 17:00:00,0.17083845372429715
2023-02-08 18:00:00,0.16816842486768754
2023-02-08 19:00:00,0.18380208912206872
2023-02-08 20:00:00,0.17677089995627737
2023-02-08 21:00:00,0.1721572559960807
2023-02-08 22:00:00,0.15671212280465677
2023-02-08 23:00:00,0.15915358904679386
2023-02-09 00:00:00,0.14541548678447985
2023-02-09 01:00:00,0.14352166918706416
2023-02-09 02:00:00,0.14088093954884734
2023-02-09 03:00:00,0.14625283185931098
2023-02-09 04:00:00,0.1428436724976352
2023-02-09 05:00:00,0.15479357204476793
2023-02-09 06:00:00,0.16327717915902268
2023-02-09 07:00:00,0.16397567307462935
2023-02-09 08:00:00,0.15635904294025868
2023-02-09 09:00:00,0.1604599617933708
2023-02-09 10:00:00,0.14868668278023228
2023-02-09 11:00:00,0.15379143897225872
2023-02-09 12:00:00,0.14983904354768487
2023-02-09 13:00:00,0.13706151475700587
2023-02-09 14:00:00,0.14242669647032544
2023-02-09 15:00:00,0.15194451547768636
2023-02-09 16:00:00,0.15973408570525946
2023-02-09 17:00:00,0.1640731293646773
2023-02-09 18:00:00,0.17920321464138425
2023-02-09 19:00:00,0.18126089568935044
2023-02-09 20:00:00,0.1762718478685948
2023-02-09 21:00:00,0.16628024863516827
2023-02-09 22:00:00,0.16627507323968843
2023-02-09 23:00:00,0.16103329995394658
2023-02-10 00:00:00,0.1377890560449529
2023-02-10 01:00:00,0.1375431130862306
2023-02-10 02:00:00,0.14398456411022453
2023-02-10 03:00:00,0.14156339853410038
2023-02-10 04:00:00,0.14568114933425577
2023-02-10 05:00:00,0.15421405950828773
2023-02-10 06:00:00,0.1454829942498666
2023-02-10 07:00:00,0.16521413189899678
2023-02-10 08:00:00,0.16037045791094245
2023-02-10 09:00:00,0.15659540948419437
2023-02-10 10:00:00,0.15470621972791826
2023-02-10 11:00:00,0.15074163419148295
2023-02-10 12:00:00,0.13893001996614757
2023-02-10 13:00:00,0.15388528759193287
2023-02-10 14:00:00,0.14844224385124033
2023-02-10 15:00:00,0.15557522061364207
2023-02-10 16:00:00,0.1659961332938338
2023-02-10 17:00:00,0.16501470175396984
2023-02-10 18:00:00,0.17962568048979946
2023-02-10 19:00:00,0.1786653221901539
2023-02-10 20:00:00,0.18147704740456985
2023-02-10 21:00:00,0.1594230690342026
2023-02-10 22:00:00,0.16053606610639926
2023-02-10 23:00:00,0.14974216110958527
2023-02-11 00:00:00,0.12736817821735635
2023-02-11 01:00:00,0.12795416860884573
2023-02-11 02:00:00,0.12299039630905441
2023-02-11 03:00:00,0.12479267611195512
2023-02-11 04:00:00,0.13082480849478528
2023-02-11 05:00:00,0.13103258261308834
2023-02-11 06:00:00,0.1442396931646637
2023-02-11 07:00:00,0.1417765842724962
2023-02-11 08:00:00,0.13047211419268753
2023-02-11 09:00:00,0.14177876492389624
2023-02-11 10:00:00,0.13495967139480564
2023-02-11 11:00:00,0.1277731083390756
2023-02-11 12:00:00,0.12639889329225934
2023-02-11 13:00:00,0.13195763881383155
2023-02-11 14:00:00,0.13987881983112838
2023-02-11 15:00:00,0.1399261323307301
2023-02-11 16:00:00,0.1432058674998849
2023-02-11 17:00:00,0.15740003501762487
2023-02-11 18:00:00,0.1599628694435284
2023-02-11 19:00:00,0.16153052579883215
2023-02-11 20:00:00,0.15647138018732246
2023-02-11 21:00:00,0.14630006210220148
2023-02-11 22:00:00,0.14408191907480838
2023-02-11 23:00:00,0.13854653183810572
2023-02-12 00:00:00,0.12472374511411113
2023-02-12 01:00:00,0.12352411303226793
2023-02-12 02:00:00,0.12179979547968063
2023-02-12 03:00:00,0.13139477639126018
2023-02-12 04:00:00,0.124792475737839
2023-02-12 05:00:00,0.13939593331888175
2023-02-12 06:00:00,0.13501868959276944
2023-02-12 07:00:00,0.13986044408796827
2023-02-12 08:00:00,0.13767312933621736
2023-02-12 09:00:00,0.14114586447257707
2023-02-12 10:00:00,0.1450289527914154
2023-02-12 11:00:00,0.13850762785860013
2023-02-12 12:00:00,0.13747813704351236
2023-02-12 13:00:00,0.13402130918433636
2023-02-12 14:00:00,0.1277172665472354
2023-02-12 15:00:00,0.1367062638397674
2023-02-12 16:00:00,0.14233738879537627
2023-02-12 17:00:00,0.16177338856196655
2023-02-12 18:00:00,0.15627437776249178
2023-02-12 19:00:00,0.16947201609159343
2023-02-12 20:00:00,0.16670796287903122
2023-02-12 21:00:00,0.16420730714454052
2023-02-12 22:00:00,0.14398310464445813
2023-02-12 23:00:00,0.1413178751864059
2023-02-13 00:00:00,0.15161512264687982
2023-02-13 01:00:00,0.13751573928733624
2023-02-13 02:00:00,0.13385332454550275
2023-02-13 03:00:00,0.1339534952632965
2023-02-13 04:00:00,0.14994169548187858
2023-02-13 05:00:00,0.14110004270937146
2023-02-13 06:00:00,0.15316817942271344
2023-02-13 07:00:00,0.16080918620992823
2023-02-13 08:00:00,0.1609329329734453
2023-02-13 09:00:00,0.16078009952792613
2023-02-13 10:00:00,0.1562638397780298
2023-02-13 11:00:00,0.15732381648294733
2023-02-13 12:00:00,0.1428244445796782
2023-02-13 13:00:00,0.14302562076237404
2023-02-13 14:00:00,0.14437231846353313
2023-02-13 15:00:00,0.15751116902071827
2023-02-13 16:00:00,0.1657403773829389
2023-02-13 17:00:00,0.1723766406383639
2023-02-13 18:00:00,0.18317578932907297
2023-02-13 19:00:00,0.174113323307766
2023-02-13 20:00:00,0.18557931408624306
2023-02-13 21:00:00,0.1776753992445214
2023-02-13 22:00:00,0.16470964759383433
2023-02-13 23:00:00,0.1616652589323604
2023-02-14 00:00:00,0.1319237474257967
2023-02-14 01:00:00,0.13798170699069146
2023-02-14 02:00:00,0.1378520084797548
2023-02-14 03:00:00,0.14696094205162205
2023-02-14 04:00:00,0.1411274316395612
2023-02-14 05:00:00,0.15430326949635179
2023-02-14 06:00:00,0.16188245540738663
2023-02-14 07:00:00,0.1620986347751534
2023-02-14 08:00:00,0.16142581040760323
2023-02-14 09:00:00,0.15371350850250154
2023-02-14 10:00:00,0.1509181356683987
2023-02-14 11:00:00,0.1571775819428637
2023-02-14 12:00:00,0.15148277150289885
2023-02-14 13:00:00,0.14621549885777899
2023-02-14 14:00:00,0.14614606796105778
2023-02-14 15:00:00,0.1432311705958483
2023-02-14 16:00:00,0.1558841223475414
2023-02-14 17:00:00,0.17967760947746997
2023-02-14 18:00:00,0.170856043139611
2023-02-14 19:00:00,0.18095092675075328
2023-02-14 20:00:00,0.18228041339446338
2023-02-14 21:00:00,0.16378459279594862
2023-02-14 22:00:00,0.16195508998151104
2023-02-14 23:00:00,0.15744584207605836
2023-02-15 00:00:00,0.14026936007372184
2023-02-15 01:00:00,0.15494596295033855
2023-02-15 02:00:00,0.13318552948877357
2023-02-15 03:00:00,0.14864718808225472
2023-02-15 04:00:00,0.1455141266505896
2023-02-15 05:00:00,0.15437539452384774
2023-02-15 06:00:00,0.15723631044589928
2023-02-15 07:00:00,0.15495683928918344
2023-02-15 08:00:00,0.16115203725159244
2023-02-15 09:00:00,0.14936336795001384
2023-02-15 10:00:00,0.15816862800188247
2023-02-15 11:00:00,
2023-02-15 12:00:00,0.1507793273265877
2023-02-15 13:00:00,0.15170118808010244
2023-02-15 14:00:00,0.1500737148909358
2023-02-15 15:00:00,0.15410065706039658
2023-02-15 16:00:00,0.1568330427576571
2023-02-15 17:00:00,0.16655941022352608
2023-02-15 18:00:00,0.18319199409550999
2023-02-15 19:00:00,0.18718520467317779
2023-02-15 20:00:00,0.1760526413469271
2023-02-15 21:00:00,0.17028921987222648
2023-02-15 22:00:00,0.15650846573263677
2023-02-15 23:00:00,0.15862004861484233
2023-02-16 00:00:00,0.14353394758264448
2023-02-16 01:00:00,0.15031003485432345
2023-02-16 02:00:00,0.13713691039726586
2023-02-16 03:00:00,0.14146350593774423
2023-02-16 04:00:00,0.1475353649501998
2023-02-16 05:00:00,0.15374824143829321
2023-02-16 06:00:00,0.1539514364996649
2023-02-16 07:00:00,0.15425781482246492
2023-02-16 08:00:00,0.1644140929339136
2023-02-16 09:00:00,0.1622585520197332
2023-02-16 10:00:00,0.1505710199962069
2023-02-16 11:00:00,0.15770670142190782
2023-02-16 12:00:00,0.1534370200293552
2023-02-16 13:00:00,0.14708207894090566
2023-02-16 14:00:00,0.14863360500176742
2023-02-16 15:00:00,0.15613049881698474
2023-02-16 16:00:00,0.1569298690896823
2023-02-16 17:00:00,0.17027067143759175
2023-02-16 18:00:00,0.16649640327157741
2023-02-16 19:00:00,0.18438580587216258
2023-02-16 20:00:00,0.16943572741627808
2023-02-16 21:00:00,0.17757630527810508
2023-02-16 22:00:00,0.15938093713777335
2023-02-16 23:00:00,0.15169792947884922
2023-02-17 00:00:00,0.13706819393376307
2023-02-17 01:00:00,0.13916375330239433
2023-02-17 02:00:00,0.14862118250890474
2023-02-17 03:00:00,0.13091450215015993
2023-02-17 04:00:00,0.15276296226801286
2023-02-17 05:00:00,0.1522059111551729
2023-02-17 06:00:00,0.14899466644811699
2023-02-17 07:00:00,0.15324605830948723
2023-02-17 08:00:00,0.16838902042533674
2023-02-17 09:00:00,0.15392534080729162
2023-02-17 10:00:00,0.14938563794604573
2023-02-17 11:00:00,0.156616060128204
2023-02-17 12:00:00,0.14927879086480175
2023-02-17 13:00:00,0.1417209685719847
2023-02-17 14:00:00,0.14931874056691033
2023-02-17 15:00:00,0.1482314465432038
2023-02-17 16:00:00,0.16674249143307662
2023-02-17 17:00:00,0.175427368866137
2023-02-17 18:00:00,0.17991835198873304
2023-02-17 19:00:00,0.18181183295088296
2023-02-17 20:00:00,0.18604913415282426
2023-02-17 21:00:00,0.17005763777290123
2023-02-17 22:00:00,0.1551221669805016
2023-02-17 23:00:00,0.15500363395266661
2023-02-18 00:00:00,0.13563709871187116
2023-02-18 01:00:00,0.12053015020607546
2023-02-18 02:00:00,0.12472121194969461
2023-02-18 03:00:00,0.1304357756233426
2023-02-18 04:00:00,0.13110861109254324
2023-02-18 05:00:00,0.1306042758477778
2023-02-18 06:00:00,0.14563906396855542
2023-02-18 07:00:00,0.15522282388481973
2023-02-18 08:00:00,0.14598771258441529
2023-02-18 09:00:00,0.13913253375832527
2023-02-18 10:00:00,0.13240758787375811
2023-02-18 11:00:00,0.13721936732248624
2023-02-18 12:00:00,0.13810541319995348
2023-02-18 13:00:00,0.1337864351871436
2023-02-18 14:00:00,0.13322359648529297
2023-02-18 15:00:00,0.13541385170245865
2023-02-18 16:00:00,0.14077756627737315
2023-02-18 17:00:00,0.15929427067339577
2023-02-18 18:00:00,0.16682717910155126
2023-02-18 19:00:00,0.15727487871119422
2023-02-18 20:00:00,0.1701923884193908
2023-02-18 21:00:00,0.1579295622404301
2023-02-18 22:00:00,0.1530295108333346
2023-02-18 23:00:00,0.1310456256460795
2023-02-19 00:00:00,0.11837774268710839
2023-02-19 01:00:00,0.12485910112316824
2023-02-19 02:00:00,0.1290424479176405
2023-02-19 03:00:00,0.13733534954747015
2023-02-19 04:00:00,0.1349085299066476
2023-02-19 05:00:00,0.1343023873656042
2023-02-19 06:00:00,0.1348979286490736
2023-02-19 07:00:00,0.14977262313832918
2023-02-19 08:00:00,0.14018352816054216
2023-02-19 09:00:00,0.15179521798086687
2023-02-19 10:00:00,0.13873046725099294
2023-02-19 11:00:00,0.1438823977794696
2023-02-19 12:00:00,0.13598068293366858
2023-02-19 13:00:00,0.13072561900745439
2023-02-19 14:00:00,0.1306386338307566
2023-02-19 15:00:00,0.1366556705746748
2023-02-19 16:00:00,0.14837996790283978
2023-02-19 17:00:00,0.15550629652285994
2023-02-19 18:00:00,0.1592892639542798
2023-02-19 19:00:00,0.1641753705930597
2023-02-19 20:00:00,0.16263607867708313
2023-02-19 21:00:00,0.144415535663886
2023-02-19 22:00:00,0.1483223781815491
2023-02-19 23:00:00,0.13285765826492105
2023-02-20 00:00:00,0.13444020144815688
2023-02-20 01:00:00,0.13216722593645117
2023-02-20 02:00:00,0.1325590632938251
2023-02-20 03:00:00,0.13657630791727388
2023-02-20 04:00:00,0.14283303054941948
2023-02-20 05:00:00,0.16028208943729721
2023-02-20 06:00:00,0.15240037630792705
2023-02-20 07:00:00,0.15951137080607358
2023-02-20 08:00:00,0.16200946222182738
2023-02-20 09:00:00,0.15930820113808453
2023-02-20 10:00:00,0.15476517319539554
2023-02-20 11:00:00,0.14495301859838414
2023-02-20 12:00:00,0.15484066422476825
2023-02-20 13:00:00,0.15544657967285613
2023-02-20 14:00:00,0.13982232221927382
2023-02-20 15:00:00,0.14824006700697331
2023-02-20 16:00:00,0.15983933272907855
2023-02-20 17:00:00,0.16529782506722038
2023-02-20 18:00:00,0.17978814876190266
2023-02-20 19:00:00,0.1763621666326148
2023-02-20 20:00:00,0.1880684738675204
2023-02-20 21:00:00,0.1760119491076781
2023-02-20 22:00:00,0.16209440776076667
2023-02-20 23:00:00,0.15789119570510377
2023-02-21 00:00:00,0.14573636558597214
2023-02-21 01:00:00,0.1377842102317135
2023-02-21 02:00:00,0.13744743956045472
2023-02-21 03:00:00,0.14374426074768357
2023-02-21 04:00:00,0.15068631596006166
2023-02-21 05:00:00,0.15121109574293146
2023-02-21 06:00:00,0.14714479227644808
2023-02-21 07:00:00,0.1546084980549792
2023-02-21 08:00:00,0.15963719097132384
2023-02-21 09:00:00,0.15827454718537612
2023-02-21 10:00:00,0.16501510138297457
2023-02-21 11:00:00,0.14399954770438536
2023-02-21 12:00:00,0.15011397269255156
2023-02-21 13:00:00,0.15385616199630814
2023-02-21 14:00:00,0.1595928644170012
2023-02-21 15:00:00,0.1513382228454854
2023-02-21 16:00:00,0.16369553170456458
2023-02-21 17:00:00,0.17296931582776456
2023-02-21 18:00:00,0.1782357296523898
2023-02-21 19:00:00,0.17950930163845136
2023-02-21 20:00:00,0.17942307047598763
2023-02-21 21:00:00,0.15739797570986166
2023-02-21 22:00:00,0.16444188505791876
2023-02-21 23:00:00,0.15338715390681493
2023-02-22 00:00:00,0.13909448898029428
2023-02-22 01:00:00,0.1508382586506025
2023-02-22 02:00:00,0.1381538556892118
2023-02-22 03:00:00,0.14133816548751016
2023-02-22 04:00:00,0.1563359018485956
2023-02-22 05:00:00,0.14635548722541508
2023-02-22 06:00:00,0.15227919827272038
2023-02-22 07:00:00,0.15788749315757916
2023-02-22 08:00:00,0.1642107276999435
2023-02-22 09:00:00,0.15969188774377183
2023-02-22 10:00:00,0.1486892637632642
2023-02-22 11:00:00,0.1482686446007444
2023-02-22 12:00:00,0.14454925431731114
2023-02-22 13:00:00,0.14602449122855146
2023-02-22 14:00:00,0.15036483398303638
2023-02-22 15:00:00,0.15545123874084507
2023-02-22 16:00:00,0.15235832567072158
2023-02-22 17:00:00,0.17544021897957562
2023-02-22 18:00:00,0.17852116522460645
2023-02-22 19:00:00,0.18692618788261742
2023-02-22 20:00:00,0.17946418516494075
2023-02-22 21:00:00,0.1755658209246389
2023-02-22 22:00:00,0.16336426416485625
2023-02-22 23:00:00,0.15948739316951882
2023-02-23 00:00:00,0.1428181166442745
2023-02-23 01:00:00,0.1401143714397902
2023-02-23 02:00:00,0.15289069938539895
2023-02-23 03:00:00,0.14779873104423477
2023-02-23 04:00:00,0.149246857442594
2023-02-23 05:00:00,0.14413427166697268
2023-02-23 06:00:00,0.14858823660008538
2023-02-23 07:00:00,0.1600861976854427
2023-02-23 08:00:00,0.16073466127813693
2023-02-23 09:00:00,0.15558226238196368
2023-02-23 10:00:00,0.1558573039970858
2023-02-23 11:00:00,0.15887262205659833
2023-02-23 12:00:00,0.15106303885612368
2023-02-23 13:00:00,0.140705553905903
2023-02-23 14:00:00,0.14767807155417254
2023-02-23 15:00:00,0.1493353775571424
2023-02-23 16:00:00,0.15929988485892077
2023-02-23 17:00:00,0.16805243571362313
2023-02-23 18:00:00,0.1748700930816033
2023-02-23 19:00:00,0.17372785078478092
2023-02-23 20:00:00,0.17660492012089643
2023-02-23 21:00:00,0.16725616795172354
2023-02-23 22:00:00,0.14638429415759427
2023-02-23 23:00:00,0.16302112451101342
2023-02-24 00:00:00,0.14565071173526895
2023-02-24 01:00:00,0.13872244404737974
2023-02-24 02:00:00,0.14162262103186754
2023-02-24 03:00:00,0.1374952736962475
2023-02-24 04:00:00,0.15485674972662627
2023-02-24 05:00:00,0.16000223722352994
2023-02-24 06:00:00,0.1558132433286357
2023-02-24 07:00:00,0.16374027349566014
2023-02-24 08:00:00,0.16088348918396536
2023-02-24 09:00:00,0.15196924801262562
2023-02-24 10:00:00,0.15309327365420722
2023-02-24 11:00:00,0.15158912725024012
2023-02-24 12:00:00,0.14531328788965497
2023-02-24 13:00:00,0.1453173300674915
2023-02-24 14:00:00,0.14777861790234167
2023-02-24 15:00:00,0.1529558174720779
2023-02-24 16:00:00,0.161499676893451
2023-02-24 17:00:00,0.16481748870978832
2023-02-24 18:00:00,0.17367324024898365
2023-02-24 19:00:00,0.17358060631614805
2023-02-24 20:00:00,0.1821322712769184
2023-02-24 21:00:00,0.15953097142675848
2023-02-24 22:00:00,0.16679948932419023
2023-02-24 23:00:00,0.1596880113748193
2023-02-25 00:00:00,0.12369596052927247
2023-02-25 01:00:00,0.11258826223286823
2023-02-25 02:00:00,0.12472197297332809
2023-02-25 03:00:00,0.12803262462639123
2023-02-25 04:00:00,0.12632514423792734
2023-02-25 05:00:00,0.13293970178062317
2023-02-25 06:00:00,0.14768075068171982
2023-02-25 07:00:00,0.14694725608624215
2023-02-25 08:00:00,0.14038423471740524
2023-02-25 09:00:00,0.1356648793590281
2023-02-25 10:00:00,0.13851730391097664
2023-02-25 11:00:00,0.13486220351962813
2023-02-25 12:00:00,0.13506702242018878
2023-02-25 13:00:00,0.1287340128918284
2023-02-25 14:00:00,0.13579311356669654
2023-02-25 15:00:00,0.14803598016170633
2023-02-25 16:00:00,0.15031588955318492
2023-02-25 17:00:00,0.15488007150511748
2023-02-25 18:00:00,0.16134256863935686
2023-02-25 19:00:00,0.16322016197374853
2023-02-25 20:00:00,0.1681463980907481
2023-02-25 21:00:00,0.15192263890620356
2023-02-25 22:00:00,0.14625765115260553
2023-02-25 23:00:00,0.1380122538979105
2023-02-26 00:00:00,0.12269794250012792
2023-02-26 01:00:00,0.11874161993258422
2023-02-26 02:00:00,0.12814339830125288
2023-02-26 03:00:00,0.12804852557355842
2023-02-26 04:00:00,0.13387933768475477
2023-02-26 05:00:00,0.13284779221746854
2023-02-26 06:00:00,0.1461338811814683
2023-02-26 07:00:00,0.13923875136867422
2023-02-26 08:00:00,0.1535672567093852
2023-02-26 09:00:00,0.13491469265786396
2023-02-26 10:00:00,0.14232624082180995
2023-02-26 11:00:00,0.13830664082901345
2023-02-26 12:00:00,0.12860824114366778
2023-02-26 13:00:00,0.13353256614397174
2023-02-26 14:00:00,0.13963320903868803
2023-02-26 15:00:00,0.12727611576463488
2023-02-26 16:00:00,0.14875210847841766
2023-02-26 17:00:00,0.14265415994012096
2023-02-26 18:00:00,0.1574299969770073
2023-02-26 19:00:00,0.1731493594691526
2023-02-26 20:00:00,0.1593342833615271
2023-02-26 21:00:00,0.1491898063139152
2023-02-26 22:00:00,0.1450418489626822
2023-02-26 23:00:00,0.14809579607932283
2023-02-27 00:00:00,0.13104845222815548
2023-02-27 01:00:00,0.135347398113808
2023-02-27 02:00:00,0.1490156841990627
2023-02-27 03:00:00,0.15264205715052398
2023-02-27 04:00:00,0.1458609792161205
2023-02-27 05:00:00,0.14432053023703115
2023-02-27 06:00:00,0.16550899219644885
2023-02-27 07:00:00,0.1665948322334794
2023-02-27 08:00:00,0.1634017902281069
2023-02-27 09:00:00,0.15459086346231818
2023-02-27 10:00:00,0.15490724379483534
2023-02-27 11:00:00,0.1501276870111562
2023-02-27 12:00:00,0.14924028300645006
2023-02-27 13:00:00,0.1536656036453234
2023-02-27 14:00:00,0.15263270089557426
2023-02-27 15:00:00,0.1479733295764814
2023-02-27 16:00:00,0.16812086669106127
2023-02-27 17:00:00,0.17168617474183712
2023-02-27 18:00:00,0.1806936499739179
2023-02-27 19:00:00,0.1873362319410409
2023-02-27 20:00:00,0.17168529228091964
2023-02-27 21:00:00,0.1698800782424278
2023-02-27 22:00:00,0.15837426485080952
2023-02-27 23:00:00,0.1449169672616778
2023-02-28 00:00:00,0.1419404133522102
2023-02-28 01:00:00,0.1531617304299268
2023-02-28 02:00:00,0.1323281370606358
2023-02-28 03:00:00,0.14319214237758798
2023-02-28 04:00:00,0.1495808500129458
2023-02-28 05:00:00,0.15113118475794526
2023-02-28 06:00:00,0.15446413442482435
2023-02-28 07:00:00,0.1521265384575043
2023-02-28 08:00:00,0.16117098900399654
2023-02-28 09:00:00,0.15486905532192563
2023-02-28 10:00:00,0.14420278197413275
2023-02-28 11:00:00,0.156902448518949
2023-02-28 12:00:00,0.1523779555825824
2023-02-28 13:00:00,0.1466689013389221
2023-02-28 14:00:00,0.14938098913091577
2023-02-28 15:00:00,0.15873180002498302
2023-02-28 16:00:00,0.162360082724854
2023-02-28 17:00:00,0.17464060181557792
2023-02-28 18:00:00,0.17577090999025408
2023-02-28 19:00:00,0.18656344633751762
2023-02-28 20:00:00,0.1788471221581508
2023-02-28 21:00:00,0.17102946585398945
2023-02-28 22:00:00,0.15468123216404545
2023-02-28 23:00:00,0.15419104366001363
2023-03-01 00:00:00,0.13604708887671335
2023-03-01 01:00:00,0.13741253403936224
2023-03-01 02:00:00,0.13745164764158394
2023-03-01 03:00:00,0.1380223707733392
2023-03-01 04:00:00,0.15700199235265674
2023-03-01 05:00:00,0.15717248905960637
2023-03-01 06:00:00,0.16463161219812436
2023-03-01 07:00:00,0.1525081451769556
2023-03-01 08:00:00,0.1603633240388502
2023-03-01 09:00:00,0.1521853370809848
2023-03-01 10:00:00,0.1516739161130402
2023-03-01 11:00:00,0.14633885249929748
2023-03-01 12:00:00,0.15378394651558
2023-03-01 13:00:00,0.1444294480641579
2023-03-01 14:00:00,0.15357751235835732
2023-03-01 15:00:00,0.15638081440934778
2023-03-01 16:00:00,0.17275657820148754
2023-03-01 17:00:00,0.1627232929260727
2023-03-01 18:00:00,0.18355448719355733
2023-03-01 19:00:00,0.18573573199665153
2023-03-01 20:00:00,0.17237629933835222
2023-03-01 21:00:00,0.1750948728183259
2023-03-01 22:00:00,0.16271226242273676
2023-03-01 23:00:00,0.15161888308873805
2023-03-02 00:00:00,0.1360871860293256
2023-03-02 01:00:00,0.13700840041475879
2023-03-02 02:00:00,0.15177758626209417
2023-03-02 03:00:00,0.14335695952762273
2023-03-02 04:00:00,0.15028878534522924
2023-03-02 05:00:00,0.1465612968413266
2023-03-02 06:00:00,0.15113050995629487
2023-03-02 07:00:00,0.16403254432098313
2023-03-02 08:00:00,0.15325917423153806
2023-03-02 09:00:00,0.15657680636747892
2023-03-02 10:00:00,0.15532252755438666
2023-03-02 11:00:00,0.15148635042558062
2023-03-02 12:00:00,0.1466905600582914
2023-03-02 13:00:00,0.14838969536014632
2023-03-02 14:00:00,0.1516998944689763
2023-03-02 15:00:00,0.15703339768870186
2023-03-02 16:00:00,0.15630936539762444
2023-03-02 17:00:00,0.16869973855212736
2023-03-02 18:00:00,0.183232135304008
2023-03-02 19:00:00,0.18447676358251724
2023-03-02 20:00:00,0.17037889627108208
2023-03-02 21:00:00,0.1718166056377211
2023-03-02 22:00:00,0.15114041136073156
2023-03-02 23:00:00,0.15299093889880694
2023-03-03 00:00:00,0.14969569854791548
2023-03-03 01:00:00,0.13586448408565976
2023-03-03 02:00:00,0.13735691055570665
2023-03-03 03:00:00,0.14717369434069963
2023-03-03 04:00:00,0.1386641277615237
2023-03-03 05:00:00,0.14735201860023917
2023-03-03 06:00:00,0.15801198037531183
2023-03-03 07:00:00,0.1554511910362864
2023-03-03 08:00:00,0.15882720535324088
2023-03-03 09:00:00,0.16237380375858046
2023-03-03 10:00:00,0.15726012091670832
2023-03-03 11:00:00,0.15226357939785737
2023-03-03 12:00:00,0.145890415087022
2023-03-03 13:00:00,0.14826090203101147
2023-03-03 14:00:00,0.14761695228938845
2023-03-03 15:00:00,0.1556492380110341
2023-03-03 16:00:00,0.15875372431537368
2023-03-03 17:00:00,0.16920766916987362
2023-03-03 18:00:00,0.17230853203186325
2023-03-03 19:00:00,0.1798284895946167
2023-03-03 20:00:00,0.17318818921034315
2023-03-03 21:00:00,0.16448897388515013
2023-03-03 22:00:00,0.16232484334688255
2023-03-03 23:00:00,0.1538199632677934
2023-03-04 00:00:00,0.12912123213892845
2023-03-04 01:00:00,0.12344831982412922
2023-03-04 02:00:00,0.1285687900173483
2023-03-04 03:00:00,0.13110753329420366
2023-03-04 04:00:00,0.1336020043767299
2023-03-04 05:00:00,0.13138752533565368
2023-03-04 06:00:00,0.140776592098759
2023-03-04 07:00:00,0.14544332175500674
2023-03-04 08:00:00,0.14504294762383546
2023-03-04 09:00:00,0.13322048691514984
2023-03-04 10:00:00,0.1409548386188929
2023-03-04 11:00:00,0.14699214261336654
2023-03-04 12:00:00,0.13078583013958728
2023-03-04 13:00:00,0.12777021096539007
2023-03-04 14:00:00,0.13510235848844424
2023-03-04 15:00:00,0.13992210101373806
2023-03-04 16:00:00,0.15220206026804567
2023-03-04 17:00:00,0.14883117326222692
2023-03-04 18:00:00,0.1659152222574983
2023-03-04 19:00:00,0.16795563795090518
2023-03-04 20:00:00,0.16153246084378464
2023-03-04 21:00:00,0.15675264272556852
2023-03-04 22:00:00,0.1511788250155974
2023-03-04 23:00:00,0.14211784128864732
2023-03-05 00:00:00,0.11949176690381694
2023-03-05 01:00:00,0.12970473860578213
2023-03-05 02:00:00,0.12620508275800194
2023-03-05 03:00:00,0.1287179159229129
2023-03-05 04:00:00,0.1317441202925804
2023-03-05 05:00:00,0.13476457880567308
2023-03-05 06:00:00,0.1459883121729384
2023-03-05 07:00:00,0.14320403047548738
2023-03-05 08:00:00,0.1394093246473799
2023-03-05 09:00:00,0.14168522592715663
2023-03-05 10:00:00,0.14104586408307787
2023-03-05 11:00:00,0.14207556133786559
2023-03-05 12:00:00,0.13560149990811637
2023-03-05 13:00:00,0.12715792006093146
2023-03-05 14:00:00,0.1456615652732817
2023-03-05 15:00:00,0.13968408651629508
2023-03-05 16:00:00,0.15261533813095868
2023-03-05 17:00:00,0.15436194187388522
2023-03-05 18:00:00,0.1649251172181506
2023-03-05 19:00:00,0.1692008701672399
2023-03-05 20:00:00,0.16833416708725865
2023-03-05 21:00:00,0.1603460476628512
2023-03-05 22:00:00,0.1503925226079705
2023-03-05 23:00:00,0.13618083073253454
2023-03-06 00:00:00,0.13734813325440529
2023-03-06 01:00:00,0.14226698522362569
2023-03-06 02:00:00,0.1461941661448699
2023-03-06 03:00:00,0.14223994192895228
2023-03-06 04:00:00,0.15170399516614386
2023-03-06 05:00:00,0.15777887747709526
2023-03-06 06:00:00,0.15044817009203595
2023-03-06 07:00:00,0.15443801675575203
2023-03-06 08:00:00,0.15930517999476906
2023-03-06 09:00:00,0.16019093854795124
2023-03-06 10:00:00,0.15252955543019026
2023-03-06 11:00:00,0.15769050081071606
2023-03-06 12:00:00,0.14970636079096444
2023-03-06 13:00:00,0.14660783169587038
2023-03-06 14:00:00,0.1410560680705446
2023-03-06 15:00:00,0.14678113087926767
2023-03-06 16:00:00,0.1626434306923726
2023-03-06 17:00:00,0.15945753591099715
2023-03-06 18:00:00,0.1823215080428437
2023-03-06 19:00:00,0.17921275842278628
2023-03-06 20:00:00,0.19345865837646106
2023-03-06 21:00:00,0.18159878738904064
2023-03-06 22:00:00,0.160124292261368
2023-03-06 23:00:00,0.15222457937584852
2023-03-07 00:00:00,0.14518477103419575
2023-03-07 01:00:00,0.1491198107215949
2023-03-07 02:00:00,0.13333838049598445
2023-03-07 03:00:00,0.13442166810606188
2023-03-07 04:00:00,0.14326796130980002
2023-03-07 05:00:00,0.1534294816655337
2023-03-07 06:00:00,0.15751414263994104
2023-03-07 07:00:00,0.16397147754965266
2023-03-07 08:00:00,0.1540085676474692
2023-03-07 09:00:00,0.14707215589216088
2023-03-07 10:00:00,0.15944246147553626
2023-03-07 11:00:00,0.14678850605155416
2023-03-07 12:00:00,0.137493587161429
2023-03-07 13:00:00,0.14713591518446362
2023-03-07 14:00:00,0.15220149413098064
2023-03-07 15:00:00,0.1527499243007988
2023-03-07 16:00:00,0.15894914251005113
2023-03-07 17:00:00,0.16932370288104182
2023-03-07 18:00:00,0.1754054071826194
2023-03-07 19:00:00,0.17326329208494706
2023-03-07 20:00:00,0.17366979014353523
2023-03-07 21:00:00,0.17266560566102918
2023-03-07 22:00:00,0.16263993031448812
2023-03-07 23:00:00,0.1535965634183392
2023-03-08 00:00:00,0.1352311210549187
2023-03-08 01:00:00,0.13969643186132638
2023-03-08 02:00:00,0.13064320055095027
2023-03-08 03:00:00,0.14424592875226228
2023-03-08 04:00:00,0.15352242387663978
2023-03-08 05:00:00,0.14314513308945384
2023-03-08 06:00:00,0.1521001363208143
2023-03-08 07:00:00,0.16026815416828408
2023-03-08 08:00:00,0.16627126846143314
2023-03-08 09:00:00,0.15641175212550454
2023-03-08 10:00:00,0.15169113885269603
2023-03-08 11:00:00,0.14108487170429992
2023-03-08 12:00:00,0.14810321712991273
2023-03-08 13:00:00,0.1566209766553854
2023-03-08 14:00:00,0.14962240799971063
2023-03-08 15:00:00,0.15324881506548663
2023-03-08 16:00:00,
2023-03-08 17:00:00,0.17006505402202832
2023-03-08 18:00:00,0.17319324913332268
2023-03-08 19:00:00,0.1841199272230364
2023-03-08 20:00:00,0.17837200114404617
2023-03-08 21:00:00,0.17014727239562838
2023-03-08 22:00:00,0.15615470747121435
2023-03-08 23:00:00,0.1592738040481789
2023-03-09 00:00:00,0.14353037719085115
2023-03-09 01:00:00,0.1378393434851682
2023-03-09 02:00:00,0.14653765005157424
2023-03-09 03:00:00,0.14086569124090928
2023-03-09 04:00:00,0.14246811787501676
2023-03-09 05:00:00,0.14671727816226293
2023-03-09 06:00:00,0.1461744319219626
2023-03-09 07:00:00,0.16098033217682445
2023-03-09 08:00:00,0.150851330897604
2023-03-09 09:00:00,0.15251065605067646
2023-03-09 10:00:00,0.14477445045363285
2023-03-09 11:00:00,0.1504991389524259
2023-03-09 12:00:00,0.1468344241820128
2023-03-09 13:00:00,0.1447771153887349
2023-03-09 14:00:00,0.14302272721653436
2023-03-09 15:00:00,0.147499041194222
2023-03-09 16:00:00,0.16356023375869647
2023-03-09 17:00:00,0.1673677543832289
2023-03-09 18:00:00,0.17884011260230404
2023-03-09 19:00:00,0.17557728421402677
2023-03-09 20:00:00,0.1781485072423428
2023-03-09 21:00:00,0.1765755963225404
2023-03-09 22:00:00,0.16396236660956953
2023-03-09 23:00:00,0.1506941952974227
2023-03-10 00:00:00,0.14149285831596523
2023-03-10 01:00:00,0.13940062179935364
2023-03-10 02:00:00,0.1415679267066382
2023-03-10 03:00:00,0.1417254901720928
2023-03-10 04:00:00,0.14555645930814498
2023-03-10 05:00:00,0.15157626051503525
2023-03-10 06:00:00,0.1500629811894933
2023-03-10 07:00:00,0.15354322613978352
2023-03-10 08:00:00,0.15306434252013967
2023-03-10 09:00:00,0.15065151968448673
2023-03-10 10:00:00,0.14906597703792313
2023-03-10 11:00:00,0.151726799950401
2023-03-10 12:00:00,0.14312208890591277
2023-03-10 13:00:00,0.14897866877582217
2023-03-10 14:00:00,0.14840918443365006
2023-03-10 15:00:00,0.14351768889421493
2023-03-10 16:00:00,0.16451326236207203
2023-03-10 17:00:00,0.17417450726972988
2023-03-10 18:00:00,0.17228900762044905
2023-03-10 19:00:00,0.18210448535912285
2023-03-10 20:00:00,0.1729607023414414
2023-03-10 21:00:00,0.17054755801970178
2023-03-10 22:00:00,0.15470904557283077
2023-03-10 23:00:00,0.1437907321258322
2023-03-11 00:00:00,0.12329277751612074
2023-03-11 01:00:00,0.12498530294063054
2023-03-11 02:00:00,0.12454012731509151
2023-03-11 03:00:00,0.12243339264172254
2023-03-11 04:00:00,0.12937864002691624
2023-03-11 05:00:00,0.13686226751256805
2023-03-11 06:00:00,0.13980530953679038
2023-03-11 07:00:00,0.1445351254277295
2023-03-11 08:00:00,0.14165647928702457
2023-03-11 09:00:00,0.14951146478058605
2023-03-11 10:00:00,0.1342715238162516
2023-03-11 11:00:00,0.13836728890181393
2023-03-11 12:00:00,0.13849548194817202
2023-03-11 13:00:00,0.13381513691841115
2023-03-11 14:00:00,0.13222299455456307
2023-03-11 15:00:00,0.1357187247280903
2023-03-11 16:00:00,0.1514188226961949
2023-03-11 17:00:00,0.148005639415463
2023-03-11 18:00:00,0.1574076996927251
2023-03-11 19:00:00,0.16301573881718925
2023-03-11 20:00:00,0.16843146231604736
2023-03-11 21:00:00,0.15695804431616456
2023-03-11 22:00:00,0.1411913088150544
2023-03-11 23:00:00,0.13620472586158056
2023-03-12 00:00:00,0.12213524774370411
2023-03-12 01:00:00,0.12205500271083705
2023-03-12 02:00:00,0.13142297357594843
2023-03-12 03:00:00,0.12149482978651781
2023-03-12 04:00:00,0.13942203961624378
2023-03-12 05:00:00,0.1396569422005875
2023-03-12 06:00:00,0.14548408304042157
2023-03-12 07:00:00,0.14130792271460715
2023-03-12 08:00:00,0.1442573516939002
2023-03-12 09:00:00,0.1364871161343817
2023-03-12 10:00:00,0.1375290784636915
2023-03-12 11:00:00,0.13839776165459608
2023-03-12 12:00:00,0.13906634179227917
2023-03-12 13:00:00,0.12587481237065443
2023-03-12 14:00:00,0.1314080860049609
2023-03-12 15:00:00,0.1376037138602426
2023-03-12 16:00:00,0.13925943843000116
2023-03-12 17:00:00,0.15807726025056335
2023-03-12 18:00:00,0.1586383693359103
2023-03-12 19:00:00,0.16402657588876277
2023-03-12 20:00:00,0.159983446668928
2023-03-12 21:00:00,0.15111251360736172
2023-03-12 22:00:00,0.14599631268020286
2023-03-12 23:00:00,0.13667821649566497
2023-03-13 00:00:00,0.13834757405279227
2023-03-13 01:00:00,0.136961639563603
2023-03-13 02:00:00,0.14312614913707933
2023-03-13 03:00:00,0.15162163177529675
2023-03-13 04:00:00,0.14707757150176756
2023-03-13 05:00:00,0.15549638482422
2023-03-13 06:00:00,0.14807866506163575
2023-03-13 07:00:00,0.15941142747120227
2023-03-13 08:00:00,0.1545202136944404
2023-03-13 09:00:00,0.15126825056934576
2023-03-13 10:00:00,0.15145553346173032
2023-03-13 11:00:00,0.1568889840884482
2023-03-13 12:00:00,0.15233610562672042
2023-03-13 13:00:00,0.1476256200649387
2023-03-13 14:00:00,0.14057211289043758
2023-03-13 15:00:00,0.15237880670446552
2023-03-13 16:00:00,0.16274688448547225
2023-03-13 17:00:00,0.17099819518966433
2023-03-13 18:00:00,0.1680393530772196
2023-03-13 19:00:00,0.17555193840454852
2023-03-13 20:00:00,0.1769228047077438
2023-03-13 21:00:00,0.17274066068354604
2023-03-13 22:00:00,0.15005089850210587
2023-03-13 23:00:00,0.1519456445111058
2023-03-14 00:00:00,0.14092210731358035
2023-03-14 01:00:00,0.14485200761458578
2023-03-14 02:00:00,0.14499281370435174
2023-03-14 03:00:00,0.14626640202687935
2023-03-14 04:00:00,0.14237843280406226
2023-03-14 05:00:00,0.14097578306404784
2023-03-14 06:00:00,0.15306451090209605
2023-03-14 07:00:00,0.16363077940077622
2023-03-14 08:00:00,0.16697432792691788
2023-03-14 09:00:00,0.1622056207184942
2023-03-14 10:00:00,0.15729909461303418
2023-03-14 11:00:00,0.15282768565831018
2023-03-14 12:00:00,0.14480543274956828
2023-03-14 13:00:00,0.1457602949868986
2023-03-14 14:00:00,0.1565809633190189
2023-03-14 15:00:00,0.14864741993244582
2023-03-14 16:00:00,0.16931227839451285
2023-03-14 17:00:00,0.16851037326931104
2023-03-14 18:00:00,0.1838854815400987
2023-03-14 19:00:00,0.1729694525971602
2023-03-14 20:00:00,0.18017271453431064
2023-03-14 21:00:00,0.16637535545622198
2023-03-14 22:00:00,0.15395520164798468
2023-03-14 23:00:00,0.15384893460055982
2023-03-15 00:00:00,0.14525422240716543
2023-03-15 01:00:00,0.13637924047903724
2023-03-15 02:00:00,0.13403344598087255
2023-03-15 03:00:00,0.14289432161116056
2023-03-15 04:00:00,0.14594095869368603
2023-03-15 05:00:00,0.15325739188743687
2023-03-15 06:00:00,0.1597777475442255
2023-03-15 07:00:00,0.15832554436837096
2023-03-15 08:00:00,0.16928457186326706
2023-03-15 09:00:00,0.15977404892968172
2023-03-15 10:00:00,0.15342025796899103
2023-03-15 11:00:00,0.1428716506208662
2023-03-15 12:00:00,0.14627272888179135
2023-03-15 13:00:00,0.144728661727611
2023-03-15 14:00:00,0.1530371396712946
2023-03-15 15:00:00,0.15567262808173948
2023-03-15 16:00:00,0.1553415388328005
2023-03-15 17:00:00,0.17098178597382652
2023-03-15 18:00:00,0.18061597685326858
2023-03-15 19:00:00,0.18764368444158705
2023-03-15 20:00:00,0.1816807133655577
2023-03-15 21:00:00,0.17386343940751747
2023-03-15 22:00:00,0.1613319675806814
2023-03-15 23:00:00,0.15469782441562235
2023-03-16 00:00:00,0.1464543879677164
2023-03-16 01:00:00,0.13394006068460645
2023-03-16 02:00:00,0.13978132914707977
2023-03-16 03:00:00,0.13949070168905411
2023-03-16 04:00:00,0.14827390093120255
2023-03-16 05:00:00,0.1566669046279183
2023-03-16 06:00:00,0.1520449032537977
2023-03-16 07:00:00,0.14667109843738624
2023-03-16 08:00:00,0.15794595156417338
2023-03-16 09:00:00,0.1632202438670923
2023-03-16 10:00:00,0.15784054001377493
2023-03-16 11:00:00,0.15307041865543322
2023-03-16 12:00:00,0.14618605997399978
2023-03-16 13:00:00,0.14001544277356776
2023-03-16 14:00:00,0.15081208729800957
2023-03-16 15:00:00,0.14918880091123207
2023-03-16 16:00:00,0.17215886810786588
2023-03-16 17:00:00,0.1729730500835439
2023-03-16 18:00:00,0.17435507948185358
2023-03-16 19:00:00,0.17694660140770474
2023-03-16 20:00:00,0.17677847249541945
2023-03-16 21:00:00,0.16886169652585134
2023-03-16 22:00:00,0.16661570648525537
2023-03-16 23:00:00,0.15368834523722533
2023-03-17 00:00:00,0.13654870476964295
2023-03-17 01:00:00,0.1500561510977836
2023-03-17 02:00:00,0.14177506744076565
2023-03-17 03:00:00,0.1471977438126798
2023-03-17 04:00:00,0.14333700280034814
2023-03-17 05:00:00,0.152331371888387
2023-03-17 06:00:00,0.15658532464311903
2023-03-17 07:00:00,0.14917437381425266
2023-03-17 08:00:00,0.17008343084159894
2023-03-17 09:00:00,0.165106097511618
2023-03-17 10:00:00,0.15316641391829558
2023-03-17 11:00:00,0.14541813871410106
2023-03-17 12:00:00,0.14932383455238996
2023-03-17 13:00:00,0.14684408495173867
2023-03-17 14:00:00,0.1500139604327034
2023-03-17 15:00:00,0.15431809694237564
2023-03-17 16:00:00,0.16376958938749323
2023-03-17 17:00:00,0.17735704253873036
2023-03-17 18:00:00,0.18009883702026655
2023-03-17 19:00:00,0.17475525015009818
2023-03-17 20:00:00,0.18405600779204964
2023-03-17 21:00:00,0.17826227895340152
2023-03-17 22:00:00,0.17679182128016602
2023-03-17 23:00:00,0.1471387942223071
2023-03-18 00:00:00,0.12642127352993696
2023-03-18 01:00:00,0.11519345415605979
2023-03-18 02:00:00,0.12929427156506057
2023-03-18 03:00:00,0.12561254394200147
2023-03-18 04:00:00,0.14099536431169668
2023-03-18 05:00:00,0.13164271889957146
2023-03-18 06:00:00,0.13158385949756676
2023-03-18 07:00:00,0.14126630157122083
2023-03-18 08:00:00,0.13512961643321006
2023-03-18 09:00:00,0.1474083724795418
2023-03-18 10:00:00,0.1298269752677439
2023-03-18 11:00:00,0.13607177532229614
2023-03-18 12:00:00,0.12219696738409122
2023-03-18 13:00:00,0.12980910743198348
2023-03-18 14:00:00,0.1414525064689099
2023-03-18 15:00:00,0.14016344941858416
2023-03-18 16:00:00,0.14192091641613894
2023-03-18 17:00:00,0.15496449659707592
2023-03-18 18:00:00,0.16234840535484557
2023-03-18 19:00:00,0.1673666793738649
2023-03-18 20:00:00,0.15540890171208324
2023-03-18 21:00:00,0.15802204250519675
2023-03-18 22:00:00,0.13250957944959174
2023-03-18 23:00:00,0.134606841626686
2023-03-19 00:00:00,0.12276549425192786
2023-03-19 01:00:00,0.12877058180236092
2023-03-19 02:00:00,0.12664168004654888
2023-03-19 03:00:00,0.1213257301635539
2023-03-19 04:00:00,
2023-03-19 05:00:00,0.13650919379740142
2023-03-19 06:00:00,0.13963443797808028
2023-03-19 07:00:00,0.1407269997265547
2023-03-19 08:00:00,0.14260288634173585
2023-03-19 09:00:00,0.14713371519280172
2023-03-19 10:00:00,0.13756392763467942
2023-03-19 11:00:00,0.13548903119623495
2023-03-19 12:00:00,0.14343570942377493
2023-03-19 13:00:00,0.12429218327024708
2023-03-19 14:00:00,0.12397640203201393
2023-03-19 15:00:00,0.14227815828539822
2023-03-19 16:00:00,0.14284516913449308
2023-03-19 17:00:00,0.15352932640305825
2023-03-19 18:00:00,0.15835253910396777
2023-03-19 19:00:00,0.1637045269408103
2023-03-19 20:00:00,0.17023588408896909
2023-03-19 21:00:00,0.15906984842905067
2023-03-19 22:00:00,0.1503426551670405
2023-03-19 23:00:00,0.13067512910954185
2023-03-20 00:00:00,0.13445109478142125
2023-03-20 01:00:00,0.12640855437457757
2023-03-20 02:00:00,0.13748162167775077
2023-03-20 03:00:00,0.14813706136476362
2023-03-20 04:00:00,0.1489628679163138
2023-03-20 05:00:00,0.14940822743490376
2023-03-20 06:00:00,0.1549182732688128
2023-03-20 07:00:00,0.1551781925618564
2023-03-20 08:00:00,0.16103084970130466
2023-03-20 09:00:00,0.16248226660440834
2023-03-20 10:00:00,0.14707295656197317
2023-03-20 11:00:00,0.15242772585556708
2023-03-20 12:00:00,0.15224820083814553
2023-03-20 13:00:00,0.14433509500984984
2023-03-20 14:00:00,0.15173911875049018
2023-03-20 15:00:00,0.16743348218376797
2023-03-20 16:00:00,0.1607166704760291
2023-03-20 17:00:00,0.17208704929179797
2023-03-20 18:00:00,0.17356803557631637
2023-03-20 19:00:00,0.18090978345765815
2023-03-20 20:00:00,0.17954455165339891
2023-03-20 21:00:00,0.1710334178373108
2023-03-20 22:00:00,0.15593306100906132
2023-03-20 23:00:00,0.15378807324513236
2023-03-21 00:00:00,0.14751784315777378
2023-03-21 01:00:00,0.14284712649457734
2023-03-21 02:00:00,0.14633846172852374
2023-03-21 03:00:00,0.14216848558277217
2023-03-21 04:00:00,0.1501276365346905
2023-03-21 05:00:00,0.15191213294074699
2023-03-21 06:00:00,0.1502752210389669
2023-03-21 07:00:00,0.16021522529872778
2023-03-21 08:00:00,0.15504857197209418
2023-03-21 09:00:00,0.15548847383258133
2023-03-21 10:00:00,0.1560990320354874
2023-03-21 11:00:00,0.15241570878328098
2023-03-21 12:00:00,0.14163986415798654
2023-03-21 13:00:00,0.15168052531058107
2023-03-21 14:00:00,0.15109564708138962
2023-03-21 15:00:00,0.14983656778335078
2023-03-21 16:00:00,0.1535504604587177
2023-03-21 17:00:00,0.16939599114636417
2023-03-21 18:00:00,0.17502860242531754
2023-03-21 19:00:00,0.180569229929913
2023-03-21 20:00:00,0.17542761022270956
2023-03-21 21:00:00,0.16002192183223504
2023-03-21 22:00:00,0.1590898029160998
2023-03-21 23:00:00,0.15122816883316353
2023-03-22 00:00:00,0.14337516858805588
2023-03-22 01:00:00,0.13711294929894946
2023-03-22 02:00:00,0.14992189915002738
2023-03-22 03:00:00,0.13379534267957655
2023-03-22 04:00:00,0.15293397282658505
2023-03-22 05:00:00,0.14939419889527383
2023-03-22 06:00:00,0.15932769904912084
2023-03-22 07:00:00,0.1590216276950271
2023-03-22 08:00:00,0.1657048329694231
2023-03-22 09:00:00,0.1567160653842412
2023-03-22 10:00:00,0.14965928837313647
2023-03-22 11:00:00,0.15803200885273566
2023-03-22 12:00:00,0.14701862325396148
2023-03-22 13:00:00,0.14751838882278775
2023-03-22 14:00:00,0.15440937526011123
2023-03-22 15:00:00,0.14820043375093303
2023-03-22 16:00:00,0.16421583892915986
2023-03-22 17:00:00,0.1671710402594569
2023-03-22 18:00:00,0.17659747421640146
2023-03-22 19:00:00,0.18036492247156932
2023-03-22 20:00:00,0.1697420842212527
2023-03-22 21:00:00,0.16616502092185792
2023-03-22 22:00:00,0.1677869020696713
2023-03-22 23:00:00,0.15718722033142907
2023-03-23 00:00:00,0.13989366557754943
2023-03-23 01:00:00,0.14181956496456918
2023-03-23 02:00:00,0.14005731325498227
2023-03-23 03:00:00,0.15013646236197523
2023-03-23 04:00:00,0.1453763724486011
2023-03-23 05:00:00,0.1516750042103386
2023-03-23 06:00:00,0.16075992540811337
2023-03-23 07:00:00,0.1547357628505039
2023-03-23 08:00:00,0.1678010012117802
2023-03-23 09:00:00,0.15100056815828838
2023-03-23 10:00:00,0.1633006011545895
2023-03-23 11:00:00,0.14906610949662047
2023-03-23 12:00:00,0.14637253274424578
2023-03-23 13:00:00,0.13696054559875198
2023-03-23 14:00:00,0.14596164210299878
2023-03-23 15:00:00,0.1481611773062708
2023-03-23 16:00:00,0.1582001527140962
2023-03-23 17:00:00,0.16943395921282695
2023-03-23 18:00:00,0.18204727906698787
2023-03-23 19:00:00,0.18104154440165102
2023-03-23 20:00:00,0.17878157679549295
2023-03-23 21:00:00,0.1645816091917323
2023-03-23 22:00:00,0.15662776715959195
2023-03-23 23:00:00,0.16174988948026164
2023-03-24 00:00:00,0.13653085829036937
2023-03-24 01:00:00,0.14888498893229118
2023-03-24 02:00:00,0.1403132197887602
2023-03-24 03:00:00,0.14336498511355283
2023-03-24 04:00:00,0.1517299611387216
2023-03-24 05:00:00,0.15687525585935766
2023-03-24 06:00:00,0.15447571188600762
2023-03-24 07:00:00,0.15668140500712574
2023-03-24 08:00:00,0.15972745304668468
2023-03-24 09:00:00,0.16034266284816587
2023-03-24 10:00:00,0.1596089089333743
2023-03-24 11:00:00,0.15095063671135112
2023-03-24 12:00:00,0.15068045797348795
2023-03-24 13:00:00,0.1546023951160214
2023-03-24 14:00:00,0.15014216375121117
2023-03-24 15:00:00,0.1549184742414291
2023-03-24 16:00:00,0.15364383031551324
2023-03-24 17:00:00,0.15696686335762602
2023-03-24 18:00:00,0.17920019964077416
2023-03-24 19:00:00,0.17952940648824353
2023-03-24 20:00:00,0.17466928015391367
2023-03-24 21:00:00,0.1712768571568918
2023-03-24 22:00:00,0.16072951896162108
2023-03-24 23:00:00,0.15839516564167458
2023-03-25 00:00:00,0.12563741780548046
2023-03-25 01:00:00,0.12186933124665389
2023-03-25 02:00:00,0.13147935697796098
2023-03-25 03:00:00,0.12726789005810432
2023-03-25 04:00:00,0.13401081875593346
2023-03-25 05:00:00,0.1331287402187004
2023-03-25 06:00:00,0.1367806402599159
2023-03-25 07:00:00,0.1440434614256619
2023-03-25 08:00:00,0.14507119850701417
2023-03-25 09:00:00,0.14605201038383941
2023-03-25 10:00:00,0.1388091617324768
2023-03-25 11:00:00,0.12674768849752835
2023-03-25 12:00:00,0.13042215706543026
2023-03-25 13:00:00,0.13537968879038575
2023-03-25 14:00:00,0.1317487352936717
2023-03-25 15:00:00,0.13712829294883244
2023-03-25 16:00:00,0.1511702669704933
2023-03-25 17:00:00,0.15156064790547674
2023-03-25 18:00:00,0.15454430490340884
2023-03-25 19:00:00,0.1642003720470204
2023-03-25 20:00:00,0.15982232377224367
2023-03-25 21:00:00,0.1502279745371938
2023-03-25 22:00:00,0.14515464532811218
2023-03-25 23:00:00,0.140213792624739
2023-03-26 00:00:00,0.1251604206563465
2023-03-26 01:00:00,0.1271388530354359
2023-03-26 02:00:00,0.13559556427574165
2023-03-26 03:00:00,0.1266391511250475
2023-03-26 04:00:00,0.13276987851079528
2023-03-26 05:00:00,0.1329697269366687
2023-03-26 06:00:00,0.1357979760879682
2023-03-26 07:00:00,0.14069808200764458
2023-03-26 08:00:00,0.14261326243168732
2023-03-26 09:00:00,0.1454502541947409
2023-03-26 10:00:00,0.15189776943252928
2023-03-26 11:00:00,0.13234927023500112
2023-03-26 12:00:00,0.13050289995529488
2023-03-26 13:00:00,0.13109498138911044
2023-03-26 14:00:00,0.13521460993343598
2023-03-26 15:00:00,0.1396779640211791
2023-03-26 16:00:00,0.15265886341070417
2023-03-26 17:00:00,0.1429885536890953
2023-03-26 18:00:00,0.15032367164364496
2023-03-26 19:00:00,0.16252413678459712
2023-03-26 20:00:00,0.16772969446620592
2023-03-26 21:00:00,0.1472309659779321
2023-03-26 22:00:00,0.13099337590913684
2023-03-26 23:00:00,0.14061216141960112
2023-03-27 00:00:00,0.14142514958269917
2023-03-27 01:00:00,0.13515290563800755
2023-03-27 02:00:00,0.1366008277795599
2023-03-27 03:00:00,0.13850482683466195
2023-03-27 04:00:00,0.14693081192494165
2023-03-27 05:00:00,0.14738421736874932
2023-03-27 06:00:00,0.15750009428228065
2023-03-27 07:00:00,0.14434948696021146
2023-03-27 08:00:00,0.15572279596365673
2023-03-27 09:00:00,0.15302260540245002
2023-03-27 10:00:00,0.15387068710716306
2023-03-27 11:00:00,0.14823924862392965
2023-03-27 12:00:00,0.15157524538285103
2023-03-27 13:00:00,0.1371139125963664
2023-03-27 14:00:00,0.148463073071541
2023-03-27 15:00:00,0.15615189207746372
2023-03-27 16:00:00,0.17052162162377335
2023-03-27 17:00:00,0.16771168418630397
2023-03-27 18:00:00,0.1788806140163859
2023-03-27 19:00:00,0.17098421368183606
2023-03-27 20:00:00,0.16528341250692227
2023-03-27 21:00:00,0.1742830780148686
2023-03-27 22:00:00,0.16100373613936525
2023-03-27 23:00:00,0.1586488278374972
2023-03-28 00:00:00,0.13333984901933685
2023-03-28 01:00:00,0.14320345836964848
2023-03-28 02:00:00,0.1508726149858838
2023-03-28 03:00:00,0.14545207347462166
2023-03-28 04:00:00,0.1477610428655272
2023-03-28 05:00:00,0.15055857415378612
2023-03-28 06:00:00,0.1471753674017735
2023-03-28 07:00:00,0.16540048495328516
2023-03-28 08:00:00,0.1569527670902704
2023-03-28 09:00:00,0.16117529148892035
2023-03-28 10:00:00,0.14733721896616925
2023-03-28 11:00:00,0.14503218909384144
2023-03-28 12:00:00,0.15476146347948336
2023-03-28 13:00:00,0.1446740850098775
2023-03-28 14:00:00,0.15550199307009996
2023-03-28 15:00:00,0.1529690566661126
2023-03-28 16:00:00,0.1520288955761743
2023-03-28 17:00:00,0.17458085204042995
2023-03-28 18:00:00,0.17430885940584528
2023-03-28 19:00:00,0.18349697171223311
2023-03-28 20:00:00,0.1773692478661878
2023-03-28 21:00:00,
2023-03-28 22:00:00,0.16185301143445846
2023-03-28 23:00:00,0.16373738009926908
2023-03-29 00:00:00,0.1426717957567579
2023-03-29 01:00:00,0.14031635890697738
2023-03-29 02:00:00,0.14690524279294903
2023-03-29 03:00:00,0.14440688775885088
2023-03-29 04:00:00,0.1474258064888859
2023-03-29 05:00:00,0.14505766788886884
2023-03-29 06:00:00,0.15619901481635104
2023-03-29 07:00:00,0.16379983735681813
2023-03-29 08:00:00,0.1558267445287956
2023-03-29 09:00:00,0.16577535431324
2023-03-29 10:00:00,0.15469386037829988
2023-03-29 11:00:00,0.14649063985868765
2023-03-29 12:00:00,0.15257418686797342
2023-03-29 13:00:00,0.14497662527597535
2023-03-29 14:00:00,0.15203319012731778
2023-03-29 15:00:00,0.15190141680011252
2023-03-29 16:00:00,0.16093925372331405
2023-03-29 17:00:00,0.1725883150634428
2023-03-29 18:00:00,0.17871280628257336
2023-03-29 19:00:00,0.1700258687423892
2023-03-29 20:00:00,0.17163697482801543
2023-03-29 21:00:00,0.17470625605991416
2023-03-29 22:00:00,0.16037085466309786
2023-03-29 23:00:00,0.15013760787464797
2023-03-30 00:00:00,0.13341399338789822
2023-03-30 01:00:00,0.13520526606562547
2023-03-30 02:00:00,0.13141953258335481
2023-03-30 03:00:00,0.14284714183932765
2023-03-30 04:00:00,0.1433859474346667
2023-03-30 05:00:00,0.1456828542947378
2023-03-30 06:00:00,0.1546891575615633
2023-03-30 07:00:00,0.16044247342899712
2023-03-30 08:00:00,0.17047304495034546
2023-03-30 09:00:00,0.1510934581091892
2023-03-30 10:00:00,0.16094929571552813
2023-03-30 11:00:00,0.1557949952214557
2023-03-30 12:00:00,0.14369056278648867
2023-03-30 13:00:00,0.14742677622759684
2023-03-30 14:00:00,0.14594744944319918
2023-03-30 15:00:00,0.1542886528634989
2023-03-30 16:00:00,0.16878403950798634
2023-03-30 17:00:00,0.1731485452049279
2023-03-30 18:00:00,0.17980136286079054
2023-03-30 19:00:00,0.17785198104487468
2023-03-30 20:00:00,0.1698229102038657
2023-03-30 21:00:00,0.16901686508325806
2023-03-30 22:00:00,0.16706457838192518
2023-03-30 23:00:00,0.14512042510555687
2023-03-31 00:00:00,0.13493141662330213
2023-03-31 01:00:00,0.14123528635317506
2023-03-31 02:00:00,0.13660525185892824
2023-03-31 03:00:00,0.13939092819725926
2023-03-31 04:00:00,0.14426014242893104
2023-03-31 05:00:00,0.14368770672871362
2023-03-31 06:00:00,0.15015916545632121
2023-03-31 07:00:00,0.16213975985866996
2023-03-31 08:00:00,0.1534702063781409
2023-03-31 09:00:00,0.15066351453453108
2023-03-31 10:00:00,0.15200226560135605
2023-03-31 11:00:00,0.15458926492892958
2023-03-31 12:00:00,0.14660141744338773
2023-03-31 13:00:00,0.1440876910640886
2023-03-31 14:00:00,0.1484574096774653
2023-03-31 15:00:00,0.14463167279710695
2023-03-31 16:00:00,0.16371191270983876
2023-03-31 17:00:00,0.17203768919878956
2023-03-31 18:00:00,0.17521177862414472
2023-03-31 19:00:00,0.18503315020362998
2023-03-31 20:00:00,0.17160571303372218
2023-03-31 21:00:00,0.17569875110222793
2023-03-31 22:00:00,0.16180400593558186
2023-03-31 23:00:00,0.15107350143911422
2023-01-07 06:00:00,0.13842643655961712
2023-01-30 04:00:00,0.14372206386453396
