timestamp,temperature
2023-01-01 00:00:00,10.072765384716789
2023-01-01 01:00:00,9.635809732503638
2023-01-01 02:00:00,16.273548043646933
2023-01-01 03:00:00,4.7887379242032795
2023-01-01 04:00:00,6.359537365825355
2023-01-01 05:00:00,15.353648021920746
2023-01-01 06:00:00,7.194458885639051
2023-01-01 07:00:00,14.674798948216305
2023-01-01 08:00:00,18.669313476601893
2023-01-01 09:00:00,8.16315842685018
2023-01-01 10:00:00,13.578945194434874
2023-01-01 11:00:00,4.403672154859055
2023-01-01 12:00:00,13.945800051897393
2023-01-01 13:00:00,11.169253491492183
2023-01-01 14:00:00,12.537324972359423
2023-01-01 15:00:00,6.944273201381372
2023-01-01 16:00:00,1.8667164837224846
2023-01-01 17:00:00,12.68839388530587
2023-01-01 18:00:00,-0.144882200838925
2023-01-01 19:00:00,8.585381100345673
2023-01-01 20:00:00,14.878042893658195
2023-01-01 21:00:00,11.131622240923527
2023-01-01 22:00:00,19.913846785507413
2023-01-01 23:00:00,15.297679324467214
2023-01-02 00:00:00,7.0747241745995755
2023-01-02 01:00:00,10.48078301548465
2023-01-02 02:00:00,10.107362603505278
2023-01-02 03:00:00,2.433332299496821
2023-01-02 04:00:00,5.642221533805691
2023-01-02 05:00:00,7.540411581328156
2023-01-02 06:00:00,0.16311360194777436
2023-01-02 07:00:00,10.581683457485672
2023-01-02 08:00:00,9.098856892962253
2023-01-02 09:00:00,1.9797466096695864
2023-01-02 10:00:00,12.365280442614118
2023-01-02 11:00:00,13.923579839682255
2023-01-02 12:00:00,11.479388510551901
2023-01-02 13:00:00,8.723875240182606
2023-01-02 14:00:00,13.301426874986731
2023-01-02 15:00:00,13.745317918610912
2023-01-02 16:00:00,11.881233964825899
2023-01-02 17:00:00,6.221154864053653
2023-01-02 18:00:00,11.72721994378336
2023-01-02 19:00:00,16.321619370354853
2023-01-02 20:00:00,7.361070823168806
2023-01-02 21:00:00,20.83391281188961
2023-01-02 22:00:00,7.716061446300535
2023-01-02 23:00:00,10.506251182928139
2023-01-03 00:00:00,7.153768692200856
2023-01-03 01:00:00,11.632550851833841
2023-01-03 02:00:00,1.8050882090561604
2023-01-03 03:00:00,7.785987678148931
2023-01-03 04:00:00,5.055590670489702
2023-01-03 05:00:00,11.19288841169399
2023-01-03 06:00:00,15.488433549777074
2023-01-03 07:00:00,13.746227607805295
2023-01-03 08:00:00,-1.3421001320619244
2023-01-03 09:00:00,20.72654493687194
2023-01-03 10:00:00,11.992596375336879
2023-01-03 11:00:00,6.633700969767536
2023-01-03 12:00:00,11.301836267187241
2023-01-03 13:00:00,11.397145784745998
2023-01-03 14:00:00,7.181953087474719
2023-01-03 15:00:00,11.505780008942914
2023-01-03 16:00:00,7.478835234131001
2023-01-03 17:00:00,8.494386708782423
2023-01-03 18:00:00,7.084800993457115
2023-01-03 19:00:00,3.3528402235342734
2023-01-03 20:00:00,11.245379023309457
2023-01-03 21:00:00,13.442693854814227
2023-01-03 22:00:00,13.090614652614398
2023-01-03 23:00:00,14.615822935408708
2023-01-04 00:00:00,12.30972531809754
2023-01-04 01:00:00,8.024396776938682
2023-01-04 02:00:00,14.886343590179143
2023-01-04 03:00:00,3.9004365688135234
2023-01-04 04:00:00,6.184667355460798
2023-01-04 05:00:00,5.867023910906975
2023-01-04 06:00:00,16.08830456371975
2023-01-04 07:00:00,15.401966838723578
2023-01-04 08:00:00,13.124550453248172
2023-01-04 09:00:00,16.047673594082184
2023-01-04 10:00:00,6.291610355963258
2023-01-04 11:00:00,12.4309998673281
2023-01-04 12:00:00,10.062152126107378
2023-01-04 13:00:00,14.922434787447768
2023-01-04 14:00:00,10.111903105262211
2023-01-04 15:00:00,8.763309825972794
2023-01-04 16:00:00,13.392566860828149
2023-01-04 17:00:00,15.068870103979362
2023-01-04 18:00:00,7.34629829378919
2023-01-04 19:00:00,10.382645911261319
2023-01-04 20:00:00,5.395821099814935
2023-01-04 21:00:00,-1.8022808194414992
2023-01-04 22:00:00,11.690322425091843
2023-01-04 23:00:00,13.732551049296358
2023-01-05 00:00:00,12.169982032808093
2023-01-05 01:00:00,1.1118393986026298
2023-01-05 02:00:00,9.105400836992093
2023-01-05 03:00:00,-0.2320908128809407
2023-01-05 04:00:00,17.70815352564539
2023-01-05 05:00:00,5.429375076784035
2023-01-05 06:00:00,17.136666034673947
2023-01-05 07:00:00,15.588996205795194
2023-01-05 08:00:00,6.356696224694157
2023-01-05 09:00:00,5.195723231035741
2023-01-05 10:00:00,12.611499069306157
2023-01-05 11:00:00,6.638027801459111
2023-01-05 12:00:00,11.372071198165504
2023-01-05 13:00:00,8.445510033339874
2023-01-05 14:00:00,1.953855915046299
2023-01-05 15:00:00,-0.2926921082478291
2023-01-05 16:00:00,11.993069229847451
2023-01-05 17:00:00,8.05185925572134
2023-01-05 18:00:00,8.094198902803804
2023-01-05 19:00:00,14.338967182843392
2023-01-05 20:00:00,16.72685937053669
2023-01-05 21:00:00,9.496924380565419
2023-01-05 22:00:00,9.156654452825158
2023-01-05 23:00:00,13.360363152943885
2023-01-06 00:00:00,4.246339125976471
2023-01-06 01:00:00,12.146782248212833
2023-01-06 02:00:00,13.790446833585118
2023-01-06 03:00:00,14.432168016562493
2023-01-06 04:00:00,1.3472534619620227
2023-01-06 05:00:00,7.224240625429644
2023-01-06 06:00:00,6.6397007103570145
2023-01-06 07:00:00,11.530451746520413
2023-01-06 08:00:00,13.434739873314268
2023-01-06 09:00:00,18.514569011704253
2023-01-06 10:00:00,8.556189572633983
2023-01-06 11:00:00,8.543154482928278
2023-01-06 12:00:00,16.779377068868083
2023-01-06 13:00:00,12.513901667125873
2023-01-06 14:00:00,17.369274530414216
2023-01-06 15:00:00,12.47465698952353
2023-01-06 16:00:00,5.245433880907993
2023-01-06 17:00:00,4.365375200585315
2023-01-06 18:00:00,3.2734557291797026
2023-01-06 19:00:00,14.341276148266713
2023-01-06 20:00:00,16.974001089909386
2023-01-06 21:00:00,20.27782768140625
2023-01-06 22:00:00,15.246543636090548
2023-01-06 23:00:00,16.845209862149275
2023-01-07 00:00:00,8.301998785725104
2023-01-07 01:00:00,5.420001365274244
2023-01-07 02:00:00,15.452477111081294
2023-01-07 03:00:00,13.290484210190531
2023-01-07 04:00:00,11.73930232069799
2023-01-07 05:00:00,13.138937852158477
2023-01-07 06:00:00,12.818007861284556
2023-01-07 07:00:00,17.621164748261336
2023-01-07 08:00:00,17.67700837307831
2023-01-07 09:00:00,13.923182210695263
2023-01-07 10:00:00,15.431094811808169
2023-01-07 11:00:00,13.772393211117407
2023-01-07 12:00:00,8.896231788820433
2023-01-07 13:00:00,14.984903823559227
2023-01-07 14:00:00,4.229605104697219
2023-01-07 15:00:00,16.471538210472943
2023-01-07 16:00:00,5.229465750163352
2023-01-07 17:00:00,12.631096882967192
2023-01-07 18:00:00,6.976310656862733
2023-01-07 19:00:00,13.969025364365661
2023-01-07 20:00:00,11.032454319353983
2023-01-07 21:00:00,3.228300658176865
2023-01-07 22:00:00,13.305578604085921
2023-01-07 23:00:00,8.312476564829975
2023-01-08 00:00:00,15.778521325199492
2023-01-08 01:00:00,11.379416164804685
2023-01-08 02:00:00,13.349892648072839
2023-01-08 03:00:00,6.5849429460565885
2023-01-08 04:00:00,8.426126563995838
2023-01-08 05:00:00,9.079594540627225
2023-01-08 06:00:00,15.656300122345426
2023-01-08 07:00:00,19.759673160160094
2023-01-08 08:00:00,7.346928962418266
2023-01-08 09:00:00,16.75702844442105
2023-01-08 10:00:00,0.5244006325041379
2023-01-08 11:00:00,5.4018407156712005
2023-01-08 12:00:00,6.578895440198774
2023-01-08 13:00:00,4.610244273929036
2023-01-08 14:00:00,3.454845772194748
2023-01-08 15:00:00,13.437782281821635
2023-01-08 16:00:00,10.302449232493341
2023-01-08 17:00:00,13.269814709158195
2023-01-08 18:00:00,14.825151151740213
2023-01-08 19:00:00,12.700872686995314
2023-01-08 20:00:00,14.661603601884515
2023-01-08 21:00:00,11.025126289921301
2023-01-08 22:00:00,5.437820779603925
2023-01-08 23:00:00,16.66185862523663
2023-01-09 00:00:00,8.597527542737177
2023-01-09 01:00:00,6.865106712830682
2023-01-09 02:00:00,10.65349882762082
2023-01-09 03:00:00,6.979033610160247
2023-01-09 04:00:00,9.45593629669565
2023-01-09 05:00:00,13.263357814460145
2023-01-09 06:00:00,13.284796902873447
2023-01-09 07:00:00,7.0539378745146655
2023-01-09 08:00:00,9.104561341899089
2023-01-09 09:00:00,16.914753230494032
2023-01-09 10:00:00,14.025088795312518
2023-01-09 11:00:00,21.91841340338552
2023-01-09 12:00:00,17.44372907535045
2023-01-09 13:00:00,17.264553549442507
2023-01-09 14:00:00,4.603745454363803
2023-01-09 15:00:00,15.362389964809925
2023-01-09 16:00:00,11.27755419815826
2023-01-09 17:00:00,8.788179188951565
2023-01-09 18:00:00,12.383164909305455
2023-01-09 19:00:00,16.26914587970023
2023-01-09 20:00:00,14.047246161663871
2023-01-09 21:00:00,7.150719199932512
2023-01-09 22:00:00,15.255382774605913
2023-01-09 23:00:00,8.355150496262993
2023-01-10 00:00:00,12.796347036636208
2023-01-10 01:00:00,10.196181104429105
2023-01-10 02:00:00,10.618600183136648
2023-01-10 03:00:00,15.544146317017324
2023-01-10 04:00:00,6.5119628427352865
2023-01-10 05:00:00,21.43890681319944
2023-01-10 06:00:00,2.607501095342295
2023-01-10 07:00:00,8.724593025540491
2023-01-10 08:00:00,13.563990891523481
2023-01-10 09:00:00,14.634502273991325
2023-01-10 10:00:00,11.21055283895625
2023-01-10 11:00:00,11.425977926807064
2023-01-10 12:00:00,13.765681868452859
2023-01-10 13:00:00,10.557584054526375
2023-01-10 14:00:00,18.678837731489306
2023-01-10 15:00:00,15.909677012972786
2023-01-10 16:00:00,16.07705319684295
2023-01-10 17:00:00,6.882147824962691
2023-01-10 18:00:00,11.315989319786262
2023-01-10 19:00:00,10.210601698211258
2023-01-10 20:00:00,6.6849245633674474
2023-01-10 21:00:00,13.513752361543611
2023-01-10 22:00:00,9.024702652915693
2023-01-10 23:00:00,14.989950591065961
2023-01-11 00:00:00,6.531309283960783
2023-01-11 01:00:00,20.477470162641545
2023-01-11 02:00:00,7.400603805472133
2023-01-11 03:00:00,12.978778784434622
2023-01-11 04:00:00,15.84156365037278
2023-01-11 05:00:00,9.029064947431877
2023-01-11 06:00:00,16.144610315597195
2023-01-11 07:00:00,5.7363491094303605
2023-01-11 08:00:00,19.142855594345242
2023-01-11 09:00:00,11.953013423261233
2023-01-11 10:00:00,8.900210058588044
2023-01-11 11:00:00,10.386358236295269
2023-01-11 12:00:00,15.926863445396037
2023-01-11 13:00:00,8.959990639180251
2023-01-11 14:00:00,8.135478651318554
2023-01-11 15:00:00,10.77458411051375
2023-01-11 16:00:00,5.997456534582601
2023-01-11 17:00:00,20.98498663814152
2023-01-11 18:00:00,9.050294142358826
2023-01-11 19:00:00,16.04035102933446
2023-01-11 20:00:00,12.929617516671303
2023-01-11 21:00:00,6.959596846022601
2023-01-11 22:00:00,11.852493552368795
2023-01-11 23:00:00,15.802280994986182
2023-01-12 00:00:00,11.10973832325466
2023-01-12 01:00:00,18.016609727941333
2023-01-12 02:00:00,17.15862196259551
2023-01-12 03:00:00,16.64561927197784
2023-01-12 04:00:00,9.752761137321208
2023-01-12 05:00:00,6.651832759778758
2023-01-12 06:00:00,8.983106971872221
2023-01-12 07:00:00,13.032249702019795
2023-01-12 08:00:00,14.779978566347971
2023-01-12 09:00:00,1.193187974883955
2023-01-12 10:00:00,12.01047899062744
2023-01-12 11:00:00,12.841491125302115
2023-01-12 12:00:00,10.663323717108435
2023-01-12 13:00:00,18.507414193765587
2023-01-12 14:00:00,14.159945369940548
2023-01-12 15:00:00,18.60200453909068
2023-01-12 16:00:00,10.97124239693503
2023-01-12 17:00:00,16.738432461220818
2023-01-12 18:00:00,20.226376971323788
2023-01-12 19:00:00,18.609512245049498
2023-01-12 20:00:00,6.590337031542527
2023-01-12 21:00:00,10.782664610974287
2023-01-12 22:00:00,10.32522147143721
2023-01-12 23:00:00,14.49731767406783
2023-01-13 00:00:00,15.650982905114319
2023-01-13 01:00:00,8.024751759912974
2023-01-13 02:00:00,12.558407699626342
2023-01-13 03:00:00,2.119578469260972
2023-01-13 04:00:00,19.428940159051102
2023-01-13 05:00:00,9.657343926658186
2023-01-13 06:00:00,12.49853482926414
2023-01-13 07:00:00,10.670966560101348
2023-01-13 08:00:00,17.94935300510873
2023-01-13 09:00:00,-1.9683170769452403
2023-01-13 10:00:00,12.136163418412108
2023-01-13 11:00:00,11.690121342553164
2023-01-13 12:00:00,9.95103319208324
2023-01-13 13:00:00,20.850347858219816
2023-01-13 14:00:00,7.782567835762798
2023-01-13 15:00:00,16.07819601621996
2023-01-13 16:00:00,14.000479073572071
2023-01-13 17:00:00,18.52681139271923
2023-01-13 18:00:00,8.883269706154127
2023-01-13 19:00:00,8.55437063442286
2023-01-13 20:00:00,17.699564667428646
2023-01-13 21:00:00,14.345821671692207
2023-01-13 22:00:00,4.494528396657861
2023-01-13 23:00:00,9.522690057725303
2023-01-14 00:00:00,14.318640929299805
2023-01-14 01:00:00,16.575548767792448
2023-01-14 02:00:00,8.990574394094725
2023-01-14 03:00:00,-2.184552289025204
2023-01-14 04:00:00,15.002843588744668
2023-01-14 05:00:00,6.285124210339622
2023-01-14 06:00:00,2.300033669447444
2023-01-14 07:00:00,-1.7749019648612023
2023-01-14 08:00:00,16.456631961048206
2023-01-14 09:00:00,13.029814912084333
2023-01-14 10:00:00,11.258445756498244
2023-01-14 11:00:00,19.33184947487331
2023-01-14 12:00:00,15.573351075174863
2023-01-14 13:00:00,20.468227873669086
2023-01-14 14:00:00,5.423050299224519
2023-01-14 15:00:00,12.213974540289684
2023-01-14 16:00:00,4.303160785319429
2023-01-14 17:00:00,11.239816000782165
2023-01-14 18:00:00,11.143648391226114
2023-01-14 19:00:00,15.519795846374855
2023-01-14 20:00:00,12.614547065768992
2023-01-14 21:00:00,15.503763351459078
2023-01-14 22:00:00,15.903928325753972
2023-01-14 23:00:00,23.161371046975212
2023-01-15 00:00:00,10.977049674731248
2023-01-15 01:00:00,7.848419447829975
2023-01-15 02:00:00,13.783951027743914
2023-01-15 03:00:00,8.542132815464154
2023-01-15 04:00:00,19.96333679334455
2023-01-15 05:00:00,11.137442756435707
2023-01-15 06:00:00,9.725651111791919
2023-01-15 07:00:00,10.19695434540628
2023-01-15 08:00:00,16.145620068520074
2023-01-15 09:00:00,11.764798035004443
2023-01-15 10:00:00,9.34519885050996
2023-01-15 11:00:00,20.880292539279523
2023-01-15 12:00:00,8.272683747853119
2023-01-15 13:00:00,12.731363321326837
2023-01-15 14:00:00,15.815063709213021
2023-01-15 15:00:00,4.396857399076504
2023-01-15 16:00:00,14.954835458191495
2023-01-15 17:00:00,7.2779945737596226
2023-01-15 18:00:00,16.66744685533188
2023-01-15 19:00:00,7.740277891566988
2023-01-15 20:00:00,16.017378110406174
2023-01-15 21:00:00,18.082698282635434
2023-01-15 22:00:00,16.860715579325895
2023-01-15 23:00:00,13.810116192352382
2023-01-16 00:00:00,11.563076860692558
2023-01-16 01:00:00,9.837483693666835
2023-01-16 02:00:00,20.074755029426576
2023-01-16 03:00:00,9.22210547450284
2023-01-16 04:00:00,7.534251207491074
2023-01-16 05:00:00,16.046426250505206
2023-01-16 06:00:00,8.738897559408578
2023-01-16 07:00:00,7.969264088010418
2023-01-16 08:00:00,5.50156026449223
2023-01-16 09:00:00,10.305032378038465
2023-01-16 10:00:00,12.306006455858588
2023-01-16 11:00:00,13.935040213644548
2023-01-16 12:00:00,17.47611279683847
2023-01-16 13:00:00,15.354071193670023
2023-01-16 14:00:00,11.765220477575156
2023-01-16 15:00:00,11.728603193442455
2023-01-16 16:00:00,15.270368919916972
2023-01-16 17:00:00,19.0824323899839
2023-01-16 18:00:00,13.351152572757055
2023-01-16 19:00:00,10.37392730428901
2023-01-16 20:00:00,7.7552515699133275
2023-01-16 21:00:00,5.493555253279927
2023-01-16 22:00:00,16.05092993555867
2023-01-16 23:00:00,15.60947419353884
2023-01-17 00:00:00,15.771641954339398
2023-01-17 01:00:00,12.241527097045811
2023-01-17 02:00:00,19.919498058264843
2023-01-17 03:00:00,10.464231855882002
2023-01-17 04:00:00,17.66117051484212
2023-01-17 05:00:00,12.691109853858375
2023-01-17 06:00:00,9.843070505409402
2023-01-17 07:00:00,15.847475865394896
2023-01-17 08:00:00,14.933004922226058
2023-01-17 09:00:00,14.66968812514072
2023-01-17 10:00:00,13.291216439087084
2023-01-17 11:00:00,12.695358920221935
2023-01-17 12:00:00,24.826684293158284
2023-01-17 13:00:00,18.806107554786955
2023-01-17 14:00:00,16.49895880373365
2023-01-17 15:00:00,13.443820119823032
2023-01-17 16:00:00,17.920610331789437
2023-01-17 17:00:00,15.47479821076335
2023-01-17 18:00:00,13.015848092676269
2023-01-17 19:00:00,11.367002702476515
2023-01-17 20:00:00,12.48023764049265
2023-01-17 21:00:00,-2.967304350584188
2023-01-17 22:00:00,13.937828525294298
2023-01-17 23:00:00,10.442443928254292
2023-01-18 00:00:00,21.012562237977313
2023-01-18 01:00:00,13.145932600621663
2023-01-18 02:00:00,7.1043951488880825
2023-01-18 03:00:00,12.799811475922303
2023-01-18 04:00:00,7.818606821250371
2023-01-18 05:00:00,15.416249325125223
2023-01-18 06:00:00,14.503949068260319
2023-01-18 07:00:00,17.83841040210423
2023-01-18 08:00:00,9.094803288090064
2023-01-18 09:00:00,13.219252727703626
2023-01-18 10:00:00,6.224103269429715
2023-01-18 11:00:00,16.556686156186466
2023-01-18 12:00:00,15.643568148763503
2023-01-18 13:00:00,15.528237351700746
2023-01-18 14:00:00,13.057307403347597
2023-01-18 15:00:00,15.123076700506846
2023-01-18 16:00:00,21.070907788105874
2023-01-18 17:00:00,11.623740961352823
2023-01-18 18:00:00,13.742438165113315
2023-01-18 19:00:00,7.618580750655843
2023-01-18 20:00:00,8.70790743857123
2023-01-18 21:00:00,13.53827871202943
2023-01-18 22:00:00,18.568879980072428
2023-01-18 23:00:00,11.767808125305029
2023-01-19 00:00:00,12.033113970363024
2023-01-19 01:00:00,11.178270394401771
2023-01-19 02:00:00,10.538913262702028
2023-01-19 03:00:00,14.687553895467751
2023-01-19 04:00:00,5.7264083910304215
2023-01-19 05:00:00,19.617394500257284
2023-01-19 06:00:00,9.885585126276341
2023-01-19 07:00:00,16.82221404411435
2023-01-19 08:00:00,6.8627036299542645
2023-01-19 09:00:00,16.556897269654733
2023-01-19 10:00:00,16.572419655996132
2023-01-19 11:00:00,15.133706976953126
2023-01-19 12:00:00,8.240554007924683
2023-01-19 13:00:00,14.460437564914029
2023-01-19 14:00:00,7.297415693251699
2023-01-19 15:00:00,11.948880341442717
2023-01-19 16:00:00,18.359762121700275
2023-01-19 17:00:00,17.196206252277353
2023-01-19 18:00:00,13.288611329625809
2023-01-19 19:00:00,8.338663737309435
2023-01-19 20:00:00,16.44063517779461
2023-01-19 21:00:00,13.30960280541377
2023-01-19 22:00:00,1.6111186257715282
2023-01-19 23:00:00,17.125845748506237
2023-01-20 00:00:00,13.254064826592671
2023-01-20 01:00:00,19.387485235856495
2023-01-20 02:00:00,7.898876401727109
2023-01-20 03:00:00,-2.5082900700388713
2023-01-20 04:00:00,14.770648287667058
2023-01-20 05:00:00,14.833047379350996
2023-01-20 06:00:00,4.921870857908873
2023-01-20 07:00:00,8.4827312666081
2023-01-20 08:00:00,27.15131771454064
2023-01-20 09:00:00,11.847175925172115
2023-01-20 10:00:00,17.030023877822213
2023-01-20 11:00:00,10.121929859099215
2023-01-20 12:00:00,2.9237145016753487
2023-01-20 13:00:00,12.523937761961605
2023-01-20 14:00:00,12.047206194510606
2023-01-20 15:00:00,11.375837802599275
2023-01-20 16:00:00,12.80202481840917
2023-01-20 17:00:00,14.696570354169316
2023-01-20 18:00:00,12.624644239672099
2023-01-20 19:00:00,7.055198156204313
2023-01-20 20:00:00,15.806152953750827
2023-01-20 21:00:00,3.6283702193290157
2023-01-20 22:00:00,3.1234417095201312
2023-01-20 23:00:00,17.07113146944897
2023-01-21 00:00:00,16.0718625824405
2023-01-21 01:00:00,13.249784396393535
2023-01-21 02:00:00,6.559518697988356
2023-01-21 03:00:00,9.997206518393337
2023-01-21 04:00:00,12.223027483331196
2023-01-21 05:00:00,5.557291378893148
2023-01-21 06:00:00,9.841617931647551
2023-01-21 07:00:00,16.798412912647116
2023-01-21 08:00:00,20.673288043209798
2023-01-21 09:00:00,11.439587458470962
2023-01-21 10:00:00,17.319202993344206
2023-01-21 11:00:00,3.9664608688263794
2023-01-21 12:00:00,16.834017427331773
2023-01-21 13:00:00,9.517019148126309
2023-01-21 14:00:00,15.073489305303566
2023-01-21 15:00:00,12.297999130565168
2023-01-21 16:00:00,20.138831270682886
2023-01-21 17:00:00,9.164582980064125
2023-01-21 18:00:00,16.67479270957287
2023-01-21 19:00:00,12.139223905281048
2023-01-21 20:00:00,12.745233831715396
2023-01-21 21:00:00,12.617491755967666
2023-01-21 22:00:00,9.30839569929315
2023-01-21 23:00:00,13.466266392230358
2023-01-22 00:00:00,13.384004318297624
2023-01-22 01:00:00,14.903446670940378
2023-01-22 02:00:00,14.119771157371044
2023-01-22 03:00:00,17.687218176967914
2023-01-22 04:00:00,18.314788509143575
2023-01-22 05:00:00,8.444128819767725
2023-01-22 06:00:00,18.041107931860587
2023-01-22 07:00:00,7.765563293357459
2023-01-22 08:00:00,16.636524869595405
2023-01-22 09:00:00,16.795939352421076
2023-01-22 10:00:00,4.14066097059421
2023-01-22 11:00:00,14.162141661553779
2023-01-22 12:00:00,11.354764862105153
2023-01-22 13:00:00,9.903419139229857
2023-01-22 14:00:00,20.451507082401758
2023-01-22 15:00:00,10.428849725719637
2023-01-22 16:00:00,9.665360783316482
2023-01-22 17:00:00,14.075720128932199
2023-01-22 18:00:00,17.125194160398813
2023-01-22 19:00:00,12.989002498856097
2023-01-22 20:00:00,19.529098157252992
2023-01-22 21:00:00,16.352123738727183
2023-01-22 22:00:00,2.80618883024958
2023-01-22 23:00:00,11.04991061137169
2023-01-23 00:00:00,11.047423565677576
2023-01-23 01:00:00,16.25343882958318
2023-01-23 02:00:00,0.7325487805655104
2023-01-23 03:00:00,26.60168260602468
2023-01-23 04:00:00,16.51176453690712
2023-01-23 05:00:00,14.601018082024526
2023-01-23 06:00:00,19.7644726445318
2023-01-23 07:00:00,25.574904326499194
2023-01-23 08:00:00,18.210367285378087
2023-01-23 09:00:00,18.60069954479417
2023-01-23 10:00:00,14.510084184757982
2023-01-23 11:00:00,13.149005295601329
2023-01-23 12:00:00,11.477656842411564
2023-01-23 13:00:00,9.72607410386336
2023-01-23 14:00:00,10.421563563938584
2023-01-23 15:00:00,7.103854240721154
2023-01-23 16:00:00,13.477276809010954
2023-01-23 17:00:00,5.433296176304136
2023-01-23 18:00:00,14.811216683154624
2023-01-23 19:00:00,13.674981022224362
2023-01-23 20:00:00,14.591310554369509
2023-01-23 21:00:00,11.245976212336108
2023-01-23 22:00:00,29.24093591333859
2023-01-23 23:00:00,20.657213563337635
2023-01-24 00:00:00,7.792167391636116
2023-01-24 01:00:00,15.179220329194221
2023-01-24 02:00:00,10.974849177373112
2023-01-24 03:00:00,8.94248125852266
2023-01-24 04:00:00,7.314519536440056
2023-01-24 05:00:00,16.175963345855997
2023-01-24 06:00:00,10.60797871671186
2023-01-24 07:00:00,18.85401001218575
2023-01-24 08:00:00,18.983790964711925
2023-01-24 09:00:00,20.88445181811698
2023-01-24 10:00:00,9.752946061689212
2023-01-24 11:00:00,16.39170794551978
2023-01-24 12:00:00,17.177150975271232
2023-01-24 13:00:00,11.643989016539905
2023-01-24 14:00:00,10.156020105095354
2023-01-24 15:00:00,22.062483220939594
2023-01-24 16:00:00,15.152359270719998
2023-01-24 17:00:00,17.19471864561842
2023-01-24 18:00:00,9.904499832920092
2023-01-24 19:00:00,7.918457559448761
2023-01-24 20:00:00,11.167631019599177
2023-01-24 21:00:00,13.394772955109744
2023-01-24 22:00:00,8.693779857972984
2023-01-24 23:00:00,13.965655848807815
2023-01-25 00:00:00,5.729410085780668
2023-01-25 01:00:00,8.571698913773808
2023-01-25 02:00:00,17.526492267507543
2023-01-25 03:00:00,17.19088862751264
2023-01-25 04:00:00,12.212552199188837
2023-01-25 05:00:00,9.083114480738402
2023-01-25 06:00:00,9.034918268493113
2023-01-25 07:00:00,12.305594796416598
2023-01-25 08:00:00,17.394528484349625
2023-01-25 09:00:00,18.81316448284479
2023-01-25 10:00:00,11.689277348713322
2023-01-25 11:00:00,8.40447389619925
2023-01-25 12:00:00,15.511154215454834
2023-01-25 13:00:00,10.054261172993922
2023-01-25 14:00:00,11.580672831817155
2023-01-25 15:00:00,20.798316478308358
2023-01-25 16:00:00,18.307513168952006
2023-01-25 17:00:00,14.961807587380427
2023-01-25 18:00:00,7.812341020559554
2023-01-25 19:00:00,15.228918863476462
2023-01-25 20:00:00,19.4852224800608
2023-01-25 21:00:00,12.29376769729549
2023-01-25 22:00:00,20.92750647605674
2023-01-25 23:00:00,20.635662473714202
2023-01-26 00:00:00,22.64642008622168
2023-01-26 01:00:00,15.853971558161078
2023-01-26 02:00:00,17.264714424534375
2023-01-26 03:00:00,21.39869236715976
2023-01-26 04:00:00,16.56472561084919
2023-01-26 05:00:00,11.821585386553249
2023-01-26 06:00:00,12.085041742865005
2023-01-26 07:00:00,15.520530694373008
2023-01-26 08:00:00,7.8749488157732195
2023-01-26 09:00:00,13.61146134868335
2023-01-26 10:00:00,19.81049151665558
2023-01-26 11:00:00,3.371486669677907
2023-01-26 12:00:00,22.00016643447689
2023-01-26 13:00:00,19.93962701902011
2023-01-26 14:00:00,12.028932846351932
2023-01-26 15:00:00,17.04471006486336
2023-01-26 16:00:00,14.343494560035946
2023-01-26 17:00:00,20.47770776769773
2023-01-26 18:00:00,19.241171639354018
2023-01-26 19:00:00,7.327402309589267
2023-01-26 20:00:00,17.264067992825197
2023-01-26 21:00:00,13.299616657288075
2023-01-26 22:00:00,14.741918778094812
2023-01-26 23:00:00,10.686896420655234
2023-01-27 00:00:00,23.222978763008285
2023-01-27 01:00:00,19.682602516916987
2023-01-27 02:00:00,10.783437597539269
2023-01-27 03:00:00,7.809240382852943
2023-01-27 04:00:00,12.553930262514864
2023-01-27 05:00:00,16.654806647860635
2023-01-27 06:00:00,15.683322637135221
2023-01-27 07:00:00,20.747957541245324
2023-01-27 08:00:00,18.43189202830837
2023-01-27 09:00:00,19.33013854616864
2023-01-27 10:00:00,16.11657042045629
2023-01-27 11:00:00,7.535799766349155
2023-01-27 12:00:00,13.503800761669599
2023-01-27 13:00:00,19.782742116947432
2023-01-27 14:00:00,14.224678774780877
2023-01-27 15:00:00,16.99774526052284
2023-01-27 16:00:00,12.888551841173442
2023-01-27 17:00:00,9.33323417469488
2023-01-27 18:00:00,13.865573097173554
2023-01-27 19:00:00,16.027530632567377
2023-01-27 20:00:00,11.203854820096888
2023-01-27 21:00:00,13.303737193120764
2023-01-27 22:00:00,9.784977207474192
2023-01-27 23:00:00,20.078518005224588
2023-01-28 00:00:00,13.163223921088338
2023-01-28 01:00:00,21.899280434659424
2023-01-28 02:00:00,22.27924196173305
2023-01-28 03:00:00,14.230272885419788
2023-01-28 04:00:00,9.59325904629176
2023-01-28 05:00:00,4.206013320361821
2023-01-28 06:00:00,7.2753173438945495
2023-01-28 07:00:00,7.7663285845352075
2023-01-28 08:00:00,21.52785084633603
2023-01-28 09:00:00,15.214625645163238
2023-01-28 10:00:00,16.583525329488445
2023-01-28 11:00:00,3.5333976643528775
2023-01-28 12:00:00,8.6456705629422
2023-01-28 13:00:00,19.070901591259943
2023-01-28 14:00:00,16.06937327094144
2023-01-28 15:00:00,13.899476315600522
2023-01-28 16:00:00,17.459714502029122
2023-01-28 17:00:00,22.814491739707584
2023-01-28 18:00:00,13.530290391343256
2023-01-28 19:00:00,14.982351722318855
2023-01-28 20:00:00,15.598487302685033
2023-01-28 21:00:00,26.59605088539847
2023-01-28 22:00:00,4.13872138693338
2023-01-28 23:00:00,18.05161778297255
2023-01-29 00:00:00,14.213327157362567
2023-01-29 01:00:00,17.621197032078783
2023-01-29 02:00:00,11.500475631184264
2023-01-29 03:00:00,14.542513246865635
2023-01-29 04:00:00,18.344391298485363
2023-01-29 05:00:00,30.35188940637709
2023-01-29 06:00:00,18.827519348168245
2023-01-29 07:00:00,10.547010411005342
2023-01-29 08:00:00,12.66853999104437
2023-01-29 09:00:00,12.520267859238615
2023-01-29 10:00:00,5.809122538007811
2023-01-29 11:00:00,13.1368874426507
2023-01-29 12:00:00,18.45148381026661
2023-01-29 13:00:00,8.41617780577391
2023-01-29 14:00:00,20.02975165641085
2023-01-29 15:00:00,17.226212506579575
2023-01-29 16:00:00,11.116171791302696
2023-01-29 17:00:00,14.079690214468648
2023-01-29 18:00:00,22.77894743936305
2023-01-29 19:00:00,18.455077468687215
2023-01-29 20:00:00,14.831256675648625
2023-01-29 21:00:00,13.598921816352965
2023-01-29 22:00:00,15.170383753416184
2023-01-29 23:00:00,12.228520611446369
2023-01-30 00:00:00,4.414007973004699
2023-01-30 01:00:00,25.148645054273427
2023-01-30 02:00:00,15.71438049759678
2023-01-30 03:00:00,16.928491827212458
2023-01-30 04:00:00,14.648216752215228
2023-01-30 05:00:00,11.262171497976833
2023-01-30 06:00:00,14.008133096855918
2023-01-30 07:00:00,6.940781690628216
2023-01-30 08:00:00,26.323187991866295
2023-01-30 09:00:00,8.765195509487793
2023-01-30 10:00:00,9.777924082363874
2023-01-30 11:00:00,12.73645947966777
2023-01-30 12:00:00,21.37813412586166
2023-01-30 13:00:00,15.010300497913043
2023-01-30 14:00:00,8.75707652144746
2023-01-30 15:00:00,21.20944730538647
2023-01-30 16:00:00,18.59275863552718
2023-01-30 17:00:00,17.629930287682036
2023-01-30 18:00:00,18.516426707453974
2023-01-30 19:00:00,26.909565004512025
2023-01-30 20:00:00,25.86322997678033
2023-01-30 21:00:00,11.504178786583296
2023-01-30 22:00:00,23.057180465655534
2023-01-30 23:00:00,16.853596450394274
2023-01-31 00:00:00,17.58218851920979
2023-01-31 01:00:00,6.625355280304401
2023-01-31 02:00:00,14.234780611580064
2023-01-31 03:00:00,11.02259148683822
2023-01-31 04:00:00,19.22700351298759
2023-01-31 05:00:00,20.44211194053507
2023-01-31 06:00:00,4.714277683439487
2023-01-31 07:00:00,14.976535118499692
2023-01-31 08:00:00,20.696016962492305
2023-01-31 09:00:00,14.153314626953819
2023-01-31 10:00:00,18.732027663532868
2023-01-31 11:00:00,16.842536776656466
2023-01-31 12:00:00,16.795010598284176
2023-01-31 13:00:00,13.730134548179556
2023-01-31 14:00:00,9.003805417842496
2023-01-31 15:00:00,9.479058701395907
2023-01-31 16:00:00,18.633472010797632
2023-01-31 17:00:00,15.18400071611546
2023-01-31 18:00:00,14.39414821548492
2023-01-31 19:00:00,12.967259226909281
2023-01-31 20:00:00,13.560765211117285
2023-01-31 21:00:00,20.321268410961743
2023-01-31 22:00:00,13.41048902918091
2023-01-31 23:00:00,8.381385872013201
2023-02-01 00:00:00,18.952414951356367
2023-02-01 01:00:00,14.209772754331915
2023-02-01 02:00:00,15.391135401319383
2023-02-01 03:00:00,23.272047605653054
2023-02-01 04:00:00,15.131353286902966
2023-02-01 05:00:00,16.68007443924913
2023-02-01 06:00:00,9.339538617163875
2023-02-01 07:00:00,14.1358088119007
2023-02-01 08:00:00,18.281786299698506
2023-02-01 09:00:00,7.45728740444929
2023-02-01 10:00:00,16.238381539234048
2023-02-01 11:00:00,15.738111436879533
2023-02-01 12:00:00,15.440593351592698
2023-02-01 13:00:00,20.419950566946717
2023-02-01 14:00:00,16.90634864789811
2023-02-01 15:00:00,22.624515565437722
2023-02-01 16:00:00,10.266208495685321
2023-02-01 17:00:00,15.913778909747242
2023-02-01 18:00:00,15.656490005605239
2023-02-01 19:00:00,9.887883604880102
2023-02-01 20:00:00,20.015631084112233
2023-02-01 21:00:00,26.85752260291959
2023-02-01 22:00:00,15.149125701236347
2023-02-01 23:00:00,17.759261515024335
2023-02-02 00:00:00,15.802644094459634
2023-02-02 01:00:00,11.812128365847117
2023-02-02 02:00:00,6.2762503263729155
2023-02-02 03:00:00,11.851184299906171
2023-02-02 04:00:00,8.42025981062434
2023-02-02 05:00:00,23.90056210567859
2023-02-02 06:00:00,14.804503245766801
2023-02-02 07:00:00,13.650455070147144
2023-02-02 08:00:00,19.825820839322027
2023-02-02 09:00:00,9.771296201103556
2023-02-02 10:00:00,11.545731525360235
2023-02-02 11:00:00,15.720413061626102
2023-02-02 12:00:00,20.5238966725004
2023-02-02 13:00:00,17.888476941226937
2023-02-02 14:00:00,16.621677427962407
2023-02-02 15:00:00,15.770640391563079
2023-02-02 16:00:00,17.381230993016874
2023-02-02 17:00:00,16.38831624102927
2023-02-02 18:00:00,10.230190341498318
2023-02-02 19:00:00,15.610447823548753
2023-02-02 20:00:00,10.011608420794234
2023-02-02 21:00:00,15.785464429887115
2023-02-02 22:00:00,12.97681200794179
2023-02-02 23:00:00,28.076959829297305
2023-02-03 00:00:00,15.324881212917637
2023-02-03 01:00:00,8.503155300368253
2023-02-03 02:00:00,14.853452078291573
2023-02-03 03:00:00,18.121146859865636
2023-02-03 04:00:00,23.891172862438815
2023-02-03 05:00:00,12.577091131982606
2023-02-03 06:00:00,7.612213261557997
2023-02-03 07:00:00,19.608538188831105
2023-02-03 08:00:00,8.621359602177941
2023-02-03 09:00:00,13.343575924138772
2023-02-03 10:00:00,14.236250704121227
2023-02-03 11:00:00,15.176185865175656
2023-02-03 12:00:00,18.970175417047876
2023-02-03 13:00:00,12.106181720244258
2023-02-03 14:00:00,14.155706870842394
2023-02-03 15:00:00,15.453001366929254
2023-02-03 16:00:00,16.272342919270137
2023-02-03 17:00:00,16.01348900521581
2023-02-03 18:00:00,17.704382007789096
2023-02-03 19:00:00,19.743550679884883
2023-02-03 20:00:00,17.487523709931036
2023-02-03 21:00:00,17.79228074922229
2023-02-03 22:00:00,7.613237297943808
2023-02-03 23:00:00,15.775491627504598
2023-02-04 00:00:00,18.06455530291922
2023-02-04 01:00:00,19.311723535763427
2023-02-04 02:00:00,12.205263691742205
2023-02-04 03:00:00,12.371821188467951
2023-02-04 04:00:00,12.796514186493186
2023-02-04 05:00:00,18.349087062367893
2023-02-04 06:00:00,20.83642283753222
2023-02-04 07:00:00,13.629717026453168
2023-02-04 08:00:00,20.206829131046423
2023-02-04 09:00:00,16.284416608734148
2023-02-04 10:00:00,15.045588677098996
2023-02-04 11:00:00,14.610096413821331
2023-02-04 12:00:00,19.40007438592196
2023-02-04 13:00:00,17.294906646846528
2023-02-04 14:00:00,27.046144701149366
2023-02-04 15:00:00,11.405894347924555
2023-02-04 16:00:00,18.257526073061054
2023-02-04 17:00:00,13.021012513853613
2023-02-04 18:00:00,11.320582627967958
2023-02-04 19:00:00,15.612681877736316
2023-02-04 20:00:00,16.35377995994636
2023-02-04 21:00:00,30.25788533821164
2023-02-04 22:00:00,14.746288484495166
2023-02-04 23:00:00,10.01612391548776
2023-02-05 00:00:00,17.173056322009938
2023-02-05 01:00:00,5.434802546806168
2023-02-05 02:00:00,15.34821882151668
2023-02-05 03:00:00,15.888129146013812
2023-02-05 04:00:00,19.781004649264066
2023-02-05 05:00:00,20.676113981677243
2023-02-05 06:00:00,13.290154639999422
2023-02-05 07:00:00,15.054932661388344
2023-02-05 08:00:00,11.977398581484655
2023-02-05 09:00:00,10.16768996049954
2023-02-05 10:00:00,17.35747663144118
2023-02-05 11:00:00,9.440074991555013
2023-02-05 12:00:00,13.734868231678693
2023-02-05 13:00:00,10.832132935041823
2023-02-05 14:00:00,18.55641866598931
2023-02-05 15:00:00,24.81515323087045
2023-02-05 16:00:00,9.300062820521353
2023-02-05 17:00:00,6.542910320050163
2023-02-05 18:00:00,15.183568307787672
2023-02-05 19:00:00,15.886491714326802
2023-02-05 20:00:00,16.901299268324497
2023-02-05 21:00:00,13.576400158366285
2023-02-05 22:00:00,14.80480624041085
2023-02-05 23:00:00,17.64555478724102
2023-02-06 00:00:00,21.149421332831828
2023-02-06 01:00:00,6.172023018016221
2023-02-06 02:00:00,14.102569674450324
2023-02-06 03:00:00,17.01631083931295
2023-02-06 04:00:00,11.357386346553955
2023-02-06 05:00:00,24.603115028444133
2023-02-06 06:00:00,12.77021746846395
2023-02-06 07:00:00,15.740803434571221
2023-02-06 08:00:00,18.727377353819087
2023-02-06 09:00:00,12.990842925598162
2023-02-06 10:00:00,6.714401630585549
2023-02-06 11:00:00,13.803994235024968
2023-02-06 12:00:00,21.09446964924284
2023-02-06 13:00:00,14.262791235681942
2023-02-06 14:00:00,11.715095362312741
2023-02-06 15:00:00,20.575627917121242
2023-02-06 16:00:00,14.293392389492372
2023-02-06 17:00:00,13.396462801356549
2023-02-06 18:00:00,16.694547317924183
2023-02-06 19:00:00,19.80101791770157
2023-02-06 20:00:00,27.855834528270364
2023-02-06 21:00:00,20.083447407894752
2023-02-06 22:00:00,21.746466701549355
2023-02-06 23:00:00,13.417435874668358
2023-02-07 00:00:00,10.95542817130388
2023-02-07 01:00:00,16.396425449246877
2023-02-07 02:00:00,16.620618277449243
2023-02-07 03:00:00,10.692204994328275
2023-02-07 04:00:00,15.208296051631198
2023-02-07 05:00:00,18.081356709746917
2023-02-07 06:00:00,17.886735676241663
2023-02-07 07:00:00,18.606207968072624
2023-02-07 08:00:00,17.539592351838476
2023-02-07 09:00:00,13.549725404800983
2023-02-07 10:00:00,13.515265567907047
2023-02-07 11:00:00,10.090011711181882
2023-02-07 12:00:00,25.008643897076738
2023-02-07 13:00:00,16.152020524247728
2023-02-07 14:00:00,14.960503422177002
2023-02-07 15:00:00,11.440808293888967
2023-02-07 16:00:00,30.763058212790153
2023-02-07 17:00:00,10.718128540036783
2023-02-07 18:00:00,13.940529073120896
2023-02-07 19:00:00,18.163952882581565
2023-02-07 20:00:00,19.08583352987265
2023-02-07 21:00:00,20.874428977229684
2023-02-07 22:00:00,25.122811239997578
2023-02-07 23:00:00,18.615556978454823
2023-02-08 00:00:00,10.940313484575338
2023-02-08 01:00:00,14.93574185879977
2023-02-08 02:00:00,17.7596293469781
2023-02-08 03:00:00,26.561597691937795
2023-02-08 04:00:00,9.23144009228719
2023-02-08 05:00:00,22.233350010534814
2023-02-08 06:00:00,17.12003933214076
2023-02-08 07:00:00,20.40962016055608
2023-02-08 08:00:00,15.710493901229016
2023-02-08 09:00:00,12.008304333777044
2023-02-08 10:00:00,19.974831381415335
2023-02-08 11:00:00,19.492622619936782
2023-02-08 12:00:00,21.080752313107286
2023-02-08 13:00:00,16.1539443075155
2023-02-08 14:00:00,13.221357367809428
2023-02-08 15:00:00,8.42653250928947
2023-02-08 16:00:00,20.317333825105706
2023-02-08 17:00:00,18.339914896628606
2023-02-08 18:00:00,11.39155432008888
2023-02-08 19:00:00,13.527599117925554
2023-02-08 20:00:00,13.886673424651473
2023-02-08 21:00:00,8.805545324496585
2023-02-08 22:00:00,12.132055501383007
2023-02-08 23:00:00,10.551315700376906
2023-02-09 00:00:00,14.291927949462089
2023-02-09 01:00:00,12.66083551725396
2023-02-09 02:00:00,8.219298404568029
2023-02-09 03:00:00,26.46727416174918
2023-02-09 04:00:00,22.617026664047927
2023-02-09 05:00:00,12.459225901301846
2023-02-09 06:00:00,17.71642999216982
2023-02-09 07:00:00,18.44164845800825
2023-02-09 08:00:00,22.309752282769157
2023-02-09 09:00:00,12.261297875601379
2023-02-09 10:00:00,21.814856928813903
2023-02-09 11:00:00,13.614796487867096
2023-02-09 12:00:00,9.675010988058705
2023-02-09 13:00:00,19.97500580547426
2023-02-09 14:00:00,22.808115129513915
2023-02-09 15:00:00,29.293867876555197
2023-02-09 16:00:00,10.355696683450706
2023-02-09 17:00:00,19.848921434305716
2023-02-09 18:00:00,14.305316789934107
2023-02-09 19:00:00,20.27111656152193
2023-02-09 20:00:00,9.00187525274552
2023-02-09 21:00:00,10.040474130408953
2023-02-09 22:00:00,12.474948893069353
2023-02-09 23:00:00,16.749143237242194
2023-02-10 00:00:00,13.280889277658037
2023-02-10 01:00:00,19.78156732991691
2023-02-10 02:00:00,21.620768701639385
2023-02-10 03:00:00,19.48418331657659
2023-02-10 04:00:00,24.580233808654153
2023-02-10 05:00:00,18.565428757626528
2023-02-10 06:00:00,10.401812058648979
2023-02-10 07:00:00,23.303178178041513
2023-02-10 08:00:00,13.460514432319826
2023-02-10 09:00:00,21.038388108777664
2023-02-10 10:00:00,24.354966693125345
2023-02-10 11:00:00,18.76973566400181
2023-02-10 12:00:00,9.005501544526565
2023-02-10 13:00:00,11.895234777800855
2023-02-10 14:00:00,23.10001794477549
2023-02-10 15:00:00,15.640682182135732
2023-02-10 16:00:00,16.884163285060644
2023-02-10 17:00:00,20.28041769116786
2023-02-10 18:00:00,19.96790992075143
2023-02-10 19:00:00,17.880294672277117
2023-02-10 20:00:00,15.442953754247485
2023-02-10 21:00:00,14.922953381688027
2023-02-10 22:00:00,20.77578973680653
2023-02-10 23:00:00,19.25414326568878
2023-02-11 00:00:00,15.329846179333833
2023-02-11 01:00:00,22.026907747388485
2023-02-11 02:00:00,15.971175606773862
2023-02-11 03:00:00,12.358035310750815
2023-02-11 04:00:00,12.821492687906057
2023-02-11 05:00:00,11.72264200087395
2023-02-11 06:00:00,15.254296099404344
2023-02-11 07:00:00,22.784967574103746
2023-02-11 08:00:00,12.590870277270238
2023-02-11 09:00:00,17.558724987513294
2023-02-11 10:00:00,13.332899454285716
2023-02-11 11:00:00,15.314800976065593
2023-02-11 12:00:00,9.06614012249652
2023-02-11 13:00:00,15.513655036640094
2023-02-11 14:00:00,15.64781928339797
2023-02-11 15:00:00,19.31778590260126
2023-02-11 16:00:00,17.732750748699633
2023-02-11 17:00:00,10.624385557662555
2023-02-11 18:00:00,22.037337402640496
2023-02-11 19:00:00,17.66786138353276
2023-02-11 20:00:00,17.608313768310214
2023-02-11 21:00:00,16.570434415497086
2023-02-11 22:00:00,14.027558946311682
2023-02-11 23:00:00,17.70535788116641
2023-02-12 00:00:00,19.122378367972367
2023-02-12 01:00:00,8.00995773160168
2023-02-12 02:00:00,14.050632001598977
2023-02-12 03:00:00,15.469701336311509
2023-02-12 04:00:00,18.025289216800847
2023-02-12 05:00:00,22.710991217965084
2023-02-12 06:00:00,12.885732115345544
2023-02-12 07:00:00,14.254626954240246
2023-02-12 08:00:00,14.181765635096705
2023-02-12 09:00:00,12.736798237806749
2023-02-12 10:00:00,15.008503712768142
2023-02-12 11:00:00,20.598447288269313
2023-02-12 12:00:00,11.475258711507728
2023-02-12 13:00:00,18.88350816409397
2023-02-12 14:00:00,8.234925038237778
2023-02-12 15:00:00,13.937746206118426
2023-02-12 16:00:00,15.096989687239525
2023-02-12 17:00:00,25.11873455289978
2023-02-12 18:00:00,15.370424664566016
2023-02-12 19:00:00,5.738218821074863
2023-02-12 20:00:00,6.749991654023207
2023-02-12 21:00:00,16.91458412006286
2023-02-12 22:00:00,19.813290467279
2023-02-12 23:00:00,18.62171547646572
2023-02-13 00:00:00,17.708378201241622
2023-02-13 01:00:00,22.681825659765003
2023-02-13 02:00:00,14.17257156855101
2023-02-13 03:00:00,21.345080452370794
2023-02-13 04:00:00,8.710453247104581
2023-02-13 05:00:00,12.345788507546338
2023-02-13 06:00:00,7.835320697577588
2023-02-13 07:00:00,15.496301168887708
2023-02-13 08:00:00,16.639221585904956
2023-02-13 09:00:00,17.44103513336927
2023-02-13 10:00:00,17.179944436672343
2023-02-13 11:00:00,12.232761018178028
2023-02-13 12:00:00,15.919323450170591
2023-02-13 13:00:00,9.383294329207926
2023-02-13 14:00:00,23.68667254789792
2023-02-13 15:00:00,15.352397307746664
2023-02-13 16:00:00,14.426097077018213
2023-02-13 17:00:00,24.815229314457085
2023-02-13 18:00:00,10.659295004490524
2023-02-13 19:00:00,11.242592102076824
2023-02-13 20:00:00,11.389426047893844
2023-02-13 21:00:00,16.531170763739258
2023-02-13 22:00:00,19.028685820424656
2023-02-13 23:00:00,20.568905012825837
2023-02-14 00:00:00,29.854559857991315
2023-02-14 01:00:00,5.747420999512652
2023-02-14 02:00:00,20.038261216138558
2023-02-14 03:00:00,14.208930407655316
2023-02-14 04:00:00,14.062507526072604
2023-02-14 05:00:00,13.895722629247084
2023-02-14 06:00:00,12.450734916476605
2023-02-14 07:00:00,25.41720744353373
2023-02-14 08:00:00,21.206069905585984
2023-02-14 09:00:00,17.110563163303347
2023-02-14 10:00:00,23.749662032951473
2023-02-14 11:00:00,9.431938444022094
2023-02-14 12:00:00,10.34105761386184
2023-02-14 13:00:00,6.104744609543033
2023-02-14 14:00:00,13.497510569900035
2023-02-14 15:00:00,17.803075904040238
2023-02-14 16:00:00,17.508876160178144
2023-02-14 17:00:00,17.741292825815876
2023-02-14 18:00:00,9.939299115186063
2023-02-14 19:00:00,21.010356983586583
2023-02-14 20:00:00,18.19272086171146
2023-02-14 21:00:00,20.659854677846464
2023-02-14 22:00:00,7.530772382566212
2023-02-14 23:00:00,18.552037564505422
2023-02-15 00:00:00,11.177740023230111
2023-02-15 01:00:00,15.129949960060936
2023-02-15 02:00:00,19.78839071599966
2023-02-15 03:00:00,17.57203425409731
2023-02-15 04:00:00,12.858866323921152
2023-02-15 05:00:00,17.147932003739836
2023-02-15 06:00:00,9.45888964659953
2023-02-15 07:00:00,22.867903202309225
2023-02-15 08:00:00,16.09014612533649
2023-02-15 09:00:00,22.709315944094374
2023-02-15 10:00:00,14.48390778733753
2023-02-15 11:00:00,14.498686280784831
2023-02-15 12:00:00,13.295632289628513
2023-02-15 13:00:00,21.497435881283124
2023-02-15 14:00:00,13.569410436175366
2023-02-15 15:00:00,20.339543384893627
2023-02-15 16:00:00,15.204304234471294
2023-02-15 17:00:00,7.236749723359647
2023-02-15 18:00:00,14.264995883885415
2023-02-15 19:00:00,11.221025151003504
2023-02-15 20:00:00,17.286079841229434
2023-02-15 21:00:00,11.164527544445294
2023-02-15 22:00:00,21.746441726390827
2023-02-15 23:00:00,16.66118692105261
2023-02-16 00:00:00,16.34846040916543
2023-02-16 01:00:00,20.515901071897037
2023-02-16 02:00:00,22.055975053338436
2023-02-16 03:00:00,17.135946624110865
2023-02-16 04:00:00,13.380438885212671
2023-02-16 05:00:00,8.366592302398477
2023-02-16 06:00:00,13.806191597783224
2023-02-16 07:00:00,14.150379149719317
2023-02-16 08:00:00,17.771727647920606
2023-02-16 09:00:00,15.510705977268987
2023-02-16 10:00:00,20.676105243216263
2023-02-16 11:00:00,14.171524026605677
2023-02-16 12:00:00,16.951234548694416
2023-02-16 13:00:00,23.15637759894357
2023-02-16 14:00:00,18.945566452733956
2023-02-16 15:00:00,16.9362526745163
2023-02-16 16:00:00,14.226718173283238
2023-02-16 17:00:00,14.070283399384238
2023-02-16 18:00:00,12.983374118199386
2023-02-16 19:00:00,14.531406054044627
2023-02-16 20:00:00,21.014769576680695
2023-02-16 21:00:00,16.12699902649778
2023-02-16 22:00:00,10.487575036052968
2023-02-16 23:00:00,26.07728684825804
2023-02-17 00:00:00,18.95399618536567
2023-02-17 01:00:00,10.319453227074009
2023-02-17 02:00:00,15.144925593435737
2023-02-17 03:00:00,17.908602143781945
2023-02-17 04:00:00,25.87713069612674
2023-02-17 05:00:00,11.813607938345509
2023-02-17 06:00:00,22.23437382641959
2023-02-17 07:00:00,24.35160236450157
2023-02-17 08:00:00,14.210898704267004
2023-02-17 09:00:00,15.966602135338688
2023-02-17 10:00:00,12.172623992771005
2023-02-17 11:00:00,16.33686452423833
2023-02-17 12:00:00,17.1712203579252
2023-02-17 13:00:00,20.65242022005171
2023-02-17 14:00:00,22.80508758474209
2023-02-17 15:00:00,13.61368990653162
2023-02-17 16:00:00,7.517544908509883
2023-02-17 17:00:00,17.247946333258646
2023-02-17 18:00:00,18.82185787948306
2023-02-17 19:00:00,18.601258668065064
2023-02-17 20:00:00,15.720803992094636
2023-02-17 21:00:00,17.977930727959528
2023-02-17 22:00:00,24.931394271401093
2023-02-17 23:00:00,19.262841074452403
2023-02-18 00:00:00,15.602878751950131
2023-02-18 01:00:00,14.968731791485574
2023-02-18 02:00:00,16.6204590885769
2023-02-18 03:00:00,25.65342068611875
2023-02-18 04:00:00,16.553217329334565
2023-02-18 05:00:00,17.370749154362013
2023-02-18 06:00:00,15.058153022284039
2023-02-18 07:00:00,22.964637664175378
2023-02-18 08:00:00,27.26890715068893
2023-02-18 09:00:00,19.722786124122493
2023-02-18 10:00:00,17.88358539589268
2023-02-18 11:00:00,17.653635042836726
2023-02-18 12:00:00,5.548186933036824
2023-02-18 13:00:00,21.19547519838964
2023-02-18 14:00:00,18.14055295694477
2023-02-18 15:00:00,19.611431130269178
2023-02-18 16:00:00,13.91240990654703
2023-02-18 17:00:00,15.547436482080094
2023-02-18 18:00:00,15.414596194449688
2023-02-18 19:00:00,22.57783579733075
2023-02-18 20:00:00,15.575921693950086
2023-02-18 21:00:00,27.88302248751454
2023-02-18 22:00:00,19.62403297204074
2023-02-18 23:00:00,11.091307576986896
2023-02-19 00:00:00,16.940326618525837
2023-02-19 01:00:00,14.324682474003545
2023-02-19 02:00:00,6.611145735685502
2023-02-19 03:00:00,25.58041278535457
2023-02-19 04:00:00,21.098770795885642
2023-02-19 05:00:00,20.249094674282187
2023-02-19 06:00:00,18.410076386284146
2023-02-19 07:00:00,10.672970241323435
2023-02-19 08:00:00,15.16497238700844
2023-02-19 09:00:00,21.791961958705688
2023-02-19 10:00:00,12.32695793587311
2023-02-19 11:00:00,4.924211503531556
2023-02-19 12:00:00,16.447528045880993
2023-02-19 13:00:00,16.87427031464793
2023-02-19 14:00:00,18.26087516685917
2023-02-19 15:00:00,21.225651302358305
2023-02-19 16:00:00,20.771087145941667
2023-02-19 17:00:00,18.87690711100523
2023-02-19 18:00:00,23.56071502521917
2023-02-19 19:00:00,9.98820918071905
2023-02-19 20:00:00,20.105967157172575
2023-02-19 21:00:00,20.715749901470335
2023-02-19 22:00:00,11.385246654384424
2023-02-19 23:00:00,10.068705041373676
2023-02-20 00:00:00,13.964437636461371
2023-02-20 01:00:00,14.386441056262917
2023-02-20 02:00:00,21.46124558635153
2023-02-20 03:00:00,14.621454350383903
2023-02-20 04:00:00,13.412405677433359
2023-02-20 05:00:00,14.635979585366583
2023-02-20 06:00:00,23.287309939610438
2023-02-20 07:00:00,17.75936514072414
2023-02-20 08:00:00,16.797893142054818
2023-02-20 09:00:00,17.14412077533412
2023-02-20 10:00:00,24.15444994047199
2023-02-20 11:00:00,13.94828963582317
2023-02-20 12:00:00,24.271689723539897
2023-02-20 13:00:00,18.746629763446897
2023-02-20 14:00:00,16.89205135896264
2023-02-20 15:00:00,30.198650758510787
2023-02-20 16:00:00,12.415950819846396
2023-02-20 17:00:00,15.925719471004347
2023-02-20 18:00:00,11.531992073019376
2023-02-20 19:00:00,22.456458121520225
2023-02-20 20:00:00,26.140092937097773
2023-02-20 21:00:00,26.04376217586257
2023-02-20 22:00:00,23.8138920345694
2023-02-20 23:00:00,16.70604592985955
2023-02-21 00:00:00,15.97675362325852
2023-02-21 01:00:00,9.44710964823743
2023-02-21 02:00:00,27.982326186616717
2023-02-21 03:00:00,20.147848901450093
2023-02-21 04:00:00,15.343173986360338
2023-02-21 05:00:00,24.443242955642592
2023-02-21 06:00:00,12.939135926907749
2023-02-21 07:00:00,19.836068681821125
2023-02-21 08:00:00,16.93981283925358
2023-02-21 09:00:00,20.996344210109257
2023-02-21 10:00:00,17.485090814777145
2023-02-21 11:00:00,10.548319055151634
2023-02-21 12:00:00,18.180840374057944
2023-02-21 13:00:00,23.047279220084565
2023-02-21 14:00:00,17.656876481437827
2023-02-21 15:00:00,21.678534118653182
2023-02-21 16:00:00,12.575311082337489
2023-02-21 17:00:00,17.671654544358493
2023-02-21 18:00:00,14.680406235264867
2023-02-21 19:00:00,21.537862711231302
2023-02-21 20:00:00,17.960416322017732
2023-02-21 21:00:00,21.253326892390817
2023-02-21 22:00:00,23.241510641497083
2023-02-21 23:00:00,21.261051386314694
2023-02-22 00:00:00,19.275048739035995
2023-02-22 01:00:00,12.918395275010747
2023-02-22 02:00:00,17.895526014233265
2023-02-22 03:00:00,15.244004557488607
2023-02-22 04:00:00,16.18913678404664
2023-02-22 05:00:00,16.03678581381652
2023-02-22 06:00:00,13.009828693656551
2023-02-22 07:00:00,8.122763621897823
2023-02-22 08:00:00,14.568741325928938
2023-02-22 09:00:00,18.876353827188566
2023-02-22 10:00:00,11.168571340430322
2023-02-22 11:00:00,17.987867749925893
2023-02-22 12:00:00,27.410798689122597
2023-02-22 13:00:00,23.02473934382897
2023-02-22 14:00:00,26.12716411317042
2023-02-22 15:00:00,19.865095952231403
2023-02-22 16:00:00,23.747005682500003
2023-02-22 17:00:00,14.289632915228836
2023-02-22 18:00:00,14.687755232457851
2023-02-22 19:00:00,4.213755536880409
2023-02-22 20:00:00,23.840183937779265
2023-02-22 21:00:00,25.611076466667203
2023-02-22 22:00:00,15.143570340831424
2023-02-22 23:00:00,16.639698035581596
2023-02-23 00:00:00,14.244300313291957
2023-02-23 01:00:00,19.926878639134223
2023-02-23 02:00:00,23.63827360826297
2023-02-23 03:00:00,9.29975101234156
2023-02-23 04:00:00,20.060803534958026
2023-02-23 05:00:00,16.630252023151037
2023-02-23 06:00:00,18.58058284158021
2023-02-23 07:00:00,20.30858089011822
2023-02-23 08:00:00,17.07259868788266
2023-02-23 09:00:00,17.495676614717862
2023-02-23 10:00:00,16.94423504397357
2023-02-23 11:00:00,22.865191890688173
2023-02-23 12:00:00,20.10741068238425
2023-02-23 13:00:00,19.11652857043357
2023-02-23 14:00:00,11.658852276285351
2023-02-23 15:00:00,16.12071216568099
2023-02-23 16:00:00,22.506956683442635
2023-02-23 17:00:00,18.20209374736638
2023-02-23 18:00:00,21.311268229692455
2023-02-23 19:00:00,26.84616988338493
2023-02-23 20:00:00,23.206641227790847
2023-02-23 21:00:00,18.479402570245476
2023-02-23 22:00:00,15.45866503076813
2023-02-23 23:00:00,5.245862901467273
2023-02-24 00:00:00,17.273465977709346
2023-02-24 01:00:00,16.485328110989364
2023-02-24 02:00:00,20.067221562050488
2023-02-24 03:00:00,17.34586445520017
2023-02-24 04:00:00,16.513465292889638
2023-02-24 05:00:00,9.218395937537506
2023-02-24 06:00:00,13.415551444323278
2023-02-24 07:00:00,20.498645794076396
2023-02-24 08:00:00,26.69492874573708
2023-02-24 09:00:00,17.62776367134549
2023-02-24 10:00:00,19.754445957944228
2023-02-24 11:00:00,22.877781374837635
2023-02-24 12:00:00,14.060920909072362
2023-02-24 13:00:00,19.94946080650082
2023-02-24 14:00:00,14.412940058412817
2023-02-24 15:00:00,22.439512782528666
2023-02-24 16:00:00,18.87240582983227
2023-02-24 17:00:00,19.607649659980808
2023-02-24 18:00:00,14.202397602980664
2023-02-24 19:00:00,21.650552388127533
2023-02-24 20:00:00,28.53895519622869
2023-02-24 21:00:00,13.075832112932579
2023-02-24 22:00:00,16.41659555183599
2023-02-24 23:00:00,19.27342796091407
2023-02-25 00:00:00,22.146796593003224
2023-02-25 01:00:00,15.417034106576796
2023-02-25 02:00:00,4.049614082310441
2023-02-25 03:00:00,25.010713003844266
2023-02-25 04:00:00,22.017296130944857
2023-02-25 05:00:00,9.500027880590817
2023-02-25 06:00:00,15.176921574126363
2023-02-25 07:00:00,26.05567768066077
2023-02-25 08:00:00,25.453747625313472
2023-02-25 09:00:00,22.907965646418866
2023-02-25 10:00:00,17.33420336322483
2023-02-25 11:00:00,18.629702627086694
2023-02-25 12:00:00,17.56013650739351
2023-02-25 13:00:00,23.85596444936833
2023-02-25 14:00:00,13.835553500548592
2023-02-25 15:00:00,14.185767258603118
2023-02-25 16:00:00,23.26613846720422
2023-02-25 17:00:00,17.992958255466334
2023-02-25 18:00:00,25.107102310293183
2023-02-25 19:00:00,14.857204498121414
2023-02-25 20:00:00,17.940873731330015
2023-02-25 21:00:00,13.602700608804376
2023-02-25 22:00:00,18.25157894014198
2023-02-25 23:00:00,10.822030848030147
2023-02-26 00:00:00,15.873539158883263
2023-02-26 01:00:00,11.130436939017489
2023-02-26 02:00:00,21.78132242961437
2023-02-26 03:00:00,21.894652962456334
2023-02-26 04:00:00,9.660392611236352
2023-02-26 05:00:00,24.981134991160943
2023-02-26 06:00:00,30.798781895757347
2023-02-26 07:00:00,18.541738197339782
2023-02-26 08:00:00,15.106134962534853
2023-02-26 09:00:00,32.43335921867331
2023-02-26 10:00:00,11.716863772145524
2023-02-26 11:00:00,18.41223859800357
2023-02-26 12:00:00,19.209817626817696
2023-02-26 13:00:00,25.03744436592015
2023-02-26 14:00:00,20.11040113929202
2023-02-26 15:00:00,15.818536784715821
2023-02-26 16:00:00,13.555784411718296
2023-02-26 17:00:00,16.6025971624274
2023-02-26 18:00:00,13.277069458932356
2023-02-26 19:00:00,18.550832862581494
2023-02-26 20:00:00,15.490725364355646
2023-02-26 21:00:00,10.841517297209325
2023-02-26 22:00:00,24.587435205532596
2023-02-26 23:00:00,15.82334364651288
2023-02-27 00:00:00,12.065500031468222
2023-02-27 01:00:00,17.56488838390708
2023-02-27 02:00:00,18.748041886183078
2023-02-27 03:00:00,9.673850428449617
2023-02-27 04:00:00,20.064422391973597
2023-02-27 05:00:00,13.170396212893461
2023-02-27 06:00:00,26.961328102298722
2023-02-27 07:00:00,21.02598661672846
2023-02-27 08:00:00,16.406684105798202
2023-02-27 09:00:00,14.680345204758032
2023-02-27 10:00:00,17.881345518526665
2023-02-27 11:00:00,21.47013776426123
2023-02-27 12:00:00,18.278713413418785
2023-02-27 13:00:00,17.3203900206605
2023-02-27 14:00:00,18.698035510434263
2023-02-27 15:00:00,15.386889400160012
2023-02-27 16:00:00,16.690154422129595
2023-02-27 17:00:00,7.977221861819764
2023-02-27 18:00:00,23.274815210606622
2023-02-27 19:00:00,19.900172957953593
2023-02-27 20:00:00,14.538904836177634
2023-02-27 21:00:00,27.899858963120977
2023-02-27 22:00:00,18.841266458306716
2023-02-27 23:00:00,13.225466196468801
2023-02-28 00:00:00,22.78185802262757
2023-02-28 01:00:00,20.48841199782159
2023-02-28 02:00:00,20.471070842696374
2023-02-28 03:00:00,16.369392892017324
2023-02-28 04:00:00,20.75064953416545
2023-02-28 05:00:00,17.189379464169804
2023-02-28 06:00:00,21.27787817350449
2023-02-28 07:00:00,8.973448645222083
2023-02-28 08:00:00,16.32880360037933
2023-02-28 09:00:00,27.10894640431625
2023-02-28 10:00:00,14.662833638273774
2023-02-28 11:00:00,15.478979427809344
2023-02-28 12:00:00,16.258364223025403
2023-02-28 13:00:00,12.424140235832061
2023-02-28 14:00:00,7.4567670341340175
2023-02-28 15:00:00,17.345238922657213
2023-02-28 16:00:00,19.177468035683564
2023-02-28 17:00:00,18.235645572582015
2023-02-28 18:00:00,17.773778105535843
2023-02-28 19:00:00,18.713375269527216
2023-02-28 20:00:00,23.612378273029098
2023-02-28 21:00:00,17.545939985629193
2023-02-28 22:00:00,15.62775802983893
2023-02-28 23:00:00,17.092543490834846
2023-03-01 00:00:00,21.484373381541907
2023-03-01 01:00:00,25.647773975474276
2023-03-01 02:00:00,15.446920886912139
2023-03-01 03:00:00,19.082308517902447
2023-03-01 04:00:00,20.279426792437828
2023-03-01 05:00:00,13.624749549113915
2023-03-01 06:00:00,18.68972541882262
2023-03-01 07:00:00,11.259270296047553
2023-03-01 08:00:00,9.742388064061036
2023-03-01 09:00:00,20.421371622219315
2023-03-01 10:00:00,16.668265876104115
2023-03-01 11:00:00,19.599041620864124
2023-03-01 12:00:00,18.49816469771628
2023-03-01 13:00:00,13.705639339439042
2023-03-01 14:00:00,18.361368072936347
2023-03-01 15:00:00,12.422133057683753
2023-03-01 16:00:00,25.54250137276503
2023-03-01 17:00:00,11.80778785845821
2023-03-01 18:00:00,17.60871322791512
2023-03-01 19:00:00,13.376281642521787
2023-03-01 20:00:00,21.439745449562007
2023-03-01 21:00:00,16.930482726350515
2023-03-01 22:00:00,15.994305984651978
2023-03-01 23:00:00,22.853647308015802
2023-03-02 00:00:00,18.821716505683728
2023-03-02 01:00:00,21.257785776975805
2023-03-02 02:00:00,13.767933864708644
2023-03-02 03:00:00,11.650478827658432
2023-03-02 04:00:00,19.210603357496637
2023-03-02 05:00:00,17.080331769822312
2023-03-02 06:00:00,21.80673690956569
2023-03-02 07:00:00,18.275021283983218
2023-03-02 08:00:00,19.69994024346912
2023-03-02 09:00:00,10.55765089758975
2023-03-02 10:00:00,28.11674824536725
2023-03-02 11:00:00,17.85335362213581
2023-03-02 12:00:00,22.162498398991964
2023-03-02 13:00:00,14.494105196197836
2023-03-02 14:00:00,20.21461305838267
2023-03-02 15:00:00,12.160339729672241
2023-03-02 16:00:00,20.934902738594324
2023-03-02 17:00:00,16.894693125366803
2023-03-02 18:00:00,18.820516066973806
2023-03-02 19:00:00,22.164433697946457
2023-03-02 20:00:00,12.511861991194568
2023-03-02 21:00:00,15.252104894231984
2023-03-02 22:00:00,20.961184952729795
2023-03-02 23:00:00,29.165670920029704
2023-03-03 00:00:00,18.068505378135022
2023-03-03 01:00:00,21.714597641062092
2023-03-03 02:00:00,18.22405970215003
2023-03-03 03:00:00,28.47014502522393
2023-03-03 04:00:00,10.022808716616153
2023-03-03 05:00:00,19.23202227478922
2023-03-03 06:00:00,10.631196883632127
2023-03-03 07:00:00,6.226059198758847
2023-03-03 08:00:00,20.246227317031515
2023-03-03 09:00:00,19.456406032179725
2023-03-03 10:00:00,17.334732362731422
2023-03-03 11:00:00,18.227946601243666
2023-03-03 12:00:00,34.25041422179872
2023-03-03 13:00:00,17.46804136128526
2023-03-03 14:00:00,21.309538857692807
2023-03-03 15:00:00,15.512092953373026
2023-03-03 16:00:00,20.235079926645447
2023-03-03 17:00:00,17.567748676164342
2023-03-03 18:00:00,16.70632463779378
2023-03-03 19:00:00,27.853409712444055
2023-03-03 20:00:00,24.644841867364125
2023-03-03 21:00:00,19.442650288438585
2023-03-03 22:00:00,7.237857371722598
2023-03-03 23:00:00,16.953870935179584
2023-03-04 00:00:00,32.355812921459055
2023-03-04 01:00:00,17.687366766235094
2023-03-04 02:00:00,24.356762959701925
2023-03-04 03:00:00,26.05038710919664
2023-03-04 04:00:00,19.93549467871351
2023-03-04 05:00:00,14.631566940092874
2023-03-04 06:00:00,6.664113440519193
2023-03-04 07:00:00,22.26149114247841
2023-03-04 08:00:00,14.766895085315895
2023-03-04 09:00:00,19.721427358872095
2023-03-04 10:00:00,12.591573401486816
2023-03-04 11:00:00,17.514487397082625
2023-03-04 12:00:00,19.0092703739389
2023-03-04 13:00:00,20.183643004655124
2023-03-04 14:00:00,13.266564162671564
2023-03-04 15:00:00,24.825229843240397
2023-03-04 16:00:00,15.85620117577378
2023-03-04 17:00:00,10.46832779716741
2023-03-04 18:00:00,18.295557999616317
2023-03-04 19:00:00,19.012551644565935
2023-03-04 20:00:00,19.643622265292436
2023-03-04 21:00:00,25.651337117859033
2023-03-04 22:00:00,17.658430915754337
2023-03-04 23:00:00,18.242576977589778
2023-03-05 00:00:00,13.403891558430018
2023-03-05 01:00:00,23.02258097903497
2023-03-05 02:00:00,19.841358784986003
2023-03-05 03:00:00,16.819674828124672
2023-03-05 04:00:00,9.396439997268168
2023-03-05 05:00:00,26.14187443987092
2023-03-05 06:00:00,12.781413642315199
2023-03-05 07:00:00,15.963423417746956
2023-03-05 08:00:00,20.7115360199755
2023-03-05 09:00:00,12.937023821512053
2023-03-05 10:00:00,11.452264573329767
2023-03-05 11:00:00,8.30007555109216
2023-03-05 12:00:00,22.524798229123665
2023-03-05 13:00:00,16.193882240963877
2023-03-05 14:00:00,33.556163926962135
2023-03-05 15:00:00,13.948038136441118
2023-03-05 16:00:00,14.312558347450878
2023-03-05 17:00:00,16.092848613168478
2023-03-05 18:00:00,20.13548674028793
2023-03-05 19:00:00,16.56879677066893
2023-03-05 20:00:00,21.981474534608047
2023-03-05 21:00:00,14.026871514652214
2023-03-05 22:00:00,12.01185487227758
2023-03-05 23:00:00,9.928739767549947
2023-03-06 00:00:00,7.878437856836449
2023-03-06 01:00:00,16.40596359914715
2023-03-06 02:00:00,17.491407134556322
2023-03-06 03:00:00,15.839123559106516
2023-03-06 04:00:00,25.213337682458242
2023-03-06 05:00:00,25.13645974456311
2023-03-06 06:00:00,17.322293759299924
2023-03-06 07:00:00,10.026703130562618
2023-03-06 08:00:00,16.16278315624717
2023-03-06 09:00:00,15.997201726937126
2023-03-06 10:00:00,15.710633885132143
2023-03-06 11:00:00,15.50771417703121
2023-03-06 12:00:00,15.728994217898396
2023-03-06 13:00:00,17.063600617033636
2023-03-06 14:00:00,15.81860320244465
2023-03-06 15:00:00,20.037921239650395
2023-03-06 16:00:00,20.79815227604674
2023-03-06 17:00:00,14.443083260609985
2023-03-06 18:00:00,25.3516353265576
2023-03-06 19:00:00,14.095997187319362
2023-03-06 20:00:00,10.907305627445748
2023-03-06 21:00:00,20.90019905334769
2023-03-06 22:00:00,14.909268024450736
2023-03-06 23:00:00,20.602766050309373
2023-03-07 00:00:00,7.051795122523705
2023-03-07 01:00:00,26.032417835441695
2023-03-07 02:00:00,22.43160516822837
2023-03-07 03:00:00,11.567755382211349
2023-03-07 04:00:00,11.67625250879493
2023-03-07 05:00:00,27.431467648513994
2023-03-07 06:00:00,15.383238610536566
2023-03-07 07:00:00,14.899213884363238
2023-03-07 08:00:00,7.739877657279944
2023-03-07 09:00:00,17.316247100018586
2023-03-07 10:00:00,17.931540053847595
2023-03-07 11:00:00,22.647603611873784
2023-03-07 12:00:00,12.07474598710398
2023-03-07 13:00:00,11.46870416682331
2023-03-07 14:00:00,21.32495130190874
2023-03-07 15:00:00,24.103788484161683
2023-03-07 16:00:00,11.214376372436941
2023-03-07 17:00:00,24.477708559525063
2023-03-07 18:00:00,19.257847335460465
2023-03-07 19:00:00,24.529164823399586
2023-03-07 20:00:00,18.719036320438274
2023-03-07 21:00:00,6.458748540586605
2023-03-07 22:00:00,18.310301216446163
2023-03-07 23:00:00,24.370857221382707
2023-03-08 00:00:00,14.672549786434764
2023-03-08 01:00:00,17.201455037316077
2023-03-08 02:00:00,18.260612364098446
2023-03-08 03:00:00,4.643710482510926
2023-03-08 04:00:00,27.498017759040717
2023-03-08 05:00:00,14.634401482367464
2023-03-08 06:00:00,21.66995704421733
2023-03-08 07:00:00,18.707774201112294
2023-03-08 08:00:00,25.429375163650136
2023-03-08 09:00:00,21.17156049399374
2023-03-08 10:00:00,17.966658524248462
2023-03-08 11:00:00,14.673704419256936
2023-03-08 12:00:00,23.13053338876403
2023-03-08 13:00:00,9.774073362080252
2023-03-08 14:00:00,22.370731983232798
2023-03-08 15:00:00,13.646056124078973
2023-03-08 16:00:00,25.402698191636535
2023-03-08 17:00:00,19.947777595166812
2023-03-08 18:00:00,22.36189872110388
2023-03-08 19:00:00,19.551223950976933
2023-03-08 20:00:00,10.379394406148352
2023-03-08 21:00:00,14.837634064876644
2023-03-08 22:00:00,22.503226569910247
2023-03-08 23:00:00,19.974558968652556
2023-03-09 00:00:00,25.11466240369471
2023-03-09 01:00:00,21.226085692352207
2023-03-09 02:00:00,14.376203423653047
2023-03-09 03:00:00,15.229392188563176
2023-03-09 04:00:00,19.72429982978253
2023-03-09 05:00:00,7.639492547165819
2023-03-09 06:00:00,27.576922305281272
2023-03-09 07:00:00,21.418446559054132
2023-03-09 08:00:00,25.344885862410706
2023-03-09 09:00:00,11.3066931731205
2023-03-09 10:00:00,25.432538678942624
2023-03-09 11:00:00,30.36720743230509
2023-03-09 12:00:00,12.60532110027976
2023-03-09 13:00:00,23.06672185168518
2023-03-09 14:00:00,19.215262600602813
2023-03-09 15:00:00,11.487543635925125
2023-03-09 16:00:00,21.674132736425694
2023-03-09 17:00:00,23.377728901353088
2023-03-09 18:00:00,16.204080113822112
2023-03-09 19:00:00,25.03929547844246
2023-03-09 20:00:00,10.875895843220357
2023-03-09 21:00:00,11.735932144918126
2023-03-09 22:00:00,19.89269985511011
2023-03-09 23:00:00,19.336639267027707
2023-03-10 00:00:00,15.69254939367144
2023-03-10 01:00:00,23.323389015651394
2023-03-10 02:00:00,21.92988840687171
2023-03-10 03:00:00,23.566112190462043
2023-03-10 04:00:00,18.659734659030626
2023-03-10 05:00:00,22.28831817568367
2023-03-10 06:00:00,17.047165320641994
2023-03-10 07:00:00,29.54451028622494
2023-03-10 08:00:00,15.212687985182036
2023-03-10 09:00:00,29.801903983083527
2023-03-10 10:00:00,19.449856571239007
2023-03-10 11:00:00,12.397862387948251
2023-03-10 12:00:00,26.11581358823497
2023-03-10 13:00:00,19.90492377776676
2023-03-10 14:00:00,23.531037327693156
2023-03-10 15:00:00,25.394696428504933
2023-03-10 16:00:00,20.96519460651709
2023-03-10 17:00:00,16.314212611727893
2023-03-10 18:00:00,24.153983724138214
2023-03-10 19:00:00,19.279194373064943
2023-03-10 20:00:00,22.70470592883406
2023-03-10 21:00:00,8.506763966834658
2023-03-10 22:00:00,21.510325420841227
2023-03-10 23:00:00,16.082487710066815
2023-03-11 00:00:00,27.604920474121904
2023-03-11 01:00:00,22.453809027674726
2023-03-11 02:00:00,20.537661017475735
2023-03-11 03:00:00,21.769922254980358
2023-03-11 04:00:00,14.34616802384566
2023-03-11 05:00:00,27.45465574086952
2023-03-11 06:00:00,29.295224380313776
2023-03-11 07:00:00,21.302939840970332
2023-03-11 08:00:00,27.290390131097446
2023-03-11 09:00:00,16.492631294866584
2023-03-11 10:00:00,15.352804457104348
2023-03-11 11:00:00,19.542996031873866
2023-03-11 12:00:00,21.513077480068745
2023-03-11 13:00:00,17.36843888201365
2023-03-11 14:00:00,22.02721324007167
2023-03-11 15:00:00,20.870319698596322
2023-03-11 16:00:00,14.346838411773977
2023-03-11 17:00:00,21.932337375487858
2023-03-11 18:00:00,23.656013500836856
2023-03-11 19:00:00,20.195718876181207
2023-03-11 20:00:00,25.101612804537716
2023-03-11 21:00:00,13.251353320744492
2023-03-11 22:00:00,21.67812439888851
2023-03-11 23:00:00,13.486968756245378
2023-03-12 00:00:00,13.828153788253518
2023-03-12 01:00:00,16.243906410730006
2023-03-12 02:00:00,14.68825966154773
2023-03-12 03:00:00,16.658581485713267
2023-03-12 04:00:00,18.32780902586301
2023-03-12 05:00:00,23.584333011075877
2023-03-12 06:00:00,17.792765385890444
2023-03-12 07:00:00,11.470432045570991
2023-03-12 08:00:00,25.098899811894757
2023-03-12 09:00:00,15.213109911343757
2023-03-12 10:00:00,19.10495844389581
2023-03-12 11:00:00,21.631243114122512
2023-03-12 12:00:00,20.39661267143287
2023-03-12 13:00:00,24.869458317026332
2023-03-12 14:00:00,21.79357629638275
2023-03-12 15:00:00,15.092012680933415
2023-03-12 16:00:00,30.291371449377266
2023-03-12 17:00:00,20.370227896110123
2023-03-12 18:00:00,18.661859446311425
2023-03-12 19:00:00,24.21818769469681
2023-03-12 20:00:00,20.645815309069317
2023-03-12 21:00:00,21.39470154411559
2023-03-12 22:00:00,31.85948057242239
2023-03-12 23:00:00,18.022953438143723
2023-03-13 00:00:00,17.867159404184445
2023-03-13 01:00:00,20.038856434333745
2023-03-13 02:00:00,24.81354355217662
2023-03-13 03:00:00,11.92329372331943
2023-03-13 04:00:00,9.6281844168889
2023-03-13 05:00:00,16.520387521170687
2023-03-13 06:00:00,11.28634907897499
2023-03-13 07:00:00,17.331807136643235
2023-03-13 08:00:00,21.968462354917875
2023-03-13 09:00:00,15.002219556510108
2023-03-13 10:00:00,12.321830990364713
2023-03-13 11:00:00,19.802649682848166
2023-03-13 12:00:00,23.76868129734728
2023-03-13 13:00:00,10.981096681688362
2023-03-13 14:00:00,23.557125865801346
2023-03-13 15:00:00,23.542494892963056
2023-03-13 16:00:00,24.226389385054567
2023-03-13 17:00:00,25.548364948629857
2023-03-13 18:00:00,30.466033497569505
2023-03-13 19:00:00,17.67550363117615
2023-03-13 20:00:00,20.003821774660715
2023-03-13 21:00:00,17.3737717080313
2023-03-13 22:00:00,19.46584809805048
2023-03-13 23:00:00,27.120330652452985
2023-03-14 00:00:00,12.785492743298192
2023-03-14 01:00:00,15.205316802123658
2023-03-14 02:00:00,26.396469845474343
2023-03-14 03:00:00,24.610747697461985
2023-03-14 04:00:00,17.694906928866146
2023-03-14 05:00:00,23.782575168555134
2023-03-14 06:00:00,21.216644375411704
2023-03-14 07:00:00,27.011938207956476
2023-03-14 08:00:00,19.8831131320854
2023-03-14 09:00:00,24.638725732314448
2023-03-14 10:00:00,32.72062471541464
2023-03-14 11:00:00,22.501060938188868
2023-03-14 12:00:00,19.757205991925755
2023-03-14 13:00:00,23.122800089056433
2023-03-14 14:00:00,17.68416087193211
2023-03-14 15:00:00,31.450403690575197
2023-03-14 16:00:00,20.410920351431443
2023-03-14 17:00:00,18.145898561823973
2023-03-14 18:00:00,15.332120137851355
2023-03-14 19:00:00,24.99666612098373
2023-03-14 20:00:00,23.84650222709023
2023-03-14 21:00:00,17.02379330588107
2023-03-14 22:00:00,22.39282188856365
2023-03-14 23:00:00,11.967785321887254
2023-03-15 00:00:00,20.48720114128484
2023-03-15 01:00:00,21.82613002630253
2023-03-15 02:00:00,28.09899731371517
2023-03-15 03:00:00,15.708254252275609
2023-03-15 04:00:00,13.170585121907434
2023-03-15 05:00:00,15.085208461293847
2023-03-15 06:00:00,12.879505764344456
2023-03-15 07:00:00,26.245635054713972
2023-03-15 08:00:00,27.30554474103924
2023-03-15 09:00:00,21.1634311556632
2023-03-15 10:00:00,25.668822994344797
2023-03-15 11:00:00,20.232140168820234
2023-03-15 12:00:00,19.086790027415226
2023-03-15 13:00:00,17.89716017065025
2023-03-15 14:00:00,18.01039330903123
2023-03-15 15:00:00,11.8233404843739
2023-03-15 16:00:00,20.88362208395575
2023-03-15 17:00:00,19.360678714848838
2023-03-15 18:00:00,23.289151886308435
2023-03-15 19:00:00,20.029965748112105
2023-03-15 20:00:00,18.748829758073597
2023-03-15 21:00:00,15.206383115880902
2023-03-15 22:00:00,19.923114450027864
2023-03-15 23:00:00,23.253534419999866
2023-03-16 00:00:00,13.894602883303705
2023-03-16 01:00:00,20.048666607126705
2023-03-16 02:00:00,20.776512596370427
2023-03-16 03:00:00,16.020973920631686
2023-03-16 04:00:00,16.672016314183008
2023-03-16 05:00:00,20.76435208255408
2023-03-16 06:00:00,13.944192747259894
2023-03-16 07:00:00,21.36091641496997
2023-03-16 08:00:00,15.134525970427008
2023-03-16 09:00:00,24.92556630388909
2023-03-16 10:00:00,31.300436565664505
2023-03-16 11:00:00,15.30751383021391
2023-03-16 12:00:00,22.28233715059638
2023-03-16 13:00:00,15.97758831431291
2023-03-16 14:00:00,24.816068707711956
2023-03-16 15:00:00,13.285005793296932
2023-03-16 16:00:00,22.01423163086157
2023-03-16 17:00:00,15.246353004276244
2023-03-16 18:00:00,18.576374893231165
2023-03-16 19:00:00,14.456171462986472
2023-03-16 20:00:00,23.723050193201775
2023-03-16 21:00:00,15.426396066525072
2023-03-16 22:00:00,22.371119135382145
2023-03-16 23:00:00,17.890807697411343
2023-03-17 00:00:00,19.085037517554234
2023-03-17 01:00:00,20.39617891354919
2023-03-17 02:00:00,15.848276018254303
2023-03-17 03:00:00,20.70923494425298
2023-03-17 04:00:00,27.309072198320603
2023-03-17 05:00:00,15.766925447384976
2023-03-17 06:00:00,25.516450092917772
2023-03-17 07:00:00,27.14788754398747
2023-03-17 08:00:00,15.576624431408327
2023-03-17 09:00:00,12.382126351095787
2023-03-17 10:00:00,21.16720387740737
2023-03-17 11:00:00,16.920361762714183
2023-03-17 12:00:00,29.000415472363557
2023-03-17 13:00:00,19.831437079047706
2023-03-17 14:00:00,15.64640233637265
2023-03-17 15:00:00,13.92160182148999
2023-03-17 16:00:00,25.1069241720027
2023-03-17 17:00:00,16.801479506127613
2023-03-17 18:00:00,19.876543373850687
2023-03-17 19:00:00,24.43641310211095
2023-03-17 20:00:00,17.236107616894394
2023-03-17 21:00:00,19.427755232847744
2023-03-17 22:00:00,19.574557327435947
2023-03-17 23:00:00,23.074021934129007
2023-03-18 00:00:00,22.6543608960667
2023-03-18 01:00:00,18.60007056224093
2023-03-18 02:00:00,20.01888452599766
2023-03-18 03:00:00,17.84174416089763
2023-03-18 04:00:00,12.312577183917849
2023-03-18 05:00:00,20.988643505505717
2023-03-18 06:00:00,29.16159802268041
2023-03-18 07:00:00,15.282043515059758
2023-03-18 08:00:00,15.835490670501557
2023-03-18 09:00:00,15.347000360296365
2023-03-18 10:00:00,23.323598112130686
2023-03-18 11:00:00,21.943066489497273
2023-03-18 12:00:00,18.90795075643279
2023-03-18 13:00:00,15.110543910320246
2023-03-18 14:00:00,20.162523176714693
2023-03-18 15:00:00,11.87752858183605
2023-03-18 16:00:00,20.417772052802537
2023-03-18 17:00:00,24.05826114895474
2023-03-18 18:00:00,13.444643535346682
2023-03-18 19:00:00,12.038047834366754
2023-03-18 20:00:00,27.59782867698937
2023-03-18 21:00:00,16.641841020992146
2023-03-18 22:00:00,25.380378448234183
2023-03-18 23:00:00,18.930650892525914
2023-03-19 00:00:00,18.931230467017564
2023-03-19 01:00:00,21.933068049207428
2023-03-19 02:00:00,15.321010267992
2023-03-19 03:00:00,20.40349026920243
2023-03-19 04:00:00,17.83355747760374
2023-03-19 05:00:00,13.138537334699045
2023-03-19 06:00:00,21.428414925356197
2023-03-19 07:00:00,18.42446551733462
2023-03-19 08:00:00,18.955880409500665
2023-03-19 09:00:00,13.690199834653413
2023-03-19 10:00:00,27.698006390538225
2023-03-19 11:00:00,24.124575483654784
2023-03-19 12:00:00,24.561783972584095
2023-03-19 13:00:00,18.213781039515794
2023-03-19 14:00:00,11.0950901042071
2023-03-19 15:00:00,29.505591464171758
2023-03-19 16:00:00,19.435517011694863
2023-03-19 17:00:00,15.997005571623934
2023-03-19 18:00:00,21.82501242413977
2023-03-19 19:00:00,25.57660849174069
2023-03-19 20:00:00,19.625751771296873
2023-03-19 21:00:00,26.133880391421073
2023-03-19 22:00:00,25.156004244308544
2023-03-19 23:00:00,14.359098614713911
2023-03-20 00:00:00,16.409532886759187
2023-03-20 01:00:00,24.566169231455408
2023-03-20 02:00:00,6.21542059600438
2023-03-20 03:00:00,19.031204949231626
2023-03-20 04:00:00,12.624327406933212
2023-03-20 05:00:00,17.395714407888946
2023-03-20 06:00:00,18.28438296991055
2023-03-20 07:00:00,17.98726152551903
2023-03-20 08:00:00,17.017177154493528
2023-03-20 09:00:00,14.292765166912499
2023-03-20 10:00:00,31.23803974915
2023-03-20 11:00:00,29.115793435863324
2023-03-20 12:00:00,13.968154313775155
2023-03-20 13:00:00,27.689067171574408
2023-03-20 14:00:00,17.781155962692306
2023-03-20 15:00:00,20.42442078171512
2023-03-20 16:00:00,19.46211361557199
2023-03-20 17:00:00,16.47974020878674
2023-03-20 18:00:00,24.697745133087302
2023-03-20 19:00:00,20.40791606793986
2023-03-20 20:00:00,17.395726298960362
2023-03-20 21:00:00,13.255536196054207
2023-03-20 22:00:00,15.310508346460967
2023-03-20 23:00:00,11.571582837046085
2023-03-21 00:00:00,19.87418244479194
2023-03-21 01:00:00,13.829736741294115
2023-03-21 02:00:00,18.48526214012339
2023-03-21 03:00:00,26.66357397076795
2023-03-21 04:00:00,25.809562567324022
2023-03-21 05:00:00,19.651680232203006
2023-03-21 06:00:00,19.377641072000344
2023-03-21 07:00:00,29.212437449821135
2023-03-21 08:00:00,22.41684530450965
2023-03-21 09:00:00,18.17403240333348
2023-03-21 10:00:00,12.682974117113833
2023-03-21 11:00:00,21.78243079353981
2023-03-21 12:00:00,23.959683565630407
2023-03-21 13:00:00,16.654807080147876
2023-03-21 14:00:00,21.269078478406257
2023-03-21 15:00:00,17.99519822814095
2023-03-21 16:00:00,18.89290270672108
2023-03-21 17:00:00,7.373954414904437
2023-03-21 18:00:00,18.704157684135417
2023-03-21 19:00:00,24.659911214756367
2023-03-21 20:00:00,16.656051924883304
2023-03-21 21:00:00,20.075696543792674
2023-03-21 22:00:00,16.033311169256493
2023-03-21 23:00:00,21.615273084179957
2023-03-22 00:00:00,18.762122179840055
2023-03-22 01:00:00,15.148530464110888
2023-03-22 02:00:00,26.507495505846563
2023-03-22 03:00:00,24.489398235181998
2023-03-22 04:00:00,16.82020434788005
2023-03-22 05:00:00,22.33367971460981
2023-03-22 06:00:00,22.531798181622825
2023-03-22 07:00:00,23.056244342576804
2023-03-22 08:00:00,11.373458687545535
2023-03-22 09:00:00,24.877770872684064
2023-03-22 10:00:00,16.996243352892265
2023-03-22 11:00:00,18.055598500314588
2023-03-22 12:00:00,33.034146928821926
2023-03-22 13:00:00,21.354105071125982
2023-03-22 14:00:00,17.913125790285044
2023-03-22 15:00:00,8.818266303741392
2023-03-22 16:00:00,26.7935588372527
2023-03-22 17:00:00,13.11868981347791
2023-03-22 18:00:00,14.827543650023404
2023-03-22 19:00:00,18.18797667208168
2023-03-22 20:00:00,26.926797126022386
2023-03-22 21:00:00,23.71093810084972
2023-03-22 22:00:00,19.05555061831962
2023-03-22 23:00:00,21.386198485715028
2023-03-23 00:00:00,16.871565959584334
2023-03-23 01:00:00,20.57176287176662
2023-03-23 02:00:00,20.240178147830548
2023-03-23 03:00:00,24.71734390234663
2023-03-23 04:00:00,24.709385036134613
2023-03-23 05:00:00,22.343381334968086
2023-03-23 06:00:00,18.061756636209353
2023-03-23 07:00:00,23.582605895890495
2023-03-23 08:00:00,19.413652092924632
2023-03-23 09:00:00,14.463922580374199
2023-03-23 10:00:00,17.85705546438517
2023-03-23 11:00:00,20.296129342861487
2023-03-23 12:00:00,24.424573342263592
2023-03-23 13:00:00,18.955853563154097
2023-03-23 14:00:00,13.827500867741833
2023-03-23 15:00:00,20.15720284042396
2023-03-23 16:00:00,20.440774624222627
2023-03-23 17:00:00,20.80268256845363
2023-03-23 18:00:00,24.472852003712013
2023-03-23 19:00:00,24.968110624389354
2023-03-23 20:00:00,16.90244006203153
2023-03-23 21:00:00,16.792777133695147
2023-03-23 22:00:00,14.672500869162498
2023-03-23 23:00:00,23.367572775342246
2023-03-24 00:00:00,27.14342549256211
2023-03-24 01:00:00,18.323915311328914
2023-03-24 02:00:00,18.692172127248565
2023-03-24 03:00:00,27.233237735368412
2023-03-24 04:00:00,22.42711421694857
2023-03-24 05:00:00,22.080503474878807
2023-03-24 06:00:00,13.944742421004896
2023-03-24 07:00:00,23.292965297270626
2023-03-24 08:00:00,15.253643248324739
2023-03-24 09:00:00,14.22922402119874
2023-03-24 10:00:00,18.16546706703997
2023-03-24 11:00:00,16.97036133363008
2023-03-24 12:00:00,18.791326478948335
2023-03-24 13:00:00,12.694416778248938
2023-03-24 14:00:00,24.693406483211895
2023-03-24 15:00:00,25.537756423455676
2023-03-24 16:00:00,10.16261258016946
2023-03-24 17:00:00,24.791613979206282
2023-03-24 18:00:00,15.8466818017654
2023-03-24 19:00:00,24.18420263578746
2023-03-24 20:00:00,19.557092487541453
2023-03-24 21:00:00,20.043202771278523
2023-03-24 22:00:00,18.97383670376744
2023-03-24 23:00:00,25.959970972040963
2023-03-25 00:00:00,13.72428203155418
2023-03-25 01:00:00,22.961423787854365
2023-03-25 02:00:00,25.42887291862707
2023-03-25 03:00:00,23.503922496881376
2023-03-25 04:00:00,31.54571666579641
2023-03-25 05:00:00,17.27748828055583
2023-03-25 06:00:00,24.70874620714698
2023-03-25 07:00:00,19.39176891747222
2023-03-25 08:00:00,26.08925247594267
2023-03-25 09:00:00,19.883777115572475
2023-03-25 10:00:00,17.982843184866972
2023-03-25 11:00:00,26.452583113537468
2023-03-25 12:00:00,17.464412399084672
2023-03-25 13:00:00,12.85859329967654
2023-03-25 14:00:00,17.337987678310178
2023-03-25 15:00:00,23.017386827121985
2023-03-25 16:00:00,26.88241585211478
2023-03-25 17:00:00,20.47786897066188
2023-03-25 18:00:00,26.513207430349446
2023-03-25 19:00:00,13.131347486791354
2023-03-25 20:00:00,17.70590477008981
2023-03-25 21:00:00,18.479346508408817
2023-03-25 22:00:00,19.349424956816723
2023-03-25 23:00:00,20.342694035430306
2023-03-26 00:00:00,23.396733855900486
2023-03-26 01:00:00,17.71814487808707
2023-03-26 02:00:00,20.63732250370515
2023-03-26 03:00:00,19.71656461731926
2023-03-26 04:00:00,15.31272954948377
2023-03-26 05:00:00,19.373845623532343
2023-03-26 06:00:00,19.223881419453928
2023-03-26 07:00:00,19.11677624392429
2023-03-26 08:00:00,20.100976351846775
2023-03-26 09:00:00,20.320546772006452
2023-03-26 10:00:00,17.78070317340287
2023-03-26 11:00:00,26.305752738795846
2023-03-26 12:00:00,14.094775922924438
2023-03-26 13:00:00,16.33732852659004
2023-03-26 14:00:00,33.8419971900573
2023-03-26 15:00:00,14.75222229399337
2023-03-26 16:00:00,13.173405695390727
2023-03-26 17:00:00,23.61456279394561
2023-03-26 18:00:00,9.55657980007015
2023-03-26 19:00:00,18.765809519077326
2023-03-26 20:00:00,30.671303694321963
2023-03-26 21:00:00,12.217499458172519
2023-03-26 22:00:00,10.032356640245954
2023-03-26 23:00:00,12.446273059151029
2023-03-27 00:00:00,24.45098780320672
2023-03-27 01:00:00,25.58307356140085
2023-03-27 02:00:00,17.396245976579245
2023-03-27 03:00:00,23.375251981477135
2023-03-27 04:00:00,26.910466599031736
2023-03-27 05:00:00,28.895922033620916
2023-03-27 06:00:00,18.72751355557255
2023-03-27 07:00:00,8.451831373121856
2023-03-27 08:00:00,15.854795349423355
2023-03-27 09:00:00,17.8251689867955
2023-03-27 10:00:00,18.664495978579836
2023-03-27 11:00:00,19.01989295642819
2023-03-27 12:00:00,25.553662951125137
2023-03-27 13:00:00,26.331332094909698
2023-03-27 14:00:00,19.100821691847873
2023-03-27 15:00:00,25.45161434173088
2023-03-27 16:00:00,21.747496794627235
2023-03-27 17:00:00,20.28171982578465
2023-03-27 18:00:00,24.49191074702161
2023-03-27 19:00:00,20.32045020266137
2023-03-27 20:00:00,30.2482458469606
2023-03-27 21:00:00,12.767134127498995
2023-03-27 22:00:00,17.3833354660117
2023-03-27 23:00:00,19.32659547670204
2023-03-28 00:00:00,22.170513183371508
2023-03-28 01:00:00,26.313052166597
2023-03-28 02:00:00,19.85125689490077
2023-03-28 03:00:00,12.86210148355052
2023-03-28 04:00:00,24.185819213356577
2023-03-28 05:00:00,23.748043561791377
2023-03-28 06:00:00,10.263956434184525
2023-03-28 07:00:00,19.95422906272756
2023-03-28 08:00:00,12.022540577680065
2023-03-28 09:00:00,16.649994243571243
2023-03-28 10:00:00,15.459205096267556
2023-03-28 11:00:00,24.019573222291484
2023-03-28 12:00:00,20.557400601942476
2023-03-28 13:00:00,13.545294727301417
2023-03-28 14:00:00,24.373579545868267
2023-03-28 15:00:00,12.804220611439483
2023-03-28 16:00:00,21.623818683436273
2023-03-28 17:00:00,15.903196384623776
2023-03-28 18:00:00,18.144864318428954
2023-03-28 19:00:00,22.494603471273475
2023-03-28 20:00:00,22.580496726379202
2023-03-28 21:00:00,26.658095098861356
2023-03-28 22:00:00,19.56198123272429
2023-03-28 23:00:00,21.50550404589826
2023-03-29 00:00:00,17.795667599534017
2023-03-29 01:00:00,20.89430362466963
2023-03-29 02:00:00,22.181784451598197
2023-03-29 03:00:00,19.49280497428376
2023-03-29 04:00:00,10.965601791093158
2023-03-29 05:00:00,21.641708693210116
2023-03-29 06:00:00,21.807161598332925
2023-03-29 07:00:00,16.583486829815886
2023-03-29 08:00:00,13.56241903119307
2023-03-29 09:00:00,27.363749964075467
2023-03-29 10:00:00,22.44158176602765
2023-03-29 11:00:00,18.838949056947094
2023-03-29 12:00:00,14.299189795818204
2023-03-29 13:00:00,15.87528006944891
2023-03-29 14:00:00,26.4973061954868
2023-03-29 15:00:00,20.67266391589587
2023-03-29 16:00:00,17.23141887655211
2023-03-29 17:00:00,22.53280036767892
2023-03-29 18:00:00,15.912363274324022
2023-03-29 19:00:00,27.488569362957534
2023-03-29 20:00:00,26.748356886039268
2023-03-29 21:00:00,17.651483855541755
2023-03-29 22:00:00,16.841002976401338
2023-03-29 23:00:00,6.8936882180942405
2023-03-30 00:00:00,12.584596254639994
2023-03-30 01:00:00,13.295151237608053
2023-03-30 02:00:00,20.66845181733376
2023-03-30 03:00:00,18.361331590190034
2023-03-30 04:00:00,13.265822675320626
2023-03-30 05:00:00,18.586679900074046
2023-03-30 06:00:00,22.519185850633576
2023-03-30 07:00:00,22.631696861974767
2023-03-30 08:00:00,10.494148708102427
2023-03-30 09:00:00,19.351182709977678
2023-03-30 10:00:00,13.075796227538781
2023-03-30 11:00:00,24.501143598098203
2023-03-30 12:00:00,23.913232194164326
2023-03-30 13:00:00,15.50236398077454
2023-03-30 14:00:00,16.162274100394832
2023-03-30 15:00:00,17.686164859905297
2023-03-30 16:00:00,8.728533138740136
2023-03-30 17:00:00,21.672340979599717
2023-03-30 18:00:00,18.62827738069618
2023-03-30 19:00:00,24.843375525236127
2023-03-30 20:00:00,14.50045402258407
2023-03-30 21:00:00,16.896885371147174
2023-03-30 22:00:00,12.459873822201256
2023-03-30 23:00:00,14.971047294925567
2023-03-31 00:00:00,14.087775039457814
2023-03-31 01:00:00,24.977553414031135
2023-03-31 02:00:00,16.506375776041946
2023-03-31 03:00:00,20.618563443521975
2023-03-31 04:00:00,18.093868000489884
2023-03-31 05:00:00,13.650358689734844
2023-03-31 06:00:00,19.156182903940696
2023-03-31 07:00:00,22.993201679116883
2023-03-31 08:00:00,13.958888057082147
2023-03-31 09:00:00,24.043248973455803
2023-03-31 10:00:00,15.749080412410427
2023-03-31 11:00:00,17.582765389434705
2023-03-31 12:00:00,22.651100634849147
2023-03-31 13:00:00,16.68050423370147
2023-03-31 14:00:00,20.185559316478237
2023-03-31 15:00:00,18.424230875858445
2023-03-31 16:00:00,20.644525053318002
2023-03-31 17:00:00,8.093989492181421
2023-03-31 18:00:00,10.849275943758494
2023-03-31 19:00:00,23.077520050033097
2023-03-31 20:00:00,25.18359204804416
2023-03-31 21:00:00,15.445251502141302
2023-03-31 22:00:00,18.777543258943236
2023-03-31 23:00:00,21.471281284310415
