timestamp,price_eur_mwh
2023-01-01 00:00:00,52.483570765056164
2023-01-01 01:00:00,51.89686894516928
2023-01-01 02:00:00,58.23844269050346
2023-01-01 03:00:00,64.6862170939056
2023-01-01 04:00:00,57.489487164227704
2023-01-01 05:00:00,58.48857347814478
2023-01-01 06:00:00,67.89606407753696
2023-01-01 07:00:00,63.496431908655225
2023-01-01 08:00:00,56.31288210816963
2023-01-01 09:00:00,59.7838680297953
2023-01-01 10:00:00,52.68291153593769
2023-01-01 11:00:00,50.25954168317393
2023-01-01 12:00:00,51.20981135783017
2023-01-01 13:00:00,37.8454083256858
2023-01-01 14:00:00,36.375410837434835
2023-01-01 15:00:00,40.117494541929666
2023-01-01 16:00:00,36.2755903604835
2023-01-01 17:00:00,41.91197840008569
2023-01-01 18:00:00,35.45987962239394
2023-01-01 19:00:00,33.279223230432855
2023-01-01 20:00:00,48.66798980676339
2023-01-01 21:00:00,41.80005068570185
2023-01-01 22:00:00,45.33764102343961
2023-01-01 23:00:00,40.288068617907506
2023-01-02 00:00:00,47.27808637737409
2023-01-02 01:00:00,53.14280339957454
2023-01-02 02:00:00,49.24503211288849
2023-01-02 03:00:00,58.949557903593835
2023-01-02 04:00:00,55.65706058825036
2023-01-02 05:00:00,58.2007895139243
2023-01-02 06:00:00,56.991466938853016
2023-01-02 07:00:00,68.92064918543537
2023-01-02 08:00:00,58.59276791415472
2023-01-02 09:00:00,51.78251316708597
2023-01-02 10:00:00,59.11272456051594
2023-01-02 11:00:00,46.483972201170104
2023-01-02 12:00:00,51.04431797502378
2023-01-02 13:00:00,37.61345892957591
2023-01-02 14:00:00,38.359069755507846
2023-01-02 15:00:00,43.91323836748015
2023-01-02 16:00:00,45.03207886213267
2023-01-02 17:00:00,41.19758314305917
2023-01-02 18:00:00,39.4217585880588
2023-01-02 19:00:00,38.835223259162866
2023-01-02 20:00:00,33.94713601031848
2023-01-02 21:00:00,39.32971114616098
2023-01-02 22:00:00,42.69680614520105
2023-01-02 23:00:00,52.697420680069364
2023-01-03 00:00:00,51.718091447842305
2023-01-03 01:00:00,43.77298967421154
2023-01-03 02:00:00,56.620419846973974
2023-01-03 03:00:00,55.145656409783896
2023-01-03 04:00:00,55.27564403631459
2023-01-03 05:00:00,62.71763970709502
2023-01-03 06:00:00,65.15499761247976
2023-01-03 07:00:00,64.31565885847168
2023-01-03 08:00:00,54.46416642173119
2023-01-03 09:00:00,55.5250059326094
2023-01-03 10:00:00,56.65631715701782
2023-01-03 11:00:00,57.46591608663701
2023-01-03 12:00:00,47.60412881077355
2023-01-03 13:00:00,46.48351466565571
2023-01-03 14:00:00,39.468325129969855
2023-01-03 15:00:00,36.94789906773118
2023-01-03 16:00:00,45.40237507412661
2023-01-03 17:00:00,47.12194187996343
2023-01-03 18:00:00,39.63994939209833
2023-01-03 19:00:00,45.35840622656943
2023-01-03 20:00:00,43.14792608739379
2023-01-03 21:00:00,39.7033334151089
2023-01-03 22:00:00,46.806978027542065
2023-01-03 23:00:00,55.10199238130463
2023-01-04 00:00:00,49.82086980445024
2023-01-04 01:00:00,60.41140873009524
2023-01-04 02:00:00,41.901274479551276
2023-01-04 03:00:00,61.180580333741595
2023-01-04 04:00:00,59.095489379035236
2023-01-04 05:00:00,58.16422151056135
2023-01-04 06:00:00,60.458803882677515
2023-01-04 07:00:00,49.72141368988622
2023-01-04 08:00:00,57.56189459865683
2023-01-04 09:00:00,58.856630669424206
2023-01-04 10:00:00,62.38947022370758
2023-01-04 11:00:00,49.996839359656974
2023-01-04 12:00:00,45.95753198553406
2023-01-04 13:00:00,44.90302433105211
2023-01-04 14:00:00,49.57701058851037
2023-01-04 15:00:00,44.572687736432954
2023-01-04 16:00:00,38.690944943320424
2023-01-04 17:00:00,42.9070789026761
2023-01-04 18:00:00,40.4853877467402
2023-01-04 19:00:00,45.183966689773754
2023-01-04 20:00:00,37.82948049276886
2023-01-04 21:00:00,41.29062145514568
2023-01-04 22:00:00,43.039459234339205
2023-01-04 23:00:00,40.0942348083142
2023-01-05 00:00:00,51.48060138532288
2023-01-05 01:00:00,53.893466811924654
2023-01-05 02:00:00,55.025567283212304
2023-01-05 03:00:00,55.89813214498974
2023-01-05 04:00:00,51.58340032759231
2023-01-05 05:00:00,57.55603164906388
2023-01-05 06:00:00,58.286427417366156
2023-01-05 07:00:00,55.647871916782584
2023-01-05 08:00:00,57.85382547951434
2023-01-05 09:00:00,59.09132209593817
2023-01-05 10:00:00,64.43092950605265
2023-01-05 11:00:00,53.46107951518441
2023-01-05 12:00:00,51.28775195361382
2023-01-05 13:00:00,47.03957997014396
2023-01-05 14:00:00,35.40614392350479
2023-01-05 15:00:00,42.796362810888446
2023-01-05 16:00:00,41.64089701186075
2023-01-05 17:00:00,52.656952299535746
2023-01-05 18:00:00,39.03819517609439
2023-01-05 19:00:00,41.84847844877737
2023-01-05 20:00:00,41.1661871136294
2023-01-05 21:00:00,37.08554200003687
2023-01-05 22:00:00,50.71411407257509
2023-01-05 23:00:00,51.17147471240866
2023-01-06 00:00:00,53.95515973521523
2023-01-06 01:00:00,48.04125317705151
2023-01-06 02:00:00,62.013971554680495
2023-01-06 03:00:00,50.06181249790407
2023-01-06 04:00:00,61.594539506845734
2023-01-06 05:00:00,70.61153639194058
2023-01-06 06:00:00,55.04731837434656
2023-01-06 07:00:00,56.82776961487682
2023-01-06 08:00:00,59.158510863282594
2023-01-06 09:00:00,54.55368954128448
2023-01-06 10:00:00,47.24668284466934
2023-01-06 11:00:00,52.93100532505535
2023-01-06 12:00:00,44.688481431369475
2023-01-06 13:00:00,49.779771702150704
2023-01-06 14:00:00,40.402878828830985
2023-01-06 15:00:00,50.67860421322223
2023-01-06 16:00:00,37.423479500474436
2023-01-06 17:00:00,38.73043415608094
2023-01-06 18:00:00,44.06758608684835
2023-01-06 19:00:00,34.18642015493953
2023-01-06 20:00:00,42.47704563517627
2023-01-06 21:00:00,49.464645959546665
2023-01-06 22:00:00,36.96258382719385
2023-01-06 23:00:00,48.33497884163631
2023-01-07 00:00:00,51.29941397124212
2023-01-07 01:00:00,56.49730480991176
2023-01-07 02:00:00,48.81524644560959
2023-01-07 03:00:00,50.46878474644409
2023-01-07 04:00:00,61.26996186592887
2023-01-07 05:00:00,61.14418162905661
2023-01-07 06:00:00,61.252464251729386
2023-01-07 07:00:00,61.39149931037556
2023-01-07 08:00:00,55.260130429951936
2023-01-07 09:00:00,58.23233629767049
2023-01-07 10:00:00,56.46536236649341
2023-01-07 11:00:00,49.01643336089337
2023-01-07 12:00:00,59.328872555723784
2023-01-07 13:00:00,49.780974153533734
2023-01-07 14:00:00,39.04348251398676
2023-01-07 15:00:00,46.21170023130368
2023-01-07 16:00:00,36.466337611019014
2023-01-07 17:00:00,44.27616475582158
2023-01-07 18:00:00,45.79297789503702
2023-01-07 19:00:00,36.23733014535076
2023-01-07 20:00:00,46.15662660837722
2023-01-07 21:00:00,44.99283682281702
2023-01-07 22:00:00,49.11030079997244
2023-01-07 23:00:00,56.895774462244525
2023-01-08 00:00:00,48.77305941998565
2023-01-08 01:00:00,48.81950962923776
2023-01-08 02:00:00,50.55242785187238
2023-01-08 03:00:00,52.992016387038284
2023-01-08 04:00:00,58.27474549077386
2023-01-08 05:00:00,61.3650181369739
2023-01-08 06:00:00,61.3834539966501
2023-01-08 07:00:00,63.7951745080708
2023-01-08 08:00:00,58.725263497233925
2023-01-08 09:00:00,64.33873819765206
2023-01-08 10:00:00,53.67671583381022
2023-01-08 11:00:00,66.18903628397331
2023-01-08 12:00:00,53.128336738825034
2023-01-08 13:00:00,43.12602176689338
2023-01-08 14:00:00,39.645537509694435
2023-01-08 15:00:00,45.34129426435046
2023-01-08 16:00:00,40.22243203552637
2023-01-08 17:00:00,43.91074420756978
2023-01-08 18:00:00,42.366188122867726
2023-01-08 19:00:00,39.97659717382495
2023-01-08 20:00:00,37.105777371813595
2023-01-08 21:00:00,35.3546960647052
2023-01-08 22:00:00,42.76742523966489
2023-01-08 23:00:00,51.69380352059215
2023-01-09 00:00:00,51.07046872065102
2023-01-09 01:00:00,46.35949655746526
2023-01-09 02:00:00,55.86590462925591
2023-01-09 03:00:00,58.99765471050966
2023-01-09 04:00:00,54.24096685683872
2023-01-09 05:00:00,60.42788379261832
2023-01-09 06:00:00,60.29104359223
2023-01-09 07:00:00,53.94440677373757
2023-01-09 08:00:00,60.4491908395858
2023-01-09 09:00:00,59.87499044370665
2023-01-09 10:00:00,60.41525621587638
2023-01-09 11:00:00,57.857200711199724
2023-01-09 12:00:00,43.111653160214544
2023-01-09 13:00:00,42.72268434939918
2023-01-09 14:00:00,47.5751763360433
2023-01-09 15:00:00,45.49786194269558
2023-01-09 16:00:00,43.914984393685856
2023-01-09 17:00:00,59.60439919038292
2023-01-09 18:00:00,42.85445255346583
2023-01-09 19:00:00,46.018569938012305
2023-01-09 20:00:00,46.10975477962163
2023-01-09 21:00:00,46.18588844466351
2023-01-09 22:00:00,43.42365377679827
2023-01-09 23:00:00,51.206655651441125
2023-01-10 00:00:00,46.13587392731214
2023-01-10 01:00:00,51.40409741732516
2023-01-10 02:00:00,52.57318226085448
2023-01-10 03:00:00,57.480438508797086
2023-01-10 04:00:00,70.23354687121193
2023-01-10 05:00:00,50.32293229993194
2023-01-10 06:00:00,63.431300951872565
2023-01-10 07:00:00,51.595678906942425
2023-01-10 08:00:00,56.30059470889722
2023-01-10 09:00:00,62.51582079670231
2023-01-10 10:00:00,55.321400095477316
2023-01-10 11:00:00,47.199466561378685
2023-01-10 12:00:00,46.42348145370016
2023-01-10 13:00:00,50.80979829364817
2023-01-10 14:00:00,41.34816684141432
2023-01-10 15:00:00,44.01122513604441
2023-01-10 16:00:00,41.567605161674685
2023-01-10 17:00:00,37.08273999908023
2023-01-10 18:00:00,50.719720446626624
2023-01-10 19:00:00,43.51033684869937
2023-01-10 20:00:00,31.214033028867583
2023-01-10 21:00:00,43.86120376198166
2023-01-10 22:00:00,41.691067676158056
2023-01-10 23:00:00,51.67397622295591
2023-01-11 00:00:00,46.037396307836495
2023-01-11 01:00:00,52.01450824369071
2023-01-11 02:00:00,57.524936394902284
2023-01-11 03:00:00,61.39984378271608
2023-01-11 04:00:00,52.6587720025655
2023-01-11 05:00:00,57.98675208368594
2023-01-11 06:00:00,57.625273444195216
2023-01-11 07:00:00,56.39261210002212
2023-01-11 08:00:00,67.48752523924988
2023-01-11 09:00:00,59.09597636667025
2023-01-11 10:00:00,48.69558022832477
2023-01-11 11:00:00,57.17750018629909
2023-01-11 12:00:00,60.610780985063165
2023-01-11 13:00:00,52.57413585173053
2023-01-11 14:00:00,37.403150170229935
2023-01-11 15:00:00,40.50776182380328
2023-01-11 16:00:00,47.674301708088734
2023-01-11 17:00:00,36.80239440901541
2023-01-11 18:00:00,42.219097140731144
2023-01-11 19:00:00,44.213912004255995
2023-01-11 20:00:00,36.7050936042652
2023-01-11 21:00:00,42.63130540782552
2023-01-11 22:00:00,28.79366329965463
2023-01-11 23:00:00,42.289871342303336
2023-01-12 00:00:00,48.7371592430342
2023-01-12 01:00:00,46.349274541200955
2023-01-12 02:00:00,63.16205651965818
2023-01-12 03:00:00,49.920360922062315
2023-01-12 04:00:00,56.460031604359465
2023-01-12 05:00:00,60.31296114932114
2023-01-12 06:00:00,67.20636644533057
2023-01-12 07:00:00,52.47994750699348
2023-01-12 08:00:00,64.47607279861919
2023-01-12 09:00:00,57.12223311696341
2023-01-12 10:00:00,50.09245674476024
2023-01-12 11:00:00,54.898707822341564
2023-01-12 12:00:00,50.99529847786735
2023-01-12 13:00:00,44.41072516318082
2023-01-12 14:00:00,45.349010424950094
2023-01-12 15:00:00,41.00236420382573
2023-01-12 16:00:00,41.907332688411856
2023-01-12 17:00:00,43.65139510971455
2023-01-12 18:00:00,47.93008408072676
2023-01-12 19:00:00,34.151664242975066
2023-01-12 20:00:00,52.004912835436954
2023-01-12 21:00:00,33.168493190522014
2023-01-12 22:00:00,44.241074524822075
2023-01-12 23:00:00,50.35339558139767
2023-01-13 00:00:00,51.40495933867516
2023-01-13 01:00:00,49.474692851922235
2023-01-13 02:00:00,53.95938874821363
2023-01-13 03:00:00,54.606063138571315
2023-01-13 04:00:00,55.71343025312333
2023-01-13 05:00:00,63.9072687479958
2023-01-13 06:00:00,61.785077429825236
2023-01-13 07:00:00,56.19471028658741
2023-01-13 08:00:00,63.15825341501064
2023-01-13 09:00:00,58.60756541624852
2023-01-13 10:00:00,59.0643105941948
2023-01-13 11:00:00,55.73633466064327
2023-01-13 12:00:00,45.85502494538964
2023-01-13 13:00:00,44.610904347989944
2023-01-13 14:00:00,48.73646802561631
2023-01-13 15:00:00,45.98078351530186
2023-01-13 16:00:00,41.23523799233488
2023-01-13 17:00:00,40.92737865365323
2023-01-13 18:00:00,46.388324478942124
2023-01-13 19:00:00,37.38288479293016
2023-01-13 20:00:00,44.075232868005806
2023-01-13 21:00:00,41.917968925965056
2023-01-13 22:00:00,43.911593983863895
2023-01-13 23:00:00,52.90569380891074
2023-01-14 00:00:00,54.12708174494015
2023-01-14 01:00:00,56.6557386310284
2023-01-14 02:00:00,61.52739403577164
2023-01-14 03:00:00,57.17608702002927
2023-01-14 04:00:00,62.070018894319205
2023-01-14 05:00:00,58.1079244799234
2023-01-14 06:00:00,61.62083176244221
2023-01-14 07:00:00,59.00854299105226
2023-01-14 08:00:00,59.14523386280798
2023-01-14 09:00:00,60.04685293905004
2023-01-14 10:00:00,50.908896583832636
2023-01-14 11:00:00,63.050126829452516
2023-01-14 12:00:00,44.96991309250149
2023-01-14 13:00:00,41.34086648503613
2023-01-14 14:00:00,50.79055436750034
2023-01-14 15:00:00,46.88724565794921
2023-01-14 16:00:00,44.460345047416396
2023-01-14 17:00:00,43.48246928343072
2023-01-14 18:00:00,39.93876613576543
2023-01-14 19:00:00,35.85446987968015
2023-01-14 20:00:00,41.71876875312425
2023-01-14 21:00:00,39.543123630573966
2023-01-14 22:00:00,49.87559866708875
2023-01-14 23:00:00,46.676522641464096
2023-01-15 00:00:00,45.87251401603744
2023-01-15 01:00:00,50.98126124276024
2023-01-15 02:00:00,57.064657271378124
2023-01-15 03:00:00,54.252445047845605
2023-01-15 04:00:00,54.549152060012226
2023-01-15 05:00:00,60.877694320350244
2023-01-15 06:00:00,61.22483285554361
2023-01-15 07:00:00,57.12454238603503
2023-01-15 08:00:00,56.30506250975277
2023-01-15 09:00:00,58.23131749865366
2023-01-15 10:00:00,47.75957829251338
2023-01-15 11:00:00,45.55087157914244
2023-01-15 12:00:00,46.40777889373782
2023-01-15 13:00:00,46.34457379041556
2023-01-15 14:00:00,46.554537827990025
2023-01-15 15:00:00,50.30571327288229
2023-01-15 16:00:00,45.628044078165715
2023-01-15 17:00:00,39.54104908729218
2023-01-15 18:00:00,39.904918960486555
2023-01-15 19:00:00,35.32809491392027
2023-01-15 20:00:00,41.24718028219367
2023-01-15 21:00:00,41.48563899353383
2023-01-15 22:00:00,46.61359280169044
2023-01-15 23:00:00,43.275654831213174
2023-01-16 00:00:00,52.59673257120586
2023-01-16 01:00:00,60.251885016038095
2023-01-16 02:00:00,54.45619925771571
2023-01-16 03:00:00,59.079626422360185
2023-01-16 04:00:00,62.11097399639994
2023-01-16 05:00:00,57.6531559034615
2023-01-16 06:00:00,61.12046240905208
2023-01-16 07:00:00,59.72222026679965
2023-01-16 08:00:00,59.148634530588545
2023-01-16 09:00:00,53.20601889258814
2023-01-16 10:00:00,55.12255087129471
2023-01-16 11:00:00,55.078181907252464
2023-01-16 12:00:00,57.25571803897521
2023-01-16 13:00:00,52.208163679400826
2023-01-16 14:00:00,55.76591228755778
2023-01-16 15:00:00,39.092194373694284
2023-01-16 16:00:00,45.70134914575901
2023-01-16 17:00:00,41.25745176580108
2023-01-16 18:00:00,50.94901466608836
2023-01-16 19:00:00,36.299250310333555
2023-01-16 20:00:00,37.141136751251736
2023-01-16 21:00:00,39.93196896091441
2023-01-16 22:00:00,34.38052137845096
2023-01-16 23:00:00,44.78303444057098
2023-01-17 00:00:00,46.20433669223151
2023-01-17 01:00:00,53.340159383406245
2023-01-17 02:00:00,56.7087798788858
2023-01-17 03:00:00,66.4519220079449
2023-01-17 04:00:00,63.412373228774634
2023-01-17 05:00:00,56.774739984578666
2023-01-17 06:00:00,55.50792664325821
2023-01-17 07:00:00,62.11885412042321
2023-01-17 08:00:00,52.05908800274118
2023-01-17 09:00:00,66.22836164113724
2023-01-17 10:00:00,60.897200603606436
2023-01-17 11:00:00,50.242312190501686
2023-01-17 12:00:00,41.434327354545616
2023-01-17 13:00:00,54.181171419801856
2023-01-17 14:00:00,44.42730077373691
2023-01-17 15:00:00,49.11801374800184
2023-01-17 16:00:00,33.36760766818378
2023-01-17 17:00:00,37.34386662234046
2023-01-17 18:00:00,40.026218498590914
2023-01-17 19:00:00,40.57564470593302
2023-01-17 20:00:00,39.0894186047594
2023-01-17 21:00:00,46.04318184987202
2023-01-17 22:00:00,39.66189785308702
2023-01-17 23:00:00,46.69991212386832
2023-01-18 00:00:00,50.601478158559495
2023-01-18 01:00:00,55.160384621318954
2023-01-18 02:00:00,58.558074390444446
2023-01-18 03:00:00,51.44785735267613
2023-01-18 04:00:00,50.98968318416627
2023-01-18 05:00:00,66.04764237238322
2023-01-18 06:00:00,61.66157005989796
2023-01-18 07:00:00,55.91682558010791
2023-01-18 08:00:00,66.416013915457
2023-01-18 09:00:00,57.64944098332977
2023-01-18 10:00:00,60.89648592031913
2023-01-18 11:00:00,52.925782858075756
2023-01-18 12:00:00,60.303739624409936
2023-01-18 13:00:00,56.18851376119082
2023-01-18 14:00:00,43.75517925760463
2023-01-18 15:00:00,47.78678694290631
2023-01-18 16:00:00,44.566625710081354
2023-01-18 17:00:00,47.183899524771064
2023-01-18 18:00:00,35.17538269709948
2023-01-18 19:00:00,43.77099903710151
2023-01-18 20:00:00,46.631868396403554
2023-01-18 21:00:00,34.13523475601895
2023-01-18 22:00:00,39.08370743667112
2023-01-18 23:00:00,37.21564866017428
2023-01-19 00:00:00,48.65296582777721
2023-01-19 01:00:00,56.175901730005016
2023-01-19 02:00:00,62.51178526048014
2023-01-19 03:00:00,57.44154171396435
2023-01-19 04:00:00,66.80333176570085
2023-01-19 05:00:00,52.75875097181623
2023-01-19 06:00:00,51.48308780322422
2023-01-19 07:00:00,59.381519768407586
2023-01-19 08:00:00,60.580581282540926
2023-01-19 09:00:00,56.90759407139501
2023-01-19 10:00:00,44.66278949980062
2023-01-19 11:00:00,52.14259025346127
2023-01-19 12:00:00,43.47765249747573
2023-01-19 13:00:00,50.76017229312499
2023-01-19 14:00:00,46.83299123048424
2023-01-19 15:00:00,38.22953325649775
2023-01-19 16:00:00,38.77041137547215
2023-01-19 17:00:00,35.044674127664564
2023-01-19 18:00:00,39.686604513634144
2023-01-19 19:00:00,45.116453339615504
2023-01-19 20:00:00,36.4111157304779
2023-01-19 21:00:00,45.449164765723744
2023-01-19 22:00:00,42.34871190813779
2023-01-19 23:00:00,43.447445387663066
2023-01-20 00:00:00,49.46484820022721
2023-01-20 01:00:00,47.411978838928334
2023-01-20 02:00:00,52.23175347326409
2023-01-20 03:00:00,51.08167834892123
2023-01-20 04:00:00,68.48387970242632
2023-01-20 05:00:00,59.83557602274932
2023-01-20 06:00:00,56.501372460037075
2023-01-20 07:00:00,60.72915781656179
2023-01-20 08:00:00,58.09861378939024
2023-01-20 09:00:00,55.96621981419936
2023-01-20 10:00:00,58.07083350021713
2023-01-20 11:00:00,56.37572900126174
2023-01-20 12:00:00,47.34749426194736
2023-01-20 13:00:00,44.53271834575139
2023-01-20 14:00:00,43.62474151424178
2023-01-20 15:00:00,31.41932636445661
2023-01-20 16:00:00,33.76379065116286
2023-01-20 17:00:00,47.17511307433194
2023-01-20 18:00:00,48.22483856750642
2023-01-20 19:00:00,39.09556153932742
2023-01-20 20:00:00,44.22253077743445
2023-01-20 21:00:00,44.48518296085221
2023-01-20 22:00:00,60.39440404227618
2023-01-20 23:00:00,53.009684106147674
2023-01-21 00:00:00,49.36041204259617
2023-01-21 01:00:00,47.81048824802308
2023-01-21 02:00:00,46.96776839871214
2023-01-21 03:00:00,58.08838599120159
2023-01-21 04:00:00,54.87850031142287
2023-01-21 05:00:00,52.54798971490231
2023-01-21 06:00:00,56.76713557878737
2023-01-21 07:00:00,54.251518244818705
2023-01-21 08:00:00,67.09596221320722
2023-01-21 09:00:00,61.47926659661273
2023-01-21 10:00:00,54.960136793416915
2023-01-21 11:00:00,59.987911145475344
2023-01-21 12:00:00,50.386841538238095
2023-01-21 13:00:00,43.10538854233348
2023-01-21 14:00:00,52.61562038634828
2023-01-21 15:00:00,45.62348240655783
2023-01-21 16:00:00,36.153515190523336
2023-01-21 17:00:00,39.389048346691276
2023-01-21 18:00:00,35.62190873307621
2023-01-21 19:00:00,33.42674308228763
2023-01-21 20:00:00,45.970633699813824
2023-01-21 21:00:00,52.47601539048517
2023-01-21 22:00:00,38.007162130904284
2023-01-21 23:00:00,50.226655732427645
2023-01-22 00:00:00,46.746787154390866
2023-01-22 01:00:00,50.152563532201725
2023-01-22 02:00:00,52.03803037880566
2023-01-22 03:00:00,52.751113963466395
2023-01-22 04:00:00,58.902862177568515
2023-01-22 05:00:00,55.504507680835495
2023-01-22 06:00:00,61.35228412889919
2023-01-22 07:00:00,59.408067715645
2023-01-22 08:00:00,57.46551380351234
2023-01-22 09:00:00,52.53324950165749
2023-01-22 10:00:00,52.116143347158335
2023-01-22 11:00:00,56.36514658015399
2023-01-22 12:00:00,52.504585938121906
2023-01-22 13:00:00,42.52403332498204
2023-01-22 14:00:00,45.49666152714613
2023-01-22 15:00:00,46.68586780499348
2023-01-22 16:00:00,32.992719556548764
2023-01-22 17:00:00,43.05754269900899
2023-01-22 18:00:00,36.686881205270765
2023-01-22 19:00:00,43.19373508007511
2023-01-22 20:00:00,37.52345017944303
2023-01-22 21:00:00,33.904521684811925
2023-01-22 22:00:00,36.86228781058418
2023-01-22 23:00:00,47.6522342822817
2023-01-23 00:00:00,51.29861250860741
2023-01-23 01:00:00,48.06660732550316
2023-01-23 02:00:00,58.19296229388687
2023-01-23 03:00:00,48.763467500520676
2023-01-23 04:00:00,58.3298550446078
2023-01-23 05:00:00,53.6041772640784
2023-01-23 06:00:00,56.7408194609892
2023-01-23 07:00:00,59.89625161947275
2023-01-23 08:00:00,54.35818721142463
2023-01-23 09:00:00,55.14829009071635
2023-01-23 10:00:00,60.0314640460722
2023-01-23 11:00:00,49.70373110340947
2023-01-23 12:00:00,54.17846056032571
2023-01-23 13:00:00,41.7632752756867
2023-01-23 14:00:00,47.64902088957641
2023-01-23 15:00:00,50.13677529142403
2023-01-23 16:00:00,28.98152346151917
2023-01-23 17:00:00,36.35626545975693
2023-01-23 18:00:00,42.8853606359027
2023-01-23 19:00:00,39.32551480689435
2023-01-23 20:00:00,43.19547532901216
2023-01-23 21:00:00,39.90900625455542
2023-01-23 22:00:00,45.43294893736449
2023-01-23 23:00:00,46.63342337201439
2023-01-24 00:00:00,55.838910308299035
2023-01-24 01:00:00,53.86029466753127
2023-01-24 02:00:00,56.68801331037601
2023-01-24 03:00:00,55.01168298125314
2023-01-24 04:00:00,56.222222917481915
2023-01-24 05:00:00,57.49646732379258
2023-01-24 06:00:00,61.97226071189149
2023-01-24 07:00:00,57.554335858789365
2023-01-24 08:00:00,60.109128322326455
2023-01-24 09:00:00,67.44807180509267
2023-01-24 10:00:00,59.35562351715846
2023-01-24 11:00:00,50.95807279018601
2023-01-24 12:00:00,56.00606961081972
2023-01-24 13:00:00,45.371432683867035
2023-01-24 14:00:00,34.80937732411073
2023-01-24 15:00:00,37.88850063354751
2023-01-24 16:00:00,31.985786357026342
2023-01-24 17:00:00,38.58317431690278
2023-01-24 18:00:00,40.09209189594776
2023-01-24 19:00:00,48.722928298485726
2023-01-24 20:00:00,42.97438283097643
2023-01-24 21:00:00,41.8334295440902
2023-01-24 22:00:00,49.14702790591744
2023-01-24 23:00:00,36.35613300393536
2023-01-25 00:00:00,51.17807279054283
2023-01-25 01:00:00,56.44251642046004
2023-01-25 02:00:00,47.60706877110079
2023-01-25 03:00:00,62.78983802790012
2023-01-25 04:00:00,60.35273607531645
2023-01-25 05:00:00,57.58281869338668
2023-01-25 06:00:00,63.163909330531425
2023-01-25 07:00:00,71.01272255191266
2023-01-25 08:00:00,59.56958531313686
2023-01-25 09:00:00,58.312170743367155
2023-01-25 10:00:00,52.70319550229878
2023-01-25 11:00:00,48.338968603701254
2023-01-25 12:00:00,54.15167908272123
2023-01-25 13:00:00,43.13139041943046
2023-01-25 14:00:00,45.35783118609696
2023-01-25 15:00:00,40.540644954308945
2023-01-25 16:00:00,43.734645090887575
2023-01-25 17:00:00,42.00905226354406
2023-01-25 18:00:00,45.1876997212895
2023-01-25 19:00:00,37.79065974283558
2023-01-25 20:00:00,39.99037128568876
2023-01-25 21:00:00,38.03511360922299
2023-01-25 22:00:00,42.77853369961944
2023-01-25 23:00:00,49.29831201419905
2023-01-26 00:00:00,53.78494308322676
2023-01-26 01:00:00,47.97736383013708
2023-01-26 02:00:00,59.3480296005283
2023-01-26 03:00:00,63.84925710589023
2023-01-26 04:00:00,60.72742855396289
2023-01-26 05:00:00,69.043237325681
2023-01-26 06:00:00,56.13105400448214
2023-01-26 07:00:00,53.435984746333595
2023-01-26 08:00:00,49.766652793323
2023-01-26 09:00:00,64.55128936931139
2023-01-26 10:00:00,58.27182828177029
2023-01-26 11:00:00,52.310267096472934
2023-01-26 12:00:00,51.3998431315991
2023-01-26 13:00:00,41.784364312482914
2023-01-26 14:00:00,57.228759898084135
2023-01-26 15:00:00,43.575038098010666
2023-01-26 16:00:00,41.88671993518008
2023-01-26 17:00:00,43.969574856602776
2023-01-26 18:00:00,42.40504615868357
2023-01-26 19:00:00,41.46016185850497
2023-01-26 20:00:00,37.38737368492906
2023-01-26 21:00:00,45.2862739738145
2023-01-26 22:00:00,54.41012248237516
2023-01-26 23:00:00,54.138909779749675
2023-01-27 00:00:00,57.965933133196984
2023-01-27 01:00:00,50.03211206886928
2023-01-27 02:00:00,50.0519758987071
2023-01-27 03:00:00,56.442133211367235
2023-01-27 04:00:00,58.938878599287854
2023-01-27 05:00:00,65.13021585524542
2023-01-27 06:00:00,51.5376768514259
2023-01-27 07:00:00,67.30700986019374
2023-01-27 08:00:00,57.87021454494944
2023-01-27 09:00:00,54.936662462128375
2023-01-27 10:00:00,49.93947812369916
2023-01-27 11:00:00,44.313907091696365
2023-01-27 12:00:00,54.11585291980957
2023-01-27 13:00:00,47.77839938491682
2023-01-27 14:00:00,38.55019550129473
2023-01-27 15:00:00,36.45353832781645
2023-01-27 16:00:00,39.660822465704975
2023-01-27 17:00:00,48.68584936355629
2023-01-27 18:00:00,38.702043243181976
2023-01-27 19:00:00,32.82502697151878
2023-01-27 20:00:00,40.1110306417259
2023-01-27 21:00:00,41.565314339396174
2023-01-27 22:00:00,31.515566785292137
2023-01-27 23:00:00,47.14033521638573
2023-01-28 00:00:00,48.84532734895661
2023-01-28 01:00:00,56.0692222750923
2023-01-28 02:00:00,64.24478047472672
2023-01-28 03:00:00,62.70389295960426
2023-01-28 04:00:00,57.31581058507023
2023-01-28 05:00:00,54.12662871918233
2023-01-28 06:00:00,72.8667990162493
2023-01-28 07:00:00,59.95535043296312
2023-01-28 08:00:00,58.72990049740912
2023-01-28 09:00:00,56.95044237631546
2023-01-28 10:00:00,55.99042380383928
2023-01-28 11:00:00,51.8663883914055
2023-01-28 12:00:00,47.13168996559882
2023-01-28 13:00:00,44.67751484277284
2023-01-28 14:00:00,44.83623364892001
2023-01-28 15:00:00,40.21180833246571
2023-01-28 16:00:00,37.7755170487698
2023-01-28 17:00:00,40.8728928755688
2023-01-28 18:00:00,38.72511391289572
2023-01-28 19:00:00,47.86070668002276
2023-01-28 20:00:00,28.08489692019056
2023-01-28 21:00:00,48.386466447746834
2023-01-28 22:00:00,51.23042596248814
2023-01-28 23:00:00,37.04485838693404
2023-01-29 00:00:00,48.28656202959826
2023-01-29 01:00:00,50.73098612104625
2023-01-29 02:00:00,47.96244152641089
2023-01-29 03:00:00,53.1819843739111
2023-01-29 04:00:00,53.10737481051524
2023-01-29 05:00:00,68.42061048000879
2023-01-29 06:00:00,64.6783919657373
2023-01-29 07:00:00,66.01703373786148
2023-01-29 08:00:00,62.26861435806057
2023-01-29 09:00:00,51.42580895577933
2023-01-29 10:00:00,52.37739866860113
2023-01-29 11:00:00,55.0350632571648
2023-01-29 12:00:00,43.88936095554027
2023-01-29 13:00:00,50.976801699836734
2023-01-29 14:00:00,43.79837300920933
2023-01-29 15:00:00,41.05482815038654
2023-01-29 16:00:00,44.894545803173074
2023-01-29 17:00:00,42.56205829453952
2023-01-29 18:00:00,38.1951691709046
2023-01-29 19:00:00,46.13739075393055
2023-01-29 20:00:00,35.93442932415613
2023-01-29 21:00:00,46.00861022285584
2023-01-29 22:00:00,47.96550628984191
2023-01-29 23:00:00,45.864077352404834
2023-01-30 00:00:00,51.63066511121059
2023-01-30 01:00:00,46.33262256909869
2023-01-30 02:00:00,59.6201350960345
2023-01-30 03:00:00,56.14655712965053
2023-01-30 04:00:00,56.046638935249184
2023-01-30 05:00:00,64.90430439207513
2023-01-30 06:00:00,56.4782815472862
2023-01-30 07:00:00,52.616951781072885
2023-01-30 08:00:00,50.87710817022487
2023-01-30 09:00:00,60.10111756859367
2023-01-30 10:00:00,48.597853237518585
2023-01-30 11:00:00,61.362161360947034
2023-01-30 12:00:00,39.59035296058139
2023-01-30 13:00:00,55.89409139042499
2023-01-30 14:00:00,46.055087336013095
2023-01-30 15:00:00,42.44536662878257
2023-01-30 16:00:00,38.61515052811087
2023-01-30 17:00:00,42.33642230886967
2023-01-30 18:00:00,39.811826487875756
2023-01-30 19:00:00,45.85725114719192
2023-01-30 20:00:00,41.91088420546582
2023-01-30 21:00:00,43.68044099544391
2023-01-30 22:00:00,43.18193893893071
2023-01-30 23:00:00,47.12708143036945
2023-01-31 00:00:00,51.5390088444603
2023-01-31 01:00:00,44.03734848774208
2023-01-31 02:00:00,48.25907288947143
2023-01-31 03:00:00,60.78738828197905
2023-01-31 04:00:00,59.51458122848409
2023-01-31 05:00:00,58.739341581127285
2023-01-31 06:00:00,60.09216966532696
2023-01-31 07:00:00,61.397166789699035
2023-01-31 08:00:00,55.96145563629758
2023-01-31 09:00:00,53.17954418485391
2023-01-31 10:00:00,55.97922627548841
2023-01-31 11:00:00,47.696326562950055
2023-01-31 12:00:00,52.04126377857236
2023-01-31 13:00:00,38.898891527785594
2023-01-31 14:00:00,50.14577818662822
2023-01-31 15:00:00,45.29191960019975
2023-01-31 16:00:00,42.619894633724996
2023-01-31 17:00:00,45.25419665683689
2023-01-31 18:00:00,48.32737222231288
2023-01-31 19:00:00,45.41259206219996
2023-01-31 20:00:00,32.13537480549739
2023-01-31 21:00:00,36.531047354456014
2023-01-31 22:00:00,41.8759071115216
2023-01-31 23:00:00,47.54226480002895
2023-02-01 00:00:00,52.58829510234561
2023-02-01 01:00:00,48.95947138525788
2023-02-01 02:00:00,55.93383382238539
2023-02-01 03:00:00,53.294153150098865
2023-02-01 04:00:00,55.60266502288464
2023-02-01 05:00:00,52.62595277864957
2023-02-01 06:00:00,55.38383376944548
2023-02-01 07:00:00,52.900835234809016
2023-02-01 08:00:00,53.780887772957726
2023-02-01 09:00:00,62.33927679490468
2023-02-01 10:00:00,50.25300555584028
2023-02-01 11:00:00,65.75010077521216
2023-02-01 12:00:00,52.466589504404446
2023-02-01 13:00:00,48.33599016744916
2023-02-01 14:00:00,40.70821109909393
2023-02-01 15:00:00,46.430481585179486
2023-02-01 16:00:00,38.46155683096675
2023-02-01 17:00:00,40.95079081033612
2023-02-01 18:00:00,52.800422691343975
2023-02-01 19:00:00,39.860442238486065
2023-02-01 20:00:00,47.086112593584
2023-02-01 21:00:00,39.413050062505086
2023-02-01 22:00:00,44.825057547515186
2023-02-01 23:00:00,56.26581272715234
2023-02-02 00:00:00,46.86516471106116
2023-02-02 01:00:00,61.65043324100985
2023-02-02 02:00:00,58.538759677277376
2023-02-02 03:00:00,54.258733932394136
2023-02-02 04:00:00,61.822292733121984
2023-02-02 05:00:00,64.52203051102433
2023-02-02 06:00:00,63.10904981108598
2023-02-02 07:00:00,51.8081346634384
2023-02-02 08:00:00,55.024568158720044
2023-02-02 09:00:00,55.83347463410795
2023-02-02 10:00:00,54.62783285449977
2023-02-02 11:00:00,55.691550938778605
2023-02-02 12:00:00,50.88850500466627
2023-02-02 13:00:00,40.73508775542429
2023-02-02 14:00:00,46.90098925502981
2023-02-02 15:00:00,45.98186091455365
2023-02-02 16:00:00,44.13869820181082
2023-02-02 17:00:00,45.74464536488243
2023-02-02 18:00:00,44.16961077274452
2023-02-02 19:00:00,42.6366421332515
2023-02-02 20:00:00,40.988917404862384
2023-02-02 21:00:00,34.624127520554566
2023-02-02 22:00:00,47.14809109566292
2023-02-02 23:00:00,48.450247984790344
2023-02-03 00:00:00,51.35789418597687
2023-02-03 01:00:00,46.20444757192366
2023-02-03 02:00:00,49.59471729795869
2023-02-03 03:00:00,62.336832078529994
2023-02-03 04:00:00,58.46247826856111
2023-02-03 05:00:00,63.0667617497538
2023-02-03 06:00:00,60.14159188065231
2023-02-03 07:00:00,59.80803896036941
2023-02-03 08:00:00,63.35167306772438
2023-02-03 09:00:00,54.49084417077861
2023-02-03 10:00:00,55.48060388470492
2023-02-03 11:00:00,50.2768140075
2023-02-03 12:00:00,47.827518862838424
2023-02-03 13:00:00,45.8659489316316
2023-02-03 14:00:00,46.110668858168566
2023-02-03 15:00:00,40.535189079817144
2023-02-03 16:00:00,47.61852659002322
2023-02-03 17:00:00,35.8677052260118
2023-02-03 18:00:00,39.06564177919321
2023-02-03 19:00:00,38.142086445738435
2023-02-03 20:00:00,48.57463538392428
2023-02-03 21:00:00,43.9117060706924
2023-02-03 22:00:00,50.15922269734317
2023-02-03 23:00:00,39.984007683789926
2023-02-04 00:00:00,51.33525132934629
2023-02-04 01:00:00,57.03634442914239
2023-02-04 02:00:00,55.41141994637712
2023-02-04 03:00:00,62.39846968719223
2023-02-04 04:00:00,56.07381178734252
2023-02-04 05:00:00,66.70599546381858
2023-02-04 06:00:00,71.49449061809625
2023-02-04 07:00:00,57.84506546069239
2023-02-04 08:00:00,56.43274143084053
2023-02-04 09:00:00,64.33799019745398
2023-02-04 10:00:00,62.89786072865356
2023-02-04 11:00:00,49.97389031525887
2023-02-04 12:00:00,47.89906591452071
2023-02-04 13:00:00,46.00288650467226
2023-02-04 14:00:00,38.27774744482861
2023-02-04 15:00:00,38.33567245571354
2023-02-04 16:00:00,36.31904212839528
2023-02-04 17:00:00,36.50175391158868
2023-02-04 18:00:00,39.82657556306609
2023-02-04 19:00:00,41.511815399791914
2023-02-04 20:00:00,49.092248426226
2023-02-04 21:00:00,37.93716198444057
2023-02-04 22:00:00,49.921611992382914
2023-02-04 23:00:00,46.341865327847245
2023-02-05 00:00:00,49.752681451737836
2023-02-05 01:00:00,55.962287911858226
2023-02-05 02:00:00,49.386389892188504
2023-02-05 03:00:00,58.98311654278573
2023-02-05 04:00:00,59.49251507890966
2023-02-05 05:00:00,62.121514582931425
2023-02-05 06:00:00,61.44584321953909
2023-02-05 07:00:00,71.93575896244515
2023-02-05 08:00:00,55.47155411658781
2023-02-05 09:00:00,54.416083036856385
2023-02-05 10:00:00,51.88429736787618
2023-02-05 11:00:00,49.81080485522394
2023-02-05 12:00:00,46.81306436346741
2023-02-05 13:00:00,53.356892204512555
2023-02-05 14:00:00,52.102521239949276
2023-02-05 15:00:00,40.07520071938715
2023-02-05 16:00:00,37.17796809663447
2023-02-05 17:00:00,42.69781951904134
2023-02-05 18:00:00,37.23888477859514
2023-02-05 19:00:00,43.505400825886866
2023-02-05 20:00:00,42.35436106641212
2023-02-05 21:00:00,35.35021161314837
2023-02-05 22:00:00,52.7375260066503
2023-02-05 23:00:00,56.3911979144524
2023-02-06 00:00:00,46.93605654757807
2023-02-06 01:00:00,50.64968265134529
2023-02-06 02:00:00,56.429326953624525
2023-02-06 03:00:00,58.743351761800604
2023-02-06 04:00:00,61.95297540120853
2023-02-06 05:00:00,69.71028095672243
2023-02-06 06:00:00,59.11526386252975
2023-02-06 07:00:00,55.667772040198415
2023-02-06 08:00:00,51.76365789777175
2023-02-06 09:00:00,53.41641761215588
2023-02-06 10:00:00,54.83436513563102
2023-02-06 11:00:00,61.56097976861415
2023-02-06 12:00:00,47.41194350481914
2023-02-06 13:00:00,48.53074930716929
2023-02-06 14:00:00,44.917885519636236
2023-02-06 15:00:00,48.87089855537495
2023-02-06 16:00:00,53.97440809152373
2023-02-06 17:00:00,37.68639787250772
2023-02-06 18:00:00,37.552802787408886
2023-02-06 19:00:00,45.56154612245467
2023-02-06 20:00:00,44.74920341028717
2023-02-06 21:00:00,52.162468816814695
2023-02-06 22:00:00,47.91964092662981
2023-02-06 23:00:00,45.61534909503949
2023-02-07 00:00:00,52.95327415346155
2023-02-07 01:00:00,58.13170835393974
2023-02-07 02:00:00,59.10241090598682
2023-02-07 03:00:00,59.607437967401964
2023-02-07 04:00:00,63.99362748579015
2023-02-07 05:00:00,65.50573621511904
2023-02-07 06:00:00,66.91079495518764
2023-02-07 07:00:00,62.90280770083889
2023-02-07 08:00:00,57.82466363626012
2023-02-07 09:00:00,57.80463624403209
2023-02-07 10:00:00,61.03254483254179
2023-02-07 11:00:00,48.50351209608903
2023-02-07 12:00:00,51.84336654436451
2023-02-07 13:00:00,45.44511548733799
2023-02-07 14:00:00,45.143724114674086
2023-02-07 15:00:00,49.32119150117103
2023-02-07 16:00:00,42.295241302255135
2023-02-07 17:00:00,40.57292447789006
2023-02-07 18:00:00,33.200719295100406
2023-02-07 19:00:00,44.072009567245416
2023-02-07 20:00:00,44.567166867861
2023-02-07 21:00:00,53.74520580466182
2023-02-07 22:00:00,43.46110882523499
2023-02-07 23:00:00,48.507561187294485
2023-02-08 00:00:00,51.246918418553776
2023-02-08 01:00:00,60.47545684984258
2023-02-08 02:00:00,54.52352233806524
2023-02-08 03:00:00,58.46617544071717
2023-02-08 04:00:00,61.69973658642708
2023-02-08 05:00:00,60.592303878672475
2023-02-08 06:00:00,57.76783192724736
2023-02-08 07:00:00,60.62970822738222
2023-02-08 08:00:00,64.02841278714325
2023-02-08 09:00:00,51.93849131481017
2023-02-08 10:00:00,55.66484837073438
2023-02-08 11:00:00,49.08758637632935
2023-02-08 12:00:00,55.97523314462421
2023-02-08 13:00:00,39.79587502505592
2023-02-08 14:00:00,42.20539076364206
2023-02-08 15:00:00,44.814991563457134
2023-02-08 16:00:00,49.16736610832732
2023-02-08 17:00:00,40.01199043174438
2023-02-08 18:00:00,37.22400236653401
2023-02-08 19:00:00,49.74652708431226
2023-02-08 20:00:00,34.0996764600744
2023-02-08 21:00:00,31.934902405034116
2023-02-08 22:00:00,47.20007225026666
2023-02-08 23:00:00,44.90153842721173
2023-02-09 00:00:00,44.89383591434643
2023-02-09 01:00:00,56.12997268752197
2023-02-09 02:00:00,56.219003568855996
2023-02-09 03:00:00,54.250674658181836
2023-02-09 04:00:00,52.25873204448991
2023-02-09 05:00:00,64.0215449042914
2023-02-09 06:00:00,63.251005889793305
2023-02-09 07:00:00,59.16337894399377
2023-02-09 08:00:00,67.89343901808272
2023-02-09 09:00:00,51.72064398023471
2023-02-09 10:00:00,47.372374145376305
2023-02-09 11:00:00,49.12865010161899
2023-02-09 12:00:00,49.77206991822251
2023-02-09 13:00:00,48.62850679558825
2023-02-09 14:00:00,43.79381971071835
2023-02-09 15:00:00,44.689209170706015
2023-02-09 16:00:00,35.082048841203395
2023-02-09 17:00:00,47.55956475747561
2023-02-09 18:00:00,39.58924410803716
2023-02-09 19:00:00,45.92722089504995
2023-02-09 20:00:00,43.053372694044135
2023-02-09 21:00:00,45.21269828390344
2023-02-09 22:00:00,47.84883640116101
2023-02-09 23:00:00,49.650352349061365
2023-02-10 00:00:00,53.21361379933772
2023-02-10 01:00:00,59.23395310168736
2023-02-10 02:00:00,55.98260584850735
2023-02-10 03:00:00,60.616086599808035
2023-02-10 04:00:00,58.21157556640825
2023-02-10 05:00:00,66.85984434013804
2023-02-10 06:00:00,56.61803848970365
2023-02-10 07:00:00,68.66396042744476
2023-02-10 08:00:00,58.45946428462267
2023-02-10 09:00:00,49.917192301275236
2023-02-10 10:00:00,55.64052207455395
2023-02-10 11:00:00,49.18293216365081
2023-02-10 12:00:00,54.20321774494362
2023-02-10 13:00:00,44.14868965246284
2023-02-10 14:00:00,42.7690828339261
2023-02-10 15:00:00,33.48122853340688
2023-02-10 16:00:00,39.078214365910235
2023-02-10 17:00:00,28.221345103964538
2023-02-10 18:00:00,32.08048588257138
2023-02-10 19:00:00,44.1428150178308
2023-02-10 20:00:00,45.26874675540978
2023-02-10 21:00:00,45.05621999705935
2023-02-10 22:00:00,40.16511928435393
2023-02-10 23:00:00,47.17325276826489
2023-02-11 00:00:00,49.98198730454716
2023-02-11 01:00:00,46.79636700506249
2023-02-11 02:00:00,62.51699150883575
2023-02-11 03:00:00,61.45787926474383
2023-02-11 04:00:00,57.55543316869606
2023-02-11 05:00:00,59.793687457863335
2023-02-11 06:00:00,61.04191403973776
2023-02-11 07:00:00,49.450583920769226
2023-02-11 08:00:00,57.4243671252414
2023-02-11 09:00:00,53.661146571876486
2023-02-11 10:00:00,49.99189995052542
2023-02-11 11:00:00,51.18268898659544
2023-02-11 12:00:00,58.988432634247616
2023-02-11 13:00:00,50.61602385530984
2023-02-11 14:00:00,42.144105051086015
2023-02-11 15:00:00,45.79184609491532
2023-02-11 16:00:00,48.33652314508563
2023-02-11 17:00:00,44.96391015167316
2023-02-11 18:00:00,40.29815184960087
2023-02-11 19:00:00,37.10605784858144
2023-02-11 20:00:00,44.83086253022357
2023-02-11 21:00:00,44.89635911524327
2023-02-11 22:00:00,49.475966100138656
2023-02-11 23:00:00,50.58766855738463
2023-02-12 00:00:00,55.247763576596675
2023-02-12 01:00:00,49.912014393222364
2023-02-12 02:00:00,61.58697032817163
2023-02-12 03:00:00,58.05906583532747
2023-02-12 04:00:00,69.0365584009707
2023-02-12 05:00:00,56.213319172442844
2023-02-12 06:00:00,68.67981901582624
2023-02-12 07:00:00,60.64881218020392
2023-02-12 08:00:00,55.40316401977215
2023-02-12 09:00:00,54.65163864159387
2023-02-12 10:00:00,53.3982634590284
2023-02-12 11:00:00,54.709020183034795
2023-02-12 12:00:00,52.6141774401775
2023-02-12 13:00:00,44.5433095292819
2023-02-12 14:00:00,44.87822703869509
2023-02-12 15:00:00,53.640283981193846
2023-02-12 16:00:00,49.97746181265917
2023-02-12 17:00:00,42.52236008547948
2023-02-12 18:00:00,40.190017390841
2023-02-12 19:00:00,40.940898370700616
2023-02-12 20:00:00,44.4073358258077
2023-02-12 21:00:00,37.8149693621425
2023-02-12 22:00:00,43.71311731288327
2023-02-12 23:00:00,39.06888917958684
2023-02-13 00:00:00,51.9961156130264
2023-02-13 01:00:00,55.82417014953891
2023-02-13 02:00:00,52.58406768850313
2023-02-13 03:00:00,64.94100162831563
2023-02-13 04:00:00,52.53142572283268
2023-02-13 05:00:00,52.33738386184158
2023-02-13 06:00:00,61.12225909279986
2023-02-13 07:00:00,64.89474977595145
2023-02-13 08:00:00,67.07989249513373
2023-02-13 09:00:00,54.77664649752077
2023-02-13 10:00:00,60.393404167156476
2023-02-13 11:00:00,52.39564810352168
2023-02-13 12:00:00,49.1368635002959
2023-02-13 13:00:00,51.830109236408155
2023-02-13 14:00:00,48.261614392067095
2023-02-13 15:00:00,35.046971403213284
2023-02-13 16:00:00,48.7224477107851
2023-02-13 17:00:00,47.241198507846576
2023-02-13 18:00:00,36.87218649245235
2023-02-13 19:00:00,42.319759404296356
2023-02-13 20:00:00,43.80989689356931
2023-02-13 21:00:00,44.23230101725406
2023-02-13 22:00:00,42.24847423077289
2023-02-13 23:00:00,44.05369270928453
2023-02-14 00:00:00,49.87222964504277
2023-02-14 01:00:00,58.45183554732203
2023-02-14 02:00:00,57.71800077297216
2023-02-14 03:00:00,55.217996151434946
2023-02-14 04:00:00,62.518747591086104
2023-02-14 05:00:00,45.4165451597403
2023-02-14 06:00:00,65.74382850186052
2023-02-14 07:00:00,50.960689369000185
2023-02-14 08:00:00,56.84804933082873
2023-02-14 09:00:00,51.47271833873476
2023-02-14 10:00:00,48.52659262139547
2023-02-14 11:00:00,58.39232438791781
2023-02-14 12:00:00,47.661493993440544
2023-02-14 13:00:00,49.144328957628375
2023-02-14 14:00:00,44.76539710560408
2023-02-14 15:00:00,45.31413632425014
2023-02-14 16:00:00,41.723855417456896
2023-02-14 17:00:00,33.92578061616647
2023-02-14 18:00:00,44.9813340972357
2023-02-14 19:00:00,37.87195882130275
2023-02-14 20:00:00,33.556836468856865
2023-02-14 21:00:00,40.788356383304965
2023-02-14 22:00:00,52.50379895317155
2023-02-14 23:00:00,51.66291825954225
2023-02-15 00:00:00,48.2567393279607
2023-02-15 01:00:00,50.841901929433064
2023-02-15 02:00:00,53.391824743913084
2023-02-15 03:00:00,67.45480772966968
2023-02-15 04:00:00,60.56993129900215
2023-02-15 05:00:00,61.80946649884603
2023-02-15 06:00:00,65.15141727015921
2023-02-15 07:00:00,60.85320405802325
2023-02-15 08:00:00,57.36504330874087
2023-02-15 09:00:00,56.08931856644058
2023-02-15 10:00:00,54.64199370292968
2023-02-15 11:00:00,52.40207926847601
2023-02-15 12:00:00,53.6381477181849
2023-02-15 13:00:00,47.67153897801129
2023-02-15 14:00:00,48.6632003860779
2023-02-15 15:00:00,42.52534928759162
2023-02-15 16:00:00,41.73292191373607
2023-02-15 17:00:00,30.34973831444878
2023-02-15 18:00:00,44.581638373512405
2023-02-15 19:00:00,42.07318411659927
2023-02-15 20:00:00,46.32979651145388
2023-02-15 21:00:00,28.44765529716608
2023-02-15 22:00:00,55.44187352390363
2023-02-15 23:00:00,46.713861408198916
2023-02-16 00:00:00,55.54091408368758
2023-02-16 01:00:00,47.38866081539755
2023-02-16 02:00:00,58.063869525312846
2023-02-16 03:00:00,51.80398999599719
2023-02-16 04:00:00,55.541409234365354
2023-02-16 05:00:00,69.22941503222461
2023-02-16 06:00:00,59.04658799618327
2023-02-16 07:00:00,60.7464226287893
2023-02-16 08:00:00,63.01059269128816
2023-02-16 09:00:00,59.5494772517285
2023-02-16 10:00:00,55.75209452571788
2023-02-16 11:00:00,54.41299546335634
2023-02-16 12:00:00,62.01707792619138
2023-02-16 13:00:00,47.12371556380687
2023-02-16 14:00:00,46.005495233574834
2023-02-16 15:00:00,48.18220416817259
2023-02-16 16:00:00,46.86737562694554
2023-02-16 17:00:00,46.27589326491122
2023-02-16 18:00:00,43.19365111014592
2023-02-16 19:00:00,34.62571717345689
2023-02-16 20:00:00,49.506903623661096
2023-02-16 21:00:00,37.19720522304108
2023-02-16 22:00:00,46.51317732619516
2023-02-16 23:00:00,43.640430298877995
2023-02-17 00:00:00,49.67930826703504
2023-02-17 01:00:00,54.232002502542606
2023-02-17 02:00:00,56.606786077251364
2023-02-17 03:00:00,59.1806715830419
2023-02-17 04:00:00,66.72881038313761
2023-02-17 05:00:00,61.92692977046058
2023-02-17 06:00:00,58.779216823546754
2023-02-17 07:00:00,64.47969410433247
2023-02-17 08:00:00,64.60760648246759
2023-02-17 09:00:00,50.93302873618051
2023-02-17 10:00:00,57.98700034924929
2023-02-17 11:00:00,56.0940541625797
2023-02-17 12:00:00,48.51218248320004
2023-02-17 13:00:00,54.29034361553289
2023-02-17 14:00:00,44.249722064837364
2023-02-17 15:00:00,43.556814455492244
2023-02-17 16:00:00,40.47438684073627
2023-02-17 17:00:00,40.41863697501665
2023-02-17 18:00:00,34.51862456552399
2023-02-17 19:00:00,33.14048732413784
2023-02-17 20:00:00,49.31227127828048
2023-02-17 21:00:00,38.694125446542884
2023-02-17 22:00:00,40.04303825271846
2023-02-17 23:00:00,36.644858980956215
2023-02-18 00:00:00,46.80519126155249
2023-02-18 01:00:00,45.97274148398771
2023-02-18 02:00:00,63.21007580068185
2023-02-18 03:00:00,62.12015325857865
2023-02-18 04:00:00,55.219502311955765
2023-02-18 05:00:00,70.92143728961223
2023-02-18 06:00:00,64.90882743495797
2023-02-18 07:00:00,58.03510134534757
2023-02-18 08:00:00,46.16322546347652
2023-02-18 09:00:00,68.52578067481919
2023-02-18 10:00:00,48.05213766618202
2023-02-18 11:00:00,44.361196716240755
2023-02-18 12:00:00,55.1128521600482
2023-02-18 13:00:00,59.61057158067116
2023-02-18 14:00:00,51.921364092552594
2023-02-18 15:00:00,45.74847778839633
2023-02-18 16:00:00,44.31351767048205
2023-02-18 17:00:00,44.60781953101086
2023-02-18 18:00:00,43.79464294893383
2023-02-18 19:00:00,41.74669885695619
2023-02-18 20:00:00,41.860751481914996
2023-02-18 21:00:00,42.61596654863691
2023-02-18 22:00:00,41.23017705566661
2023-02-18 23:00:00,46.00843416464092
2023-02-19 00:00:00,41.535215929023074
2023-02-19 01:00:00,52.09649231705146
2023-02-19 02:00:00,50.057044464245415
2023-02-19 03:00:00,51.55312122578662
2023-02-19 04:00:00,59.55972479361177
2023-02-19 05:00:00,66.61926969461368
2023-02-19 06:00:00,64.59158303001156
2023-02-19 07:00:00,51.8067552447748
2023-02-19 08:00:00,53.7121133549927
2023-02-19 09:00:00,61.774923751806554
2023-02-19 10:00:00,50.08756303230845
2023-02-19 11:00:00,51.46502470104009
2023-02-19 12:00:00,52.75026049512276
2023-02-19 13:00:00,42.570087274656615
2023-02-19 14:00:00,45.5268775307298
2023-02-19 15:00:00,36.25880471354351
2023-02-19 16:00:00,38.33290774239955
2023-02-19 17:00:00,41.939651407822005
2023-02-19 18:00:00,32.03503133234165
2023-02-19 19:00:00,42.54311542691131
2023-02-19 20:00:00,41.241556967522214
2023-02-19 21:00:00,45.69138196022026
2023-02-19 22:00:00,46.1195706703233
2023-02-19 23:00:00,54.23251169884401
2023-02-20 00:00:00,50.62612251323954
2023-02-20 01:00:00,50.44116274539894
2023-02-20 02:00:00,55.61148751516142
2023-02-20 03:00:00,59.78755795704741
2023-02-20 04:00:00,58.90455438947291
2023-02-20 05:00:00,59.86221671891009
2023-02-20 06:00:00,56.490041560966226
2023-02-20 07:00:00,56.34475367513594
2023-02-20 08:00:00,51.64722767884592
2023-02-20 09:00:00,65.81895152780017
2023-02-20 10:00:00,48.780683823043574
2023-02-20 11:00:00,49.123664462045674
2023-02-20 12:00:00,46.40796367215401
2023-02-20 13:00:00,51.886431433697
2023-02-20 14:00:00,43.52525160853986
2023-02-20 15:00:00,49.1676425515032
2023-02-20 16:00:00,37.97229284093628
2023-02-20 17:00:00,41.73571254822833
2023-02-20 18:00:00,35.823264733701215
2023-02-20 19:00:00,51.06648737597625
2023-02-20 20:00:00,35.401753867008054
2023-02-20 21:00:00,44.478035739269664
2023-02-20 22:00:00,48.16888440466049
2023-02-20 23:00:00,49.480805036232276
2023-02-21 00:00:00,49.07356170561146
2023-02-21 01:00:00,51.939086952358075
2023-02-21 02:00:00,55.21905735989555
2023-02-21 03:00:00,56.33605780372303
2023-02-21 04:00:00,63.47964962181893
2023-02-21 05:00:00,70.71187327084743
2023-02-21 06:00:00,57.21254107496083
2023-02-21 07:00:00,52.810243364995294
2023-02-21 08:00:00,58.218843796088116
2023-02-21 09:00:00,69.96961450013707
2023-02-21 10:00:00,50.98162716015135
2023-02-21 11:00:00,60.78377447824555
2023-02-21 12:00:00,58.388504070382204
2023-02-21 13:00:00,44.64386834043482
2023-02-21 14:00:00,47.84491539592638
2023-02-21 15:00:00,51.07091530377722
2023-02-21 16:00:00,39.444107257218185
2023-02-21 17:00:00,39.32283993659751
2023-02-21 18:00:00,37.09159543025678
2023-02-21 19:00:00,35.26695808364498
2023-02-21 20:00:00,38.09335823682558
2023-02-21 21:00:00,36.80923085432324
2023-02-21 22:00:00,45.17041734129612
2023-02-21 23:00:00,43.56194339368158
2023-02-22 00:00:00,51.168929558953735
2023-02-22 01:00:00,44.80871222000707
2023-02-22 02:00:00,56.654401161072286
2023-02-22 03:00:00,61.238712619910096
2023-02-22 04:00:00,48.691575824987105
2023-02-22 05:00:00,61.52954111212854
2023-02-22 06:00:00,66.13834496236646
2023-02-22 07:00:00,53.611053169434655
2023-02-22 08:00:00,67.02311597203291
2023-02-22 09:00:00,59.1661628586957
2023-02-22 10:00:00,51.47494072120796
2023-02-22 11:00:00,52.30934506273668
2023-02-22 12:00:00,52.791634562608614
2023-02-22 13:00:00,47.79183650603685
2023-02-22 14:00:00,47.693779962231844
2023-02-22 15:00:00,38.3255642227377
2023-02-22 16:00:00,42.186550082336005
2023-02-22 17:00:00,33.27216925258442
2023-02-22 18:00:00,39.443869693256495
2023-02-22 19:00:00,35.821203529785365
2023-02-22 20:00:00,37.66209624920678
2023-02-22 21:00:00,49.10939806418671
2023-02-22 22:00:00,50.45655060297134
2023-02-22 23:00:00,50.45750015351067
2023-02-23 00:00:00,44.538436176637106
2023-02-23 01:00:00,51.006148202551195
2023-02-23 02:00:00,61.06548849989592
2023-02-23 03:00:00,57.779652380065
2023-02-23 04:00:00,70.25690173775286
2023-02-23 05:00:00,61.62584745986254
2023-02-23 06:00:00,60.960245582450156
2023-02-23 07:00:00,58.11367594187817
2023-02-23 08:00:00,59.3279585617558
2023-02-23 09:00:00,56.308718629962755
2023-02-23 10:00:00,58.54054338344295
2023-02-23 11:00:00,57.37170203499814
2023-02-23 12:00:00,46.070052697460255
2023-02-23 13:00:00,40.75564478118591
2023-02-23 14:00:00,35.818973134483514
2023-02-23 15:00:00,45.46888882269725
2023-02-23 16:00:00,35.822912931286254
2023-02-23 17:00:00,29.576288772346906
2023-02-23 18:00:00,41.94289302265482
2023-02-23 19:00:00,52.80573932427326
2023-02-23 20:00:00,41.30939140445615
2023-02-23 21:00:00,47.12138606039274
2023-02-23 22:00:00,45.409146792737815
2023-02-23 23:00:00,46.917361283019076
2023-02-24 00:00:00,54.59538241493884
2023-02-24 01:00:00,51.13681773008195
2023-02-24 02:00:00,56.33696157035951
2023-02-24 03:00:00,58.67955684284554
2023-02-24 04:00:00,55.31980176962914
2023-02-24 05:00:00,64.6194700105733
2023-02-24 06:00:00,59.12520121652296
2023-02-24 07:00:00,55.880532465426455
2023-02-24 08:00:00,61.34280325569641
2023-02-24 09:00:00,52.57872790291029
2023-02-24 10:00:00,55.14090578684564
2023-02-24 11:00:00,52.5425954678042
2023-02-24 12:00:00,55.42947782915789
2023-02-24 13:00:00,49.78530071337456
2023-02-24 14:00:00,44.87486520627428
2023-02-24 15:00:00,47.017763684135964
2023-02-24 16:00:00,48.290783707242184
2023-02-24 17:00:00,43.12979326886863
2023-02-24 18:00:00,40.051763099216906
2023-02-24 19:00:00,33.78156057535851
2023-02-24 20:00:00,36.014177646778755
2023-02-24 21:00:00,41.40280866636119
2023-02-24 22:00:00,41.95243898920358
2023-02-24 23:00:00,46.476953034047554
2023-02-25 00:00:00,50.283249624485535
2023-02-25 01:00:00,55.23665422280886
2023-02-25 02:00:00,54.647506109704544
2023-02-25 03:00:00,59.503576030996484
2023-02-25 04:00:00,58.98262611189498
2023-02-25 05:00:00,49.78192543112132
2023-02-25 06:00:00,55.30332303090623
2023-02-25 07:00:00,58.9388204842826
2023-02-25 08:00:00,52.611780323638854
2023-02-25 09:00:00,60.0707114618465
2023-02-25 10:00:00,62.65375416171849
2023-02-25 11:00:00,58.6819997095118
2023-02-25 12:00:00,48.93278564534896
2023-02-25 13:00:00,54.865440233224554
2023-02-25 14:00:00,45.74333728601056
2023-02-25 15:00:00,41.24350233254434
2023-02-25 16:00:00,38.27273264445092
2023-02-25 17:00:00,38.82839330466868
2023-02-25 18:00:00,38.05911590729386
2023-02-25 19:00:00,41.19282284898675
2023-02-25 20:00:00,42.14261586740494
2023-02-25 21:00:00,42.944162288901595
2023-02-25 22:00:00,47.18469084873174
2023-02-25 23:00:00,53.365040922906495
2023-02-26 00:00:00,54.74777067720662
2023-02-26 01:00:00,45.163700608775684
2023-02-26 02:00:00,42.230394325490224
2023-02-26 03:00:00,61.742667368061845
2023-02-26 04:00:00,51.82586054576728
2023-02-26 05:00:00,58.53543125342726
2023-02-26 06:00:00,54.1494348697032
2023-02-26 07:00:00,50.64935607499058
2023-02-26 08:00:00,61.367567678868326
2023-02-26 09:00:00,60.86684361337871
2023-02-26 10:00:00,52.1174479963664
2023-02-26 11:00:00,39.632978990300664
2023-02-26 12:00:00,47.268777758737585
2023-02-26 13:00:00,49.37082957598753
2023-02-26 14:00:00,37.60544215612936
2023-02-26 15:00:00,43.84573178703031
2023-02-26 16:00:00,41.26319671629064
2023-02-26 17:00:00,43.23719923511476
2023-02-26 18:00:00,40.59790184207077
2023-02-26 19:00:00,35.47539703270154
2023-02-26 20:00:00,47.32260347047807
2023-02-26 21:00:00,42.13628432299967
2023-02-26 22:00:00,44.863477302450335
2023-02-26 23:00:00,42.74546975360881
2023-02-27 00:00:00,47.78358874404245
2023-02-27 01:00:00,48.1641768808907
2023-02-27 02:00:00,54.135269700382885
2023-02-27 03:00:00,65.62961021257719
2023-02-27 04:00:00,51.8007483231876
2023-02-27 05:00:00,51.591451273506976
2023-02-27 06:00:00,67.35585163746805
2023-02-27 07:00:00,58.61263987713135
2023-02-27 08:00:00,55.31489034454481
2023-02-27 09:00:00,62.27059124884586
2023-02-27 10:00:00,51.97192230131568
2023-02-27 11:00:00,61.718239018759895
2023-02-27 12:00:00,53.38962935669635
2023-02-27 13:00:00,44.97225250824628
2023-02-27 14:00:00,55.786541066327516
2023-02-27 15:00:00,39.90035757311784
2023-02-27 16:00:00,45.05022282220215
2023-02-27 17:00:00,41.83720463914178
2023-02-27 18:00:00,46.50870644699399
2023-02-27 19:00:00,48.14829772074358
2023-02-27 20:00:00,41.499766707484454
2023-02-27 21:00:00,39.16184283640361
2023-02-27 22:00:00,47.299860714695576
2023-02-27 23:00:00,44.02323270021426
2023-02-28 00:00:00,60.066936237633115
2023-02-28 01:00:00,53.27086710643889
2023-02-28 02:00:00,53.17339224343946
2023-02-28 03:00:00,57.99446934119002
2023-02-28 04:00:00,51.9246225901959
2023-02-28 05:00:00,54.801188070337425
2023-02-28 06:00:00,66.00206953972213
2023-02-28 07:00:00,56.3747868680337
2023-02-28 08:00:00,53.42569912443469
2023-02-28 09:00:00,59.754331574501904
2023-02-28 10:00:00,60.928520773314986
2023-02-28 11:00:00,56.18295700435055
2023-02-28 12:00:00,54.98023842902908
2023-02-28 13:00:00,43.627834106127494
2023-02-28 14:00:00,37.89094666629078
2023-02-28 15:00:00,50.435600447911966
2023-02-28 16:00:00,39.72634676794494
2023-02-28 17:00:00,39.08657665483408
2023-02-28 18:00:00,46.64097070924529
2023-02-28 19:00:00,43.12189178411261
2023-02-28 20:00:00,43.61918482256365
2023-02-28 21:00:00,53.75394391263994
2023-02-28 22:00:00,41.78240884809928
2023-02-28 23:00:00,52.051010189380975
2023-03-01 00:00:00,50.28506562448542
2023-03-01 01:00:00,53.93115184534149
2023-03-01 02:00:00,62.64234213206266
2023-03-01 03:00:00,59.6102465933136
2023-03-01 04:00:00,61.351734433092545
2023-03-01 05:00:00,65.0217949494397
2023-03-01 06:00:00,58.17523635228557
2023-03-01 07:00:00,55.463209926195645
2023-03-01 08:00:00,53.43620806773922
2023-03-01 09:00:00,47.239284864985464
2023-03-01 10:00:00,65.28103564970161
2023-03-01 11:00:00,47.0721486224168
2023-03-01 12:00:00,48.89373188207114
2023-03-01 13:00:00,46.027743049530194
2023-03-01 14:00:00,46.537033489045506
2023-03-01 15:00:00,47.007618250831015
2023-03-01 16:00:00,45.64211340395435
2023-03-01 17:00:00,37.42535454426463
2023-03-01 18:00:00,39.16439143106794
2023-03-01 19:00:00,41.75364148955081
2023-03-01 20:00:00,40.09629033123788
2023-03-01 21:00:00,50.965660068234484
2023-03-01 22:00:00,47.45487475819125
2023-03-01 23:00:00,51.086198479223874
2023-03-02 00:00:00,53.31440634333706
2023-03-02 01:00:00,58.45555973845183
2023-03-02 02:00:00,55.90510779351853
2023-03-02 03:00:00,50.586908072086246
2023-03-02 04:00:00,60.658693796607594
2023-03-02 05:00:00,56.402473793931534
2023-03-02 06:00:00,57.35691659125121
2023-03-02 07:00:00,62.591078356666145
2023-03-02 08:00:00,64.85166939501256
2023-03-02 09:00:00,57.177425695545786
2023-03-02 10:00:00,56.54416506299482
2023-03-02 11:00:00,61.099265174201406
2023-03-02 12:00:00,51.20376589744284
2023-03-02 13:00:00,60.42022511987677
2023-03-02 14:00:00,47.827548228157724
2023-03-02 15:00:00,34.125118392355446
2023-03-02 16:00:00,45.10645406767828
2023-03-02 17:00:00,42.24653366152321
2023-03-02 18:00:00,46.44876377041373
2023-03-02 19:00:00,43.706648493459106
2023-03-02 20:00:00,40.64746604223675
2023-03-02 21:00:00,36.8074410066877
2023-03-02 22:00:00,43.95488371356986
2023-03-02 23:00:00,43.15920727792829
2023-03-03 00:00:00,47.09738275097639
2023-03-03 01:00:00,55.53108247312825
2023-03-03 02:00:00,63.34952252175703
2023-03-03 03:00:00,59.04442546098038
2023-03-03 04:00:00,52.68083872766846
2023-03-03 05:00:00,61.882271603991384
2023-03-03 06:00:00,65.98315743322826
2023-03-03 07:00:00,56.61034374129377
2023-03-03 08:00:00,57.9901682044798
2023-03-03 09:00:00,57.14450878551146
2023-03-03 10:00:00,51.0755084345888
2023-03-03 11:00:00,55.82959262024451
2023-03-03 12:00:00,49.39525925696109
2023-03-03 13:00:00,49.50947176850993
2023-03-03 14:00:00,40.5625391109895
2023-03-03 15:00:00,40.74164068651748
2023-03-03 16:00:00,44.951652751294475
2023-03-03 17:00:00,38.47657597665049
2023-03-03 18:00:00,48.63481925616703
2023-03-03 19:00:00,38.3425608090363
2023-03-03 20:00:00,42.46316959091505
2023-03-03 21:00:00,47.59188634749997
2023-03-03 22:00:00,37.908171335334835
2023-03-03 23:00:00,38.60776548907091
2023-03-04 00:00:00,42.371718427149524
2023-03-04 01:00:00,58.90111096816111
2023-03-04 02:00:00,52.240709270537764
2023-03-04 03:00:00,69.86206424020673
2023-03-04 04:00:00,55.83901604455744
2023-03-04 05:00:00,60.582014778875866
2023-03-04 06:00:00,67.71054976283938
2023-03-04 07:00:00,69.6897227036863
2023-03-04 08:00:00,68.96777192102638
2023-03-04 09:00:00,63.11289896483119
2023-03-04 10:00:00,60.12031262905731
2023-03-04 11:00:00,55.55082519703113
2023-03-04 12:00:00,53.89180538083319
2023-03-04 13:00:00,44.65588096733212
2023-03-04 14:00:00,40.90900558288846
2023-03-04 15:00:00,42.91205990107977
2023-03-04 16:00:00,40.488822849530976
2023-03-04 17:00:00,38.07460149047294
2023-03-04 18:00:00,43.481937237283574
2023-03-04 19:00:00,45.117267779961864
2023-03-04 20:00:00,41.78178039361485
2023-03-04 21:00:00,50.316582593410835
2023-03-04 22:00:00,39.291554429332464
2023-03-04 23:00:00,46.4435122525762
2023-03-05 00:00:00,46.41588839698598
2023-03-05 01:00:00,43.25550736565991
2023-03-05 02:00:00,54.586596570786504
2023-03-05 03:00:00,56.46233026994906
2023-03-05 04:00:00,66.22750275405504
2023-03-05 05:00:00,62.81331668566457
2023-03-05 06:00:00,54.87906587835398
2023-03-05 07:00:00,68.92972109456163
2023-03-05 08:00:00,64.76542251547116
2023-03-05 09:00:00,59.98155632920855
2023-03-05 10:00:00,53.86757950575084
2023-03-05 11:00:00,47.79099426740781
2023-03-05 12:00:00,48.138966119644735
2023-03-05 13:00:00,52.85555264749573
2023-03-05 14:00:00,54.42293152967304
2023-03-05 15:00:00,50.64514982949548
2023-03-05 16:00:00,38.89549885322425
2023-03-05 17:00:00,34.742654570664264
2023-03-05 18:00:00,40.70443123455602
2023-03-05 19:00:00,31.498544909295056
2023-03-05 20:00:00,42.955584533079524
2023-03-05 21:00:00,42.19091925664118
2023-03-05 22:00:00,42.66981749065878
2023-03-05 23:00:00,39.43829421264081
2023-03-06 00:00:00,52.568000532848586
2023-03-06 01:00:00,49.924686252715645
2023-03-06 02:00:00,49.15041582144856
2023-03-06 03:00:00,42.70975674545723
2023-03-06 04:00:00,58.5226795125912
2023-03-06 05:00:00,68.5205162462394
2023-03-06 06:00:00,68.30629607273934
2023-03-06 07:00:00,57.373776979959324
2023-03-06 08:00:00,55.649193736035485
2023-03-06 09:00:00,59.414939092240594
2023-03-06 10:00:00,50.00807280405854
2023-03-06 11:00:00,54.09714995012254
2023-03-06 12:00:00,53.83040139192345
2023-03-06 13:00:00,53.54647566839633
2023-03-06 14:00:00,44.499229617600236
2023-03-06 15:00:00,41.9105634372497
2023-03-06 16:00:00,36.949833028372815
2023-03-06 17:00:00,36.20633996691002
2023-03-06 18:00:00,38.86760554049236
2023-03-06 19:00:00,42.1775692711902
2023-03-06 20:00:00,45.907669093321864
2023-03-06 21:00:00,38.9130374347328
2023-03-06 22:00:00,52.4634428447976
2023-03-06 23:00:00,46.05619154376194
2023-03-07 00:00:00,49.89316352825782
2023-03-07 01:00:00,48.85213205528609
2023-03-07 02:00:00,42.87879869863529
2023-03-07 03:00:00,61.491294793670725
2023-03-07 04:00:00,62.34447352330655
2023-03-07 05:00:00,58.252620477299615
2023-03-07 06:00:00,60.33495358612436
2023-03-07 07:00:00,62.23895435141118
2023-03-07 08:00:00,50.847524753411676
2023-03-07 09:00:00,54.425804425134004
2023-03-07 10:00:00,58.971323398109135
2023-03-07 11:00:00,46.31674333517897
2023-03-07 12:00:00,51.46778966083315
2023-03-07 13:00:00,40.62890052585777
2023-03-07 14:00:00,47.33214991216763
2023-03-07 15:00:00,42.75072477664711
2023-03-07 16:00:00,33.26408688262807
2023-03-07 17:00:00,46.164438509395175
2023-03-07 18:00:00,36.32704211600976
2023-03-07 19:00:00,36.289479552037406
2023-03-07 20:00:00,42.342591948310336
2023-03-07 21:00:00,48.6721189352781
2023-03-07 22:00:00,39.92089090510801
2023-03-07 23:00:00,47.72020879821464
2023-03-08 00:00:00,52.14408250165287
2023-03-08 01:00:00,56.05371848734092
2023-03-08 02:00:00,55.882207776386124
2023-03-08 03:00:00,55.23592861644887
2023-03-08 04:00:00,54.52230293460078
2023-03-08 05:00:00,60.08997767812256
2023-03-08 06:00:00,54.639304940071966
2023-03-08 07:00:00,45.05250584541764
2023-03-08 08:00:00,60.84305305863273
2023-03-08 09:00:00,61.59074201729645
2023-03-08 10:00:00,43.185337822290805
2023-03-08 11:00:00,47.539536927475524
2023-03-08 12:00:00,53.09577130502599
2023-03-08 13:00:00,57.699286897533284
2023-03-08 14:00:00,45.10396853837704
2023-03-08 15:00:00,39.28891748198886
2023-03-08 16:00:00,40.425263756631416
2023-03-08 17:00:00,47.215123832850246
2023-03-08 18:00:00,36.77017910437732
2023-03-08 19:00:00,36.34478170385805
2023-03-08 20:00:00,38.926028351245456
2023-03-08 21:00:00,38.16228914684096
2023-03-08 22:00:00,45.61335157997397
2023-03-08 23:00:00,55.53520184132259
2023-03-09 00:00:00,51.615396365580146
2023-03-09 01:00:00,51.32642294039377
2023-03-09 02:00:00,53.54094365542228
2023-03-09 03:00:00,49.25511376838219
2023-03-09 04:00:00,63.07580292358018
2023-03-09 05:00:00,59.27007227782667
2023-03-09 06:00:00,59.097600432046875
2023-03-09 07:00:00,75.62479610211498
2023-03-09 08:00:00,60.15401857967282
2023-03-09 09:00:00,53.312112561389554
2023-03-09 10:00:00,52.86821201897229
2023-03-09 11:00:00,58.33041899700899
2023-03-09 12:00:00,50.56635205268882
2023-03-09 13:00:00,40.220419657387964
2023-03-09 14:00:00,49.596144672876015
2023-03-09 15:00:00,39.58821176043956
2023-03-09 16:00:00,50.706234843243344
2023-03-09 17:00:00,45.74098206568256
2023-03-09 18:00:00,37.76339052170624
2023-03-09 19:00:00,46.74582354578487
2023-03-09 20:00:00,41.67902351479263
2023-03-09 21:00:00,47.19280056374562
2023-03-09 22:00:00,47.423664086472364
2023-03-09 23:00:00,43.18002627402042
2023-03-10 00:00:00,46.78225083841269
2023-03-10 01:00:00,57.73799453893101
2023-03-10 02:00:00,53.326123339467294
2023-03-10 03:00:00,55.05282549565549
2023-03-10 04:00:00,53.88464114109762
2023-03-10 05:00:00,61.77725359085799
2023-03-10 06:00:00,70.31262459621573
2023-03-10 07:00:00,54.32159369161931
2023-03-10 08:00:00,58.78135132120818
2023-03-10 09:00:00,64.13217058894261
2023-03-10 10:00:00,54.60179304377142
2023-03-10 11:00:00,54.850049432273885
2023-03-10 12:00:00,44.688032359265605
2023-03-10 13:00:00,49.55334503501304
2023-03-10 14:00:00,44.06427867497726
2023-03-10 15:00:00,47.857582166533845
2023-03-10 16:00:00,47.27667621997937
2023-03-10 17:00:00,53.28855994720239
2023-03-10 18:00:00,42.89816586606788
2023-03-10 19:00:00,41.969723320020144
2023-03-10 20:00:00,42.311667470042295
2023-03-10 21:00:00,41.16310072408108
2023-03-10 22:00:00,46.69241921730845
2023-03-10 23:00:00,45.93480249827964
2023-03-11 00:00:00,50.84230488134807
2023-03-11 01:00:00,59.17617812906501
2023-03-11 02:00:00,49.9672871736018
2023-03-11 03:00:00,62.7704606175107
2023-03-11 04:00:00,65.2458293745437
2023-03-11 05:00:00,59.06891562793529
2023-03-11 06:00:00,49.390725504957025
2023-03-11 07:00:00,56.62014832741852
2023-03-11 08:00:00,65.14522677064994
2023-03-11 09:00:00,56.956727500371066
2023-03-11 10:00:00,50.00348883852545
2023-03-11 11:00:00,50.06431584488413
2023-03-11 12:00:00,54.20310013252276
2023-03-11 13:00:00,50.14547738998169
2023-03-11 14:00:00,43.805339504151526
2023-03-11 15:00:00,41.094810129061095
2023-03-11 16:00:00,39.380955216936506
2023-03-11 17:00:00,35.728690814616805
2023-03-11 18:00:00,48.07687844734721
2023-03-11 19:00:00,38.72913939105261
2023-03-11 20:00:00,47.4255385662831
2023-03-11 21:00:00,50.53551244774678
2023-03-11 22:00:00,49.991554490739794
2023-03-11 23:00:00,45.253707985384544
2023-03-12 00:00:00,52.018650451683044
2023-03-12 01:00:00,52.46721241907063
2023-03-12 02:00:00,50.48149069634936
2023-03-12 03:00:00,58.69286422047349
2023-03-12 04:00:00,52.76505508204537
2023-03-12 05:00:00,65.59765520519849
2023-03-12 06:00:00,57.67691351350803
2023-03-12 07:00:00,60.66505654225488
2023-03-12 08:00:00,60.0766933955751
2023-03-12 09:00:00,55.77654294334509
2023-03-12 10:00:00,57.933469007376374
2023-03-12 11:00:00,50.21367216791259
2023-03-12 12:00:00,54.35648648728622
2023-03-12 13:00:00,40.681911147741054
2023-03-12 14:00:00,45.63189789773206
2023-03-12 15:00:00,52.62357718342595
2023-03-12 16:00:00,36.33808933912775
2023-03-12 17:00:00,36.95201688448506
2023-03-12 18:00:00,42.569539248294575
2023-03-12 19:00:00,41.2386506468073
2023-03-12 20:00:00,43.09289645852341
2023-03-12 21:00:00,45.374867838872845
2023-03-12 22:00:00,48.17360734280884
2023-03-12 23:00:00,52.9603087587559
2023-03-13 00:00:00,52.04909328464257
2023-03-13 01:00:00,51.381902177932496
2023-03-13 02:00:00,58.362868506013655
2023-03-13 03:00:00,66.57047748634156
2023-03-13 04:00:00,57.99708530593151
2023-03-13 05:00:00,54.78661173953748
2023-03-13 06:00:00,65.53540334643486
2023-03-13 07:00:00,59.05735244312269
2023-03-13 08:00:00,47.79690630777421
2023-03-13 09:00:00,61.308176197617584
2023-03-13 10:00:00,52.32335907023039
2023-03-13 11:00:00,52.13552403950441
2023-03-13 12:00:00,51.65990165284507
2023-03-13 13:00:00,48.364307947870124
2023-03-13 14:00:00,48.547259085695195
2023-03-13 15:00:00,40.751500335285314
2023-03-13 16:00:00,43.905274953036034
2023-03-13 17:00:00,39.04300834918973
2023-03-13 18:00:00,43.694052404437514
2023-03-13 19:00:00,43.41757915717458
2023-03-13 20:00:00,36.66255245193264
2023-03-13 21:00:00,48.358842769009684
2023-03-13 22:00:00,42.32018277442975
2023-03-13 23:00:00,51.45209854038051
2023-03-14 00:00:00,51.8364365670067
2023-03-14 01:00:00,61.77910883500082
2023-03-14 02:00:00,53.88267008814074
2023-03-14 03:00:00,55.324483831274485
2023-03-14 04:00:00,58.56315600840572
2023-03-14 05:00:00,58.1433593487193
2023-03-14 06:00:00,63.99970950971025
2023-03-14 07:00:00,51.57770522070774
2023-03-14 08:00:00,53.39184194211262
2023-03-14 09:00:00,51.732053203969514
2023-03-14 10:00:00,59.751537959867875
2023-03-14 11:00:00,61.14125731393484
2023-03-14 12:00:00,49.47775390731264
2023-03-14 13:00:00,46.56770093302474
2023-03-14 14:00:00,45.35026081556591
2023-03-14 15:00:00,48.73832370117548
2023-03-14 16:00:00,36.70298029120275
2023-03-14 17:00:00,41.532586650783244
2023-03-14 18:00:00,44.87598814891215
2023-03-14 19:00:00,42.84621258680854
2023-03-14 20:00:00,42.28765404514934
2023-03-14 21:00:00,47.93416265097023
2023-03-14 22:00:00,31.483838535003805
2023-03-14 23:00:00,50.80118614662933
2023-03-15 00:00:00,46.72962158436288
2023-03-15 01:00:00,43.43502596674292
2023-03-15 02:00:00,57.556012997624904
2023-03-15 03:00:00,63.939360537680265
2023-03-15 04:00:00,57.97301146470592
2023-03-15 05:00:00,64.42363099890538
2023-03-15 06:00:00,68.06139128994323
2023-03-15 07:00:00,66.23383053081092
2023-03-15 08:00:00,66.86007668470135
2023-03-15 09:00:00,60.781705267224936
2023-03-15 10:00:00,55.377168194507966
2023-03-15 11:00:00,44.578361391539374
2023-03-15 12:00:00,48.76968755935026
2023-03-15 13:00:00,43.19557657239383
2023-03-15 14:00:00,55.85471358748907
2023-03-15 15:00:00,42.04950312597285
2023-03-15 16:00:00,41.95576999607805
2023-03-15 17:00:00,43.09816861731166
2023-03-15 18:00:00,40.21801223186227
2023-03-15 19:00:00,48.81599693926307
2023-03-15 20:00:00,38.22649915348336
2023-03-15 21:00:00,43.901969464320736
2023-03-15 22:00:00,41.28764707150975
2023-03-15 23:00:00,40.81169699287126
2023-03-16 00:00:00,46.94115454547357
2023-03-16 01:00:00,52.40300646578314
2023-03-16 02:00:00,52.8534888774137
2023-03-16 03:00:00,53.608962912496196
2023-03-16 04:00:00,51.62866671948521
2023-03-16 05:00:00,59.24373039974721
2023-03-16 06:00:00,52.47639812984499
2023-03-16 07:00:00,63.45953808133869
2023-03-16 08:00:00,59.072452802516906
2023-03-16 09:00:00,49.78331031454082
2023-03-16 10:00:00,53.453954614750685
2023-03-16 11:00:00,48.8274084230723
2023-03-16 12:00:00,51.595872552095905
2023-03-16 13:00:00,54.11406177909052
2023-03-16 14:00:00,35.62413765177128
2023-03-16 15:00:00,43.504062583871615
2023-03-16 16:00:00,40.539081984322415
2023-03-16 17:00:00,43.69744211936165
2023-03-16 18:00:00,41.06598314118845
2023-03-16 19:00:00,36.58089507841522
2023-03-16 20:00:00,39.74447628382253
2023-03-16 21:00:00,38.94880290411708
2023-03-16 22:00:00,50.38003569299298
2023-03-16 23:00:00,47.5183677923345
2023-03-17 00:00:00,59.50595342876504
2023-03-17 01:00:00,52.2848863819521
2023-03-17 02:00:00,51.45796616544769
2023-03-17 03:00:00,49.50249584880134
2023-03-17 04:00:00,49.644555656564656
2023-03-17 05:00:00,51.738578547863234
2023-03-17 06:00:00,61.33563325505742
2023-03-17 07:00:00,62.20288337904035
2023-03-17 08:00:00,50.754300527683725
2023-03-17 09:00:00,61.54625938224605
2023-03-17 10:00:00,52.5846947415828
2023-03-17 11:00:00,53.32215551095296
2023-03-17 12:00:00,58.06110314127712
2023-03-17 13:00:00,51.89600612830245
2023-03-17 14:00:00,43.65734676047084
2023-03-17 15:00:00,38.4729710610581
2023-03-17 16:00:00,30.580668955509093
2023-03-17 17:00:00,36.74497514089722
2023-03-17 18:00:00,38.94434880586153
2023-03-17 19:00:00,35.40484410135339
2023-03-17 20:00:00,40.68346112669409
2023-03-17 21:00:00,43.31319160292836
2023-03-17 22:00:00,43.875720090959604
2023-03-17 23:00:00,44.16179664485749
2023-03-18 00:00:00,50.84327335983364
2023-03-18 01:00:00,54.79789369887225
2023-03-18 02:00:00,49.54800461278577
2023-03-18 03:00:00,64.12572971059683
2023-03-18 04:00:00,58.167313376423074
2023-03-18 05:00:00,59.75350637761492
2023-03-18 06:00:00,63.541072116282784
2023-03-18 07:00:00,60.82533891920819
2023-03-18 08:00:00,63.42593720741061
2023-03-18 09:00:00,58.506688637874596
2023-03-18 10:00:00,51.93781312679781
2023-03-18 11:00:00,54.39570807705572
2023-03-18 12:00:00,44.28136896339669
2023-03-18 13:00:00,47.95460807785741
2023-03-18 14:00:00,44.8338500467777
2023-03-18 15:00:00,41.88834790177183
2023-03-18 16:00:00,40.69705840496096
2023-03-18 17:00:00,30.931496509621123
2023-03-18 18:00:00,37.25637546129519
2023-03-18 19:00:00,40.804966242814885
2023-03-18 20:00:00,42.13902792214262
2023-03-18 21:00:00,37.79055648350473
2023-03-18 22:00:00,51.3285392043235
2023-03-18 23:00:00,43.08093530790228
2023-03-19 00:00:00,54.84728600263368
2023-03-19 01:00:00,54.72416226038363
2023-03-19 02:00:00,51.768863450780984
2023-03-19 03:00:00,65.94762227491303
2023-03-19 04:00:00,52.69206987906198
2023-03-19 05:00:00,64.25502913094068
2023-03-19 06:00:00,65.0029115902149
2023-03-19 07:00:00,56.306157217507455
2023-03-19 08:00:00,65.62258053816603
2023-03-19 09:00:00,55.820835238870714
2023-03-19 10:00:00,56.44346814639928
2023-03-19 11:00:00,53.889799644881315
2023-03-19 12:00:00,49.32845629264726
2023-03-19 13:00:00,51.4658509147737
2023-03-19 14:00:00,48.967443602761065
2023-03-19 15:00:00,34.186272321943626
2023-03-19 16:00:00,47.86144717654638
2023-03-19 17:00:00,32.02828179693095
2023-03-19 18:00:00,45.16273102170829
2023-03-19 19:00:00,45.97426742124723
2023-03-19 20:00:00,35.88491381107963
2023-03-19 21:00:00,40.8748607483616
2023-03-19 22:00:00,39.471476657570314
2023-03-19 23:00:00,46.33720439753111
2023-03-20 00:00:00,48.45982857907129
2023-03-20 01:00:00,56.4864931123719
2023-03-20 02:00:00,61.55154373059804
2023-03-20 03:00:00,64.04948686581525
2023-03-20 04:00:00,55.84941390495287
2023-03-20 05:00:00,58.61314889416804
2023-03-20 06:00:00,51.58280903889525
2023-03-20 07:00:00,55.629907930409736
2023-03-20 08:00:00,63.484512203331676
2023-03-20 09:00:00,65.14898192960663
2023-03-20 10:00:00,48.82825564060039
2023-03-20 11:00:00,49.625869155260744
2023-03-20 12:00:00,49.867971215205365
2023-03-20 13:00:00,48.81261534307283
2023-03-20 14:00:00,40.95198240039177
2023-03-20 15:00:00,45.04923741045498
2023-03-20 16:00:00,38.97054922680104
2023-03-20 17:00:00,40.268480382717925
2023-03-20 18:00:00,42.7314212400185
2023-03-20 19:00:00,40.372853086164
2023-03-20 20:00:00,39.157816509522775
2023-03-20 21:00:00,42.38088316850537
2023-03-20 22:00:00,44.558185203973316
2023-03-20 23:00:00,45.56175439956415
2023-03-21 00:00:00,48.70601968666449
2023-03-21 01:00:00,60.58142630354879
2023-03-21 02:00:00,57.8045972397062
2023-03-21 03:00:00,55.59366622171967
2023-03-21 04:00:00,62.14502606039806
2023-03-21 05:00:00,57.99016081411063
2023-03-21 06:00:00,65.86562318793321
2023-03-21 07:00:00,61.50746922388115
2023-03-21 08:00:00,58.12374331782325
2023-03-21 09:00:00,59.309652440916864
2023-03-21 10:00:00,47.145619239657506
2023-03-21 11:00:00,46.954353106476184
2023-03-21 12:00:00,44.03037496800472
2023-03-21 13:00:00,48.12652502279333
2023-03-21 14:00:00,53.66257499742546
2023-03-21 15:00:00,54.08543291909769
2023-03-21 16:00:00,44.530001469359405
2023-03-21 17:00:00,42.8449641118316
2023-03-21 18:00:00,30.994711329236303
2023-03-21 19:00:00,37.627372738439206
2023-03-21 20:00:00,37.40082720261442
2023-03-21 21:00:00,39.824694196878944
2023-03-21 22:00:00,44.159280907076045
2023-03-21 23:00:00,45.05135666048915
2023-03-22 00:00:00,40.10350094812106
2023-03-22 01:00:00,56.327741731612875
2023-03-22 02:00:00,49.636284871300965
2023-03-22 03:00:00,58.26730213242122
2023-03-22 04:00:00,69.03066738659425
2023-03-22 05:00:00,55.062335304958566
2023-03-22 06:00:00,47.348562386268355
2023-03-22 07:00:00,58.229237153490125
2023-03-22 08:00:00,64.16505221283724
2023-03-22 09:00:00,66.86280508296845
2023-03-22 10:00:00,48.85225202773792
2023-03-22 11:00:00,55.07168656720782
2023-03-22 12:00:00,47.67344771609973
2023-03-22 13:00:00,46.88206777745412
2023-03-22 14:00:00,58.221716735085174
2023-03-22 15:00:00,35.414080546158765
2023-03-22 16:00:00,42.608444269628485
2023-03-22 17:00:00,42.67920759593648
2023-03-22 18:00:00,45.42893162469674
2023-03-22 19:00:00,40.83065750446379
2023-03-22 20:00:00,42.87999865967613
2023-03-22 21:00:00,40.97068935102557
2023-03-22 22:00:00,46.34563470622553
2023-03-22 23:00:00,45.69584817148773
2023-03-23 00:00:00,53.107859449280255
2023-03-23 01:00:00,50.740138770807036
2023-03-23 02:00:00,56.88550196951093
2023-03-23 03:00:00,56.92475374344058
2023-03-23 04:00:00,64.29050529170522
2023-03-23 05:00:00,59.40228964494825
2023-03-23 06:00:00,51.134837658965594
2023-03-23 07:00:00,65.96886576646064
2023-03-23 08:00:00,54.1315925335313
2023-03-23 09:00:00,53.80223611862138
2023-03-23 10:00:00,52.02169352978254
2023-03-23 11:00:00,59.4603809168793
2023-03-23 12:00:00,39.32162893010652
2023-03-23 13:00:00,63.10055221727477
2023-03-23 14:00:00,50.28028404533026
2023-03-23 15:00:00,44.04512675878033
2023-03-23 16:00:00,41.065275959074185
2023-03-23 17:00:00,41.768512111397605
2023-03-23 18:00:00,42.60561214189669
2023-03-23 19:00:00,43.566819666859594
2023-03-23 20:00:00,44.11776829217286
2023-03-23 21:00:00,43.37683559441077
2023-03-23 22:00:00,44.01330789846336
2023-03-23 23:00:00,46.655443130707226
2023-03-24 00:00:00,49.0254585982366
2023-03-24 01:00:00,58.25704093536053
2023-03-24 02:00:00,57.96778361140431
2023-03-24 03:00:00,42.36912463854407
2023-03-24 04:00:00,61.939757920493186
2023-03-24 05:00:00,60.63293923648455
2023-03-24 06:00:00,59.90645621777051
2023-03-24 07:00:00,57.71666599744625
2023-03-24 08:00:00,64.28081763777446
2023-03-24 09:00:00,61.80870012247976
2023-03-24 10:00:00,51.135611660881956
2023-03-24 11:00:00,54.623451886647885
2023-03-24 12:00:00,45.14171632729357
2023-03-24 13:00:00,40.513718725030145
2023-03-24 14:00:00,41.86641387705018
2023-03-24 15:00:00,47.240899550048326
2023-03-24 16:00:00,46.10537118903605
2023-03-24 17:00:00,42.906168837595786
2023-03-24 18:00:00,43.625478934239986
2023-03-24 19:00:00,42.9216331726841
2023-03-24 20:00:00,38.13233798604086
2023-03-24 21:00:00,45.08854491150423
2023-03-24 22:00:00,49.002047626138406
2023-03-24 23:00:00,51.18326619804266
2023-03-25 00:00:00,55.94456685737322
2023-03-25 01:00:00,56.12970968703053
2023-03-25 02:00:00,56.757241037707914
2023-03-25 03:00:00,62.42181900344761
2023-03-25 04:00:00,58.52764774159908
2023-03-25 05:00:00,55.249885006752095
2023-03-25 06:00:00,59.18466518028118
2023-03-25 07:00:00,55.93474503885844
2023-03-25 08:00:00,55.284362662972484
2023-03-25 09:00:00,56.34847445828789
2023-03-25 10:00:00,51.03790039500019
2023-03-25 11:00:00,51.04838280283001
2023-03-25 12:00:00,40.53192666523107
2023-03-25 13:00:00,48.478278085839484
2023-03-25 14:00:00,45.00602737681112
2023-03-25 15:00:00,38.84348903279358
2023-03-25 16:00:00,44.63597430431764
2023-03-25 17:00:00,45.02859242524211
2023-03-25 18:00:00,31.962200678155128
2023-03-25 19:00:00,36.52711784427824
2023-03-25 20:00:00,37.49403421321912
2023-03-25 21:00:00,38.2294166825902
2023-03-25 22:00:00,49.147374209658736
2023-03-25 23:00:00,46.44267885511077
2023-03-26 00:00:00,48.67742579344694
2023-03-26 01:00:00,42.56887862899144
2023-03-26 02:00:00,58.17709015104613
2023-03-26 03:00:00,50.874775837598115
2023-03-26 04:00:00,58.959917189176025
2023-03-26 05:00:00,61.04614295268164
2023-03-26 06:00:00,66.80329297919326
2023-03-26 07:00:00,53.11515626729512
2023-03-26 08:00:00,43.56269325874026
2023-03-26 09:00:00,57.99031553563395
2023-03-26 10:00:00,64.00255590755427
2023-03-26 11:00:00,58.7829222157224
2023-03-26 12:00:00,51.04829707637313
2023-03-26 13:00:00,44.953628620814555
2023-03-26 14:00:00,49.03561298318655
2023-03-26 15:00:00,38.06120118961219
2023-03-26 16:00:00,43.72153480893672
2023-03-26 17:00:00,42.868092532942455
2023-03-26 18:00:00,45.3010495374944
2023-03-26 19:00:00,54.1390419316647
2023-03-26 20:00:00,43.30182579804945
2023-03-26 21:00:00,40.38411405959703
2023-03-26 22:00:00,44.87212843904002
2023-03-26 23:00:00,38.5664300245292
2023-03-27 00:00:00,46.52643434455471
2023-03-27 01:00:00,50.54177826045969
2023-03-27 02:00:00,52.37955801032704
2023-03-27 03:00:00,57.832842172034084
2023-03-27 04:00:00,54.54815437593338
2023-03-27 05:00:00,65.26441159951304
2023-03-27 06:00:00,60.00103532459099
2023-03-27 07:00:00,59.61275665719761
2023-03-27 08:00:00,57.0207804552798
2023-03-27 09:00:00,57.84702123116037
2023-03-27 10:00:00,59.125491323338174
2023-03-27 11:00:00,48.25253937247071
2023-03-27 12:00:00,46.70941755462372
2023-03-27 13:00:00,45.89317940509147
2023-03-27 14:00:00,38.27064538263392
2023-03-27 15:00:00,38.832642889527044
2023-03-27 16:00:00,38.95864159443232
2023-03-27 17:00:00,44.712687640672954
2023-03-27 18:00:00,41.31280664500962
2023-03-27 19:00:00,41.308691293947035
2023-03-27 20:00:00,45.594235772995475
2023-03-27 21:00:00,42.242073246137544
2023-03-27 22:00:00,46.95232424964444
2023-03-27 23:00:00,46.895700784312304
2023-03-28 00:00:00,51.32681174699814
2023-03-28 01:00:00,49.674397162967296
2023-03-28 02:00:00,42.80591420861786
2023-03-28 03:00:00,56.399672000933954
2023-03-28 04:00:00,65.77399471834408
2023-03-28 05:00:00,64.29033527409864
2023-03-28 06:00:00,64.82698742295585
2023-03-28 07:00:00,65.83991187192177
2023-03-28 08:00:00,59.10354199265158
2023-03-28 09:00:00,58.057646348893456
2023-03-28 10:00:00,51.91174052282825
2023-03-28 11:00:00,51.00782617088996
2023-03-28 12:00:00,53.07885574885571
2023-03-28 13:00:00,53.43123173481887
2023-03-28 14:00:00,44.302768621595
2023-03-28 15:00:00,40.677985863877474
2023-03-28 16:00:00,41.3423857564386
2023-03-28 17:00:00,43.34677548175489
2023-03-28 18:00:00,32.78072591933229
2023-03-28 19:00:00,28.85983697142312
2023-03-28 20:00:00,38.5870617146977
2023-03-28 21:00:00,36.825370058563735
2023-03-28 22:00:00,42.45929901176344
2023-03-28 23:00:00,46.67290795488743
2023-03-29 00:00:00,47.733757954884936
2023-03-29 01:00:00,59.850528123378936
2023-03-29 02:00:00,56.6337238230116
2023-03-29 03:00:00,58.57343960991962
2023-03-29 04:00:00,61.77128975806139
2023-03-29 05:00:00,53.96509267398684
2023-03-29 06:00:00,65.19555893710134
2023-03-29 07:00:00,59.28043683021338
2023-03-29 08:00:00,62.01265712405045
2023-03-29 09:00:00,51.7117816466647
2023-03-29 10:00:00,47.23120616991968
2023-03-29 11:00:00,56.67763874115035
2023-03-29 12:00:00,51.882047630487584
2023-03-29 13:00:00,42.901551777187244
2023-03-29 14:00:00,40.65168459362653
2023-03-29 15:00:00,48.556106110208376
2023-03-29 16:00:00,35.39268649781898
2023-03-29 17:00:00,48.554106503389136
2023-03-29 18:00:00,35.496896326760655
2023-03-29 19:00:00,43.532701365151226
2023-03-29 20:00:00,39.69665358341069
2023-03-29 21:00:00,45.94486934354624
2023-03-29 22:00:00,42.27942998942903
2023-03-29 23:00:00,46.59784501861331
2023-03-30 00:00:00,50.20459587697861
2023-03-30 01:00:00,47.57725317211784
2023-03-30 02:00:00,58.70412172710063
2023-03-30 03:00:00,54.50499997950755
2023-03-30 04:00:00,57.51725446114429
2023-03-30 05:00:00,54.68751138984812
2023-03-30 06:00:00,47.18833170602345
2023-03-30 07:00:00,58.70411944988984
2023-03-30 08:00:00,70.72333114590897
2023-03-30 09:00:00,60.9940892513556
2023-03-30 10:00:00,54.903698101328025
2023-03-30 11:00:00,51.27373630498388
2023-03-30 12:00:00,50.11232946406023
2023-03-30 13:00:00,50.14740512485084
2023-03-30 14:00:00,39.09593592345578
2023-03-30 15:00:00,48.500540661478894
2023-03-30 16:00:00,44.91665253936184
2023-03-30 17:00:00,43.93167036564899
2023-03-30 18:00:00,42.192378694048635
2023-03-30 19:00:00,40.43882502557926
2023-03-30 20:00:00,44.70405214198972
2023-03-30 21:00:00,45.88800285684142
2023-03-30 22:00:00,43.22979644529487
2023-03-30 23:00:00,44.54380068449028
2023-03-31 00:00:00,50.50928147630994
2023-03-31 01:00:00,60.333291208501144
2023-03-31 02:00:00,48.804464621730496
2023-03-31 03:00:00,49.73344148310328
2023-03-31 04:00:00,59.48405824402697
2023-03-31 05:00:00,59.91369677217077
2023-03-31 06:00:00,60.866708321852045
2023-03-31 07:00:00,60.87902425243318
2023-03-31 08:00:00,57.544242764670365
2023-03-31 09:00:00,64.52038500487589
2023-03-31 10:00:00,46.995480107617425
2023-03-31 11:00:00,48.44570532712398
2023-03-31 12:00:00,49.48372619925476
2023-03-31 13:00:00,39.195865493203954
2023-03-31 14:00:00,44.12072797783964
2023-03-31 15:00:00,51.23628301677462
2023-03-31 16:00:00,41.444178403635426
2023-03-31 17:00:00,41.494246265702735
2023-03-31 18:00:00,33.6991761741371
2023-03-31 19:00:00,37.25893469691192
2023-03-31 20:00:00,39.46376406053594
2023-03-31 21:00:00,41.340356704353354
2023-03-31 22:00:00,51.40821897501883
2023-03-31 23:00:00,50.20026485260041
