timestamp,base_grid_load_kw
2023-01-01 00:00:00,903.0612012575913
2023-01-01 01:00:00,888.228044547092
2023-01-01 02:00:00,911.4547506251772
2023-01-01 03:00:00,943.1953134268807
2023-01-01 04:00:00,920.8318078645457
2023-01-01 05:00:00,957.6734029177887
2023-01-01 06:00:00,1050.4823947084885
2023-01-01 07:00:00,1072.402468093624
2023-01-01 08:00:00,1058.6182676622113
2023-01-01 09:00:00,1066.8414995231076
2023-01-01 10:00:00,999.7208617906259
2023-01-01 11:00:00,953.1388290355643
2023-01-01 12:00:00,937.1160094788918
2023-01-01 13:00:00,870.2321985346181
2023-01-01 14:00:00,884.5133539262755
2023-01-01 15:00:00,946.1627197549477
2023-01-01 16:00:00,988.1378731365912
2023-01-01 17:00:00,1084.553228232038
2023-01-01 18:00:00,1106.8633850260678
2023-01-01 19:00:00,1115.0376753021178
2023-01-01 20:00:00,1166.197134480046
2023-01-01 21:00:00,1070.9980085957484
2023-01-01 22:00:00,1014.847776506457
2023-01-01 23:00:00,923.2608184083234
2023-01-02 00:00:00,917.3779444285192
2023-01-02 01:00:00,934.8018819284566
2023-01-02 02:00:00,906.8318628464406
2023-01-02 03:00:00,954.8561825846601
2023-01-02 04:00:00,952.0138400939973
2023-01-02 05:00:00,996.5786482060247
2023-01-02 06:00:00,1036.3035741244069
2023-01-02 07:00:00,1139.867719586863
2023-01-02 08:00:00,1110.3618618014752
2023-01-02 09:00:00,1067.178890318899
2023-01-02 10:00:00,1072.2140920228553
2023-01-02 11:00:00,974.6051467348835
2023-01-02 12:00:00,976.6327076741981
2023-01-02 13:00:00,909.416616663407
2023-01-02 14:00:00,934.7758136259789
2023-01-02 15:00:00,1005.4856039920384
2023-01-02 16:00:00,1072.2644807541753
2023-01-02 17:00:00,1121.3254170562436
2023-01-02 18:00:00,1167.0169449637303
2023-01-02 19:00:00,1183.1618405551062
2023-01-02 20:00:00,1132.9370306071598
2023-01-02 21:00:00,1098.9904760073823
2023-01-02 22:00:00,1041.9877672246025
2023-01-02 23:00:00,1025.651743828471
2023-01-03 00:00:00,939.9219308928704
2023-01-03 01:00:00,888.2967744136517
2023-01-03 02:00:00,944.0527626288782
2023-01-03 03:00:00,936.1806362276205
2023-01-03 04:00:00,950.4507184463286
2023-01-03 05:00:00,1019.5068602838884
2023-01-03 06:00:00,1077.4651886045508
2023-01-03 07:00:00,1117.1867290640546
2023-01-03 08:00:00,1090.0628154513677
2023-01-03 09:00:00,1086.2353152585265
2023-01-03 10:00:00,1060.276016117375
2023-01-03 11:00:00,1029.8588272742281
2023-01-03 12:00:00,959.775722964957
2023-01-03 13:00:00,954.110856455816
2023-01-03 14:00:00,940.6660516102991
2023-01-03 15:00:00,971.0028686053037
2023-01-03 16:00:00,1074.4599229261553
2023-01-03 17:00:00,1151.291171852775
2023-01-03 18:00:00,1168.4518600959382
2023-01-03 19:00:00,1216.1217165041494
2023-01-03 20:00:00,1179.2849421045466
2023-01-03 21:00:00,1101.2025484641322
2023-01-03 22:00:00,1062.8825877483177
2023-01-03 23:00:00,1038.0185634466575
2023-01-04 00:00:00,930.7794778674913
2023-01-04 01:00:00,971.8325248846515
2023-01-04 02:00:00,870.800690983346
2023-01-04 03:00:00,966.6989110389904
2023-01-04 04:00:00,969.8936003515131
2023-01-04 05:00:00,997.0834244928013
2023-01-04 06:00:00,1054.327875147121
2023-01-04 07:00:00,1044.5591584127085
2023-01-04 08:00:00,1105.8951115275772
2023-01-04 09:00:00,1103.2370941341817
2023-01-04 10:00:00,1089.285436642405
2023-01-04 11:00:00,992.8570988309093
2023-01-04 12:00:00,951.886394030341
2023-01-04 13:00:00,946.5520599743794
2023-01-04 14:00:00,991.5531340945829
2023-01-04 15:00:00,1009.4704671403938
2023-01-04 16:00:00,1041.2464274637057
2023-01-04 17:00:00,1130.56051215792
2023-01-04 18:00:00,1173.0227070607289
2023-01-04 19:00:00,1215.5931740117524
2023-01-04 20:00:00,1153.0363693230033
2023-01-04 21:00:00,1109.4826438558973
2023-01-04 22:00:00,1044.3886489738848
2023-01-04 23:00:00,963.3234307732865
2023-01-05 00:00:00,939.421383210557
2023-01-05 01:00:00,939.5860627325011
2023-01-05 02:00:00,936.7654024403537
2023-01-05 03:00:00,940.6299175339336
2023-01-05 04:00:00,932.676402533001
2023-01-05 05:00:00,994.3857226240166
2023-01-05 06:00:00,1043.8092402592667
2023-01-05 07:00:00,1074.5346969858929
2023-01-05 08:00:00,1107.6980133705674
2023-01-05 09:00:00,1104.753798705454
2023-01-05 10:00:00,1099.835980492833
2023-01-05 11:00:00,1010.521547047249
2023-01-05 12:00:00,978.8807413094422
2023-01-05 13:00:00,957.5780856085411
2023-01-05 14:00:00,921.0420482082575
2023-01-05 15:00:00,1000.9320899513738
2023-01-05 16:00:00,1056.3394352451098
2023-01-05 17:00:00,1179.6531265809206
2023-01-05 18:00:00,1166.1299916462024
2023-01-05 19:00:00,1199.258980245473
2023-01-05 20:00:00,1170.0631498660084
2023-01-05 21:00:00,1088.8004940190558
2023-01-05 22:00:00,1083.1051706037667
2023-01-05 23:00:00,1019.0528777324614
2023-01-06 00:00:00,952.1369129342187
2023-01-06 01:00:00,910.6677325323353
2023-01-06 02:00:00,972.0501617718945
2023-01-06 03:00:00,911.7910572727052
2023-01-06 04:00:00,983.074836403468
2023-01-06 05:00:00,1060.0059843125998
2023-01-06 06:00:00,1027.9564330183684
2023-01-06 07:00:00,1080.7769234505638
2023-01-06 08:00:00,1114.5641782636083
2023-01-06 09:00:00,1082.4083739063853
2023-01-06 10:00:00,1014.2574851601162
2023-01-06 11:00:00,1008.2139140708035
2023-01-06 12:00:00,946.2271266724204
2023-01-06 13:00:00,971.6217822427747
2023-01-06 14:00:00,946.3684607090884
2023-01-06 15:00:00,1040.6860349372425
2023-01-06 16:00:00,1035.5950856623779
2023-01-06 17:00:00,1110.3632738378462
2023-01-06 18:00:00,1191.6196841741719
2023-01-06 19:00:00,1161.2914267504834
2023-01-06 20:00:00,1176.9601804479425
2023-01-06 21:00:00,1151.0387517908046
2023-01-06 22:00:00,1014.6902573510603
2023-01-06 23:00:00,1005.2131363527994
2023-01-07 00:00:00,899.2003110633914
2023-01-07 01:00:00,913.2901176456749
2023-01-07 02:00:00,866.3986631755782
2023-01-07 03:00:00,874.1680454644436
2023-01-07 04:00:00,941.794075147922
2023-01-07 05:00:00,973.0113374472184
2023-01-07 06:00:00,1019.324289354321
2023-01-07 07:00:00,1063.937698877096
2023-01-07 08:00:00,1055.4144030459934
2023-01-07 09:00:00,1061.1437346373539
2023-01-07 10:00:00,1020.6930097182749
2023-01-07 11:00:00,948.983181199032
2023-01-07 12:00:00,979.7712092432301
2023-01-07 13:00:00,931.9699214487281
2023-01-07 14:00:00,899.9136060839055
2023-01-07 15:00:00,978.6936419766881
2023-01-07 16:00:00,991.1515031641391
2023-01-07 17:00:00,1098.4340537855878
2023-01-07 18:00:00,1160.5887701641536
2023-01-07 19:00:00,1131.888103651578
2023-01-07 20:00:00,1155.7002122629858
2023-01-07 21:00:00,1089.0218330561947
2023-01-07 22:00:00,1035.7709691639916
2023-01-07 23:00:00,1008.3592414048788
2023-01-08 00:00:00,886.9099528513873
2023-01-08 01:00:00,875.2425562865831
2023-01-08 02:00:00,875.4259847511704
2023-01-08 03:00:00,887.1256182116928
2023-01-08 04:00:00,927.1594078164251
2023-01-08 05:00:00,974.456934531083
2023-01-08 06:00:00,1020.3206526232027
2023-01-08 07:00:00,1076.2974894098504
2023-01-08 08:00:00,1073.0814829266817
2023-01-08 09:00:00,1092.01715868154
2023-01-08 10:00:00,1007.0911915991372
2023-01-08 11:00:00,1035.18761035871
2023-01-08 12:00:00,949.1099447030147
2023-01-08 13:00:00,899.0365740598046
2023-01-08 14:00:00,903.2652956067221
2023-01-08 15:00:00,974.6830266862003
2023-01-08 16:00:00,1010.2733898309541
2023-01-08 17:00:00,1096.948365588607
2023-01-08 18:00:00,1143.7962358475854
2023-01-08 19:00:00,1150.9258533382272
2023-01-08 20:00:00,1110.7873806244459
2023-01-08 21:00:00,1041.1725438099138
2023-01-08 22:00:00,1004.3980059067319
2023-01-08 23:00:00,982.6908012408952
2023-01-09 00:00:00,938.7376003257345
2023-01-09 01:00:00,903.283091898741
2023-01-09 02:00:00,942.3339696091085
2023-01-09 03:00:00,957.49441080007
2023-01-09 04:00:00,947.3311156177698
2023-01-09 05:00:00,1010.1118637803255
2023-01-09 06:00:00,1055.1992015721228
2023-01-09 07:00:00,1067.3842517092046
2023-01-09 08:00:00,1122.0417206094612
2023-01-09 09:00:00,1110.0390208828333
2023-01-09 10:00:00,1081.1244944804885
2023-01-09 11:00:00,1033.8690334658625
2023-01-09 12:00:00,939.3671277809826
2023-01-09 13:00:00,937.360487943354
2023-01-09 14:00:00,983.2540907094868
2023-01-09 15:00:00,1015.8064660489463
2023-01-09 16:00:00,1069.076752592772
2023-01-09 17:00:00,1215.757241473693
2023-01-09 18:00:00,1186.5781589715962
2023-01-09 19:00:00,1221.4763181301842
2023-01-09 20:00:00,1196.1478686345063
2023-01-09 21:00:00,1135.6691066807255
2023-01-09 22:00:00,1048.019749563419
2023-01-09 23:00:00,1020.5956628661605
2023-01-10 00:00:00,914.404312829384
2023-01-10 01:00:00,928.8457826683843
2023-01-10 02:00:00,926.2100442374452
2023-01-10 03:00:00,950.248016261851
2023-01-10 04:00:00,1027.6337021599797
2023-01-10 05:00:00,959.9267927872374
2023-01-10 06:00:00,1071.2401748406794
2023-01-10 07:00:00,1055.9802988455729
2023-01-10 08:00:00,1101.6384264263625
2023-01-10 09:00:00,1123.5828591181555
2023-01-10 10:00:00,1055.9949003488368
2023-01-10 11:00:00,980.920049187101
2023-01-10 12:00:00,956.2659557187545
2023-01-10 13:00:00,978.1357441349428
2023-01-10 14:00:00,952.4587297066857
2023-01-10 15:00:00,1008.7129684860342
2023-01-10 16:00:00,1057.67954290306
2023-01-10 17:00:00,1103.4886319875236
2023-01-10 18:00:00,1226.244184907744
2023-01-10 19:00:00,1209.2748391539635
2023-01-10 20:00:00,1122.00894635108
2023-01-10 21:00:00,1124.3853697376603
2023-01-10 22:00:00,1039.6965055305623
2023-01-10 23:00:00,1023.2719521940783
2023-01-11 00:00:00,914.2505960452412
2023-01-11 01:00:00,932.2365081134475
2023-01-11 02:00:00,951.3074862209196
2023-01-11 03:00:00,970.1837139446814
2023-01-11 04:00:00,940.098499129983
2023-01-11 05:00:00,998.5845630192429
2023-01-11 06:00:00,1042.548708615528
2023-01-11 07:00:00,1080.3036361242066
2023-01-11 08:00:00,1157.9117503913608
2023-01-11 09:00:00,1106.8223082812306
2023-01-11 10:00:00,1023.2044723263097
2023-01-11 11:00:00,1031.1488886249385
2023-01-11 12:00:00,1027.541124688805
2023-01-11 13:00:00,987.29610323859
2023-01-11 14:00:00,933.0723176639992
2023-01-11 15:00:00,991.534323238064
2023-01-11 16:00:00,1088.5516969483656
2023-01-11 17:00:00,1102.4255753504347
2023-01-11 18:00:00,1184.0797396915018
2023-01-11 19:00:00,1213.1313862449817
2023-01-11 20:00:00,1149.8029205413034
2023-01-11 21:00:00,1118.5745492801148
2023-01-11 22:00:00,975.5481549612803
2023-01-11 23:00:00,976.6900991040509
2023-01-12 00:00:00,928.0869665217372
2023-01-12 01:00:00,904.2478954015062
2023-01-12 02:00:00,979.8306426452065
2023-01-12 03:00:00,913.12385544192
2023-01-12 04:00:00,959.4423529394602
2023-01-12 05:00:00,1010.5531641479264
2023-01-12 06:00:00,1090.7917294217123
2023-01-12 07:00:00,1061.077868959571
2023-01-12 08:00:00,1143.1920439887149
2023-01-12 09:00:00,1097.291147833204
2023-01-12 10:00:00,1030.5264107089945
2023-01-12 11:00:00,1020.0924826056583
2023-01-12 12:00:00,979.8012679533333
2023-01-12 13:00:00,946.816605596349
2023-01-12 14:00:00,973.1391747381075
2023-01-12 15:00:00,994.3448909386836
2023-01-12 16:00:00,1060.0544076504887
2023-01-12 17:00:00,1137.008134654438
2023-01-12 18:00:00,1212.9722301919874
2023-01-12 19:00:00,1163.1577032390846
2023-01-12 20:00:00,1226.6395724976696
2023-01-12 21:00:00,1071.5980439941047
2023-01-12 22:00:00,1053.122766887625
2023-01-12 23:00:00,1017.34527610003
2023-01-13 00:00:00,941.7623072626529
2023-01-13 01:00:00,920.2113272178235
2023-01-13 02:00:00,934.1536440506948
2023-01-13 03:00:00,936.8887067871759
2023-01-13 04:00:00,956.0456864459906
2023-01-13 05:00:00,1028.8610424040105
2023-01-13 06:00:00,1064.0216246068965
2023-01-13 07:00:00,1079.9880231202515
2023-01-13 08:00:00,1136.9392873333832
2023-01-13 09:00:00,1105.0541495923403
2023-01-13 10:00:00,1075.722020218878
2023-01-13 11:00:00,1024.6169570598777
2023-01-13 12:00:00,954.4362405536558
2023-01-13 13:00:00,948.1538417831055
2023-01-13 14:00:00,990.4128030041496
2023-01-13 15:00:00,1019.5733277587753
2023-01-13 16:00:00,1057.0302744328148
2023-01-13 17:00:00,1123.7243926368424
2023-01-13 18:00:00,1205.5997724457752
2023-01-13 19:00:00,1179.6501462515712
2023-01-13 20:00:00,1187.327512923225
2023-01-13 21:00:00,1115.681762934031
2023-01-13 22:00:00,1051.811704445545
2023-01-13 23:00:00,1030.4431075003063
2023-01-14 00:00:00,915.7079443540134
2023-01-14 01:00:00,916.45158117339
2023-01-14 02:00:00,932.3286955485204
2023-01-14 03:00:00,910.0738512545014
2023-01-14 04:00:00,948.1636547120055
2023-01-14 05:00:00,960.1993461236842
2023-01-14 06:00:00,1023.535421330017
2023-01-14 07:00:00,1054.3922117026116
2023-01-14 08:00:00,1077.2092146324055
2023-01-14 09:00:00,1072.5856122663836
2023-01-14 10:00:00,995.279975227103
2023-01-14 11:00:00,1021.5209429639596
2023-01-14 12:00:00,910.3457063492507
2023-01-14 13:00:00,892.138677528372
2023-01-14 14:00:00,961.0182597736053
2023-01-14 15:00:00,984.4406635320477
2023-01-14 16:00:00,1033.4908347682579
2023-01-14 17:00:00,1096.8348708457654
2023-01-14 18:00:00,1133.6870057899275
2023-01-14 19:00:00,1132.3430967453567
2023-01-14 20:00:00,1135.8802174088526
2023-01-14 21:00:00,1064.1425615171113
2023-01-14 22:00:00,1041.966752921705
2023-01-14 23:00:00,959.6322767231086
2023-01-15 00:00:00,874.7687162917047
2023-01-15 01:00:00,888.4128048142538
2023-01-15 02:00:00,910.3486223087576
2023-01-15 03:00:00,895.7892519757878
2023-01-15 04:00:00,910.8929311226753
2023-01-15 05:00:00,974.3818059080231
2023-01-15 06:00:00,1021.8890373777288
2023-01-15 07:00:00,1045.30581925973
2023-01-15 08:00:00,1063.3419684493342
2023-01-15 09:00:00,1063.8415456466064
2023-01-15 10:00:00,979.8669943527115
2023-01-15 11:00:00,934.3582772946139
2023-01-15 12:00:00,917.8686459376371
2023-01-15 13:00:00,917.4908246374739
2023-01-15 14:00:00,940.1717876582585
2023-01-15 15:00:00,1001.8666121889179
2023-01-15 16:00:00,1039.6629405042092
2023-01-15 17:00:00,1077.4613804472774
2023-01-15 18:00:00,1133.8513804957379
2023-01-15 19:00:00,1130.044832498762
2023-01-15 20:00:00,1133.8558856364045
2023-01-15 21:00:00,1074.1887489141152
2023-01-15 22:00:00,1025.9903341769182
2023-01-15 23:00:00,942.9615482540588
2023-01-16 00:00:00,948.7219063159052
2023-01-16 01:00:00,975.0980209290016
2023-01-16 02:00:00,937.6384294888039
2023-01-16 03:00:00,960.2572560967191
2023-01-16 04:00:00,989.0341380529724
2023-01-16 05:00:00,998.5912110719379
2023-01-16 06:00:00,1061.6992823936293
2023-01-16 07:00:00,1098.6263059119115
2023-01-16 08:00:00,1117.8919258018714
2023-01-16 09:00:00,1079.047149864637
2023-01-16 10:00:00,1057.0139544949764
2023-01-16 11:00:00,1022.3269261835225
2023-01-16 12:00:00,1012.4404389121825
2023-01-16 13:00:00,987.1408713307587
2023-01-16 14:00:00,1026.5607572044557
2023-01-16 15:00:00,986.1311149413363
2023-01-16 16:00:00,1080.3615630905342
2023-01-16 17:00:00,1126.3754910881803
2023-01-16 18:00:00,1229.4039562721052
2023-01-16 19:00:00,1175.232706729187
2023-01-16 20:00:00,1153.6577652300532
2023-01-16 21:00:00,1106.7524959993766
2023-01-16 22:00:00,1005.1570743090792
2023-01-16 23:00:00,990.8305435492063
2023-01-17 00:00:00,917.0904124279634
2023-01-17 01:00:00,940.8698782727723
2023-01-17 02:00:00,949.2318181015844
2023-01-17 03:00:00,997.4492195315728
2023-01-17 04:00:00,995.8716197217759
2023-01-17 05:00:00,994.5296169844537
2023-01-17 06:00:00,1033.9670890715904
2023-01-17 07:00:00,1110.9399606869595
2023-01-17 08:00:00,1082.7746786695648
2023-01-17 09:00:00,1144.4893491143127
2023-01-17 10:00:00,1086.2176886634652
2023-01-17 11:00:00,998.4780631066986
2023-01-17 12:00:00,933.6639709969645
2023-01-17 13:00:00,997.3363955396939
2023-01-17 14:00:00,970.1981851422814
2023-01-17 15:00:00,1036.5906973198041
2023-01-17 16:00:00,1019.0233412095881
2023-01-17 17:00:00,1107.1380508778072
2023-01-17 18:00:00,1175.1204609415481
2023-01-17 19:00:00,1196.9451642141141
2023-01-17 20:00:00,1163.7296600045215
2023-01-17 21:00:00,1137.6390459510947
2023-01-17 22:00:00,1031.8944421891895
2023-01-17 23:00:00,1000.745417472623
2023-01-18 00:00:00,939.404895595117
2023-01-18 01:00:00,950.2997802978496
2023-01-18 02:00:00,958.8070664948913
2023-01-18 03:00:00,922.7576720907425
2023-01-18 04:00:00,934.0869453342477
2023-01-18 05:00:00,1041.2229047589901
2023-01-18 06:00:00,1065.0640819903026
2023-01-18 07:00:00,1080.2585938208963
2023-01-18 08:00:00,1154.8880840686575
2023-01-18 09:00:00,1101.9235216607888
2023-01-18 10:00:00,1086.5428910825424
2023-01-18 11:00:00,1012.2241922800825
2023-01-18 12:00:00,1028.3398081817998
2023-01-18 13:00:00,1007.7018830821523
2023-01-18 14:00:00,967.1663533971337
2023-01-18 15:00:00,1030.26333912984
2023-01-18 16:00:00,1075.3472072545896
2023-01-18 17:00:00,1156.6669912254738
2023-01-18 18:00:00,1151.1950577696045
2023-01-18 19:00:00,1213.2507117054704
2023-01-18 20:00:00,1201.770684798256
2023-01-18 21:00:00,1078.428086317343
2023-01-18 22:00:00,1029.3322659426235
2023-01-18 23:00:00,953.6528759896664
2023-01-19 00:00:00,929.9893026819271
2023-01-19 01:00:00,955.7043345820014
2023-01-19 02:00:00,978.9025895857912
2023-01-19 03:00:00,953.0530626379051
2023-01-19 04:00:00,1013.4821569826421
2023-01-19 05:00:00,975.1054164968767
2023-01-19 06:00:00,1014.4986394476555
2023-01-19 07:00:00,1097.9090335031165
2023-01-19 08:00:00,1126.0378896447985
2023-01-19 09:00:00,1098.5412558418368
2023-01-19 10:00:00,1005.7013777206713
2023-01-19 11:00:00,1008.6351979977318
2023-01-19 12:00:00,944.5363412878503
2023-01-19 13:00:00,980.8871444825447
2023-01-19 14:00:00,982.8823820022532
2023-01-19 15:00:00,982.8040394385188
2023-01-19 16:00:00,1046.693104322265
2023-01-19 17:00:00,1096.2978329806629
2023-01-19 18:00:00,1174.0781355929992
2023-01-19 19:00:00,1220.3049519587616
2023-01-19 20:00:00,1150.9938902093493
2023-01-19 21:00:00,1135.3247051065885
2023-01-19 22:00:00,1045.9842570406784
2023-01-19 23:00:00,985.1388283678318
2023-01-20 00:00:00,934.3737793022121
2023-01-20 01:00:00,912.2097848846529
2023-01-20 02:00:00,927.827495407746
2023-01-20 03:00:00,921.5788105707245
2023-01-20 04:00:00,1022.2099614243044
2023-01-20 05:00:00,1010.8146065095772
2023-01-20 06:00:00,1039.9151274897545
2023-01-20 07:00:00,1104.9722885019223
2023-01-20 08:00:00,1113.95311693708
2023-01-20 09:00:00,1094.1594493138934
2023-01-20 10:00:00,1073.0666624807886
2023-01-20 11:00:00,1030.125956494769
2023-01-20 12:00:00,964.2106148682434
2023-01-20 13:00:00,950.0749395037117
2023-01-20 14:00:00,967.1661981790759
2023-01-20 15:00:00,949.078069736348
2023-01-20 16:00:00,1021.9850654587536
2023-01-20 17:00:00,1157.2750924720349
2023-01-20 18:00:00,1217.0943706203957
2023-01-20 19:00:00,1190.5255577153564
2023-01-20 20:00:00,1190.376030202167
2023-01-20 21:00:00,1130.8298608402656
2023-01-20 22:00:00,1136.5377824694056
2023-01-20 23:00:00,1033.27508671829
2023-01-21 00:00:00,894.1746629657019
2023-01-21 01:00:00,874.5253963817718
2023-01-21 02:00:00,861.8306344866313
2023-01-21 03:00:00,916.9354132337714
2023-01-21 04:00:00,914.5061289209323
2023-01-21 05:00:00,934.6997394219871
2023-01-21 06:00:00,1001.5670075351512
2023-01-21 07:00:00,1032.907155094852
2023-01-21 08:00:00,1119.2629235078102
2023-01-21 09:00:00,1082.0477476776055
2023-01-21 10:00:00,1017.8362433984328
2023-01-21 11:00:00,1008.5099316674822
2023-01-21 12:00:00,939.730415701342
2023-01-21 13:00:00,903.2613549382672
2023-01-21 14:00:00,972.4436569912535
2023-01-21 15:00:00,980.4219143984992
2023-01-21 16:00:00,994.2567526072011
2023-01-21 17:00:00,1078.6678332854767
2023-01-21 18:00:00,1114.40278589989
2023-01-21 19:00:00,1122.5045298818027
2023-01-21 20:00:00,1159.4396092657091
2023-01-21 21:00:00,1131.1070874400757
2023-01-21 22:00:00,984.9246373641911
2023-01-21 23:00:00,979.6830093013348
2023-01-22 00:00:00,881.4275069389615
2023-01-22 01:00:00,886.5567412169511
2023-01-22 02:00:00,887.502912801385
2023-01-22 03:00:00,890.5700215093815
2023-01-22 04:00:00,934.9489066659467
2023-01-22 05:00:00,949.8032976659392
2023-01-22 06:00:00,1024.8137186999966
2023-01-22 07:00:00,1059.0108708632695
2023-01-22 08:00:00,1071.4316498736218
2023-01-22 09:00:00,1037.6386306171153
2023-01-22 10:00:00,1003.9372445814261
2023-01-22 11:00:00,990.7170772551615
2023-01-22 12:00:00,950.6401061150473
2023-01-22 13:00:00,900.6755472657961
2023-01-22 14:00:00,937.1698311095288
2023-01-22 15:00:00,986.0548098049635
2023-01-22 16:00:00,978.7737428516143
2023-01-22 17:00:00,1097.3312734613512
2023-01-22 18:00:00,1120.0486166751487
2023-01-22 19:00:00,1171.660458285026
2023-01-22 20:00:00,1117.524660078141
2023-01-22 21:00:00,1038.5705873259956
2023-01-22 22:00:00,979.5212341768766
2023-01-22 23:00:00,967.1318704648912
2023-01-23 00:00:00,944.5054109771029
2023-01-23 01:00:00,916.445737450517
2023-01-23 02:00:00,958.5963496438497
2023-01-23 03:00:00,910.9505664617116
2023-01-23 04:00:00,972.4026482682017
2023-01-23 05:00:00,980.6204228492123
2023-01-23 06:00:00,1042.0751726275053
2023-01-23 07:00:00,1101.770567649467
2023-01-23 08:00:00,1096.213794180242
2023-01-23 09:00:00,1091.0326108294682
2023-01-23 10:00:00,1083.832625343054
2023-01-23 11:00:00,997.7287771384975
2023-01-23 12:00:00,999.3282564931249
2023-01-23 13:00:00,937.190534286378
2023-01-23 14:00:00,988.2504051887389
2023-01-23 15:00:00,1043.628124504175
2023-01-23 16:00:00,999.0365396435251
2023-01-23 17:00:00,1104.1436645321496
2023-01-23 18:00:00,1191.359791095367
2023-01-23 19:00:00,1192.6381341861809
2023-01-23 20:00:00,1186.2035630930454
2023-01-23 21:00:00,1108.9117874417718
2023-01-23 22:00:00,1062.693317077837
2023-01-23 23:00:00,1002.3565931806132
2023-01-24 00:00:00,967.5233916348085
2023-01-24 01:00:00,945.7306658199049
2023-01-24 02:00:00,951.3880963855428
2023-01-24 03:00:00,942.5081355246213
2023-01-24 04:00:00,962.1809792918197
2023-01-24 05:00:00,1000.3983648070306
2023-01-24 06:00:00,1068.5488705412638
2023-01-24 07:00:00,1090.3774805052974
2023-01-24 08:00:00,1125.2849913939983
2023-01-24 09:00:00,1152.8480110605972
2023-01-24 10:00:00,1080.7699143577327
2023-01-24 11:00:00,1004.3169772316276
2023-01-24 12:00:00,1008.7827934048423
2023-01-24 13:00:00,955.5478129865271
2023-01-24 14:00:00,924.3686790206579
2023-01-24 15:00:00,982.7032428740397
2023-01-24 16:00:00,1014.3743457803082
2023-01-24 17:00:00,1115.5947004771263
2023-01-24 18:00:00,1177.7099390548397
2023-01-24 19:00:00,1239.9416933033851
2023-01-24 20:00:00,1185.4145922621142
2023-01-24 21:00:00,1118.8503955486929
2023-01-24 22:00:00,1081.580203579849
2023-01-24 23:00:00,951.2866329994655
2023-01-25 00:00:00,944.5333163141541
2023-01-25 01:00:00,958.9558868526755
2023-01-25 02:00:00,906.2974859572935
2023-01-25 03:00:00,981.7130230259829
2023-01-25 04:00:00,983.1476573491191
2023-01-25 05:00:00,1001.1442339231279
2023-01-25 06:00:00,1074.8212259025906
2023-01-25 07:00:00,1157.9835262390409
2023-01-25 08:00:00,1122.9013886161772
2023-01-25 09:00:00,1107.4826180200967
2023-01-25 10:00:00,1047.8218865515612
2023-01-25 11:00:00,991.5355685673306
2023-01-25 12:00:00,999.8249530324767
2023-01-25 13:00:00,944.661713932471
2023-01-25 14:00:00,977.4250605987158
2023-01-25 15:00:00,996.2780767459737
2023-01-25 16:00:00,1073.4327517177412
2023-01-25 17:00:00,1133.0382024784594
2023-01-25 18:00:00,1203.502090449675
2023-01-25 19:00:00,1185.594462793261
2023-01-25 20:00:00,1170.8086468038025
2023-01-25 21:00:00,1100.1729281424837
2023-01-25 22:00:00,1050.0518448164858
2023-01-25 23:00:00,1016.3116403189108
2023-01-26 00:00:00,957.8793075763363
2023-01-26 01:00:00,916.941763699823
2023-01-26 02:00:00,965.3139299031934
2023-01-26 03:00:00,987.3217582146959
2023-01-26 04:00:00,985.3327595411137
2023-01-26 05:00:00,1058.7579668833619
2023-01-26 06:00:00,1039.9685890711062
2023-01-26 07:00:00,1070.4114770099077
2023-01-26 08:00:00,1074.1983658158701
2023-01-26 09:00:00,1138.98985094858
2023-01-26 10:00:00,1075.9766902476808
2023-01-26 11:00:00,1011.7037008299513
2023-01-26 12:00:00,986.3774130756284
2023-01-26 13:00:00,938.2382231964957
2023-01-26 14:00:00,1037.091343957414
2023-01-26 15:00:00,1011.7616822632447
2023-01-26 16:00:00,1064.5047657379662
2023-01-26 17:00:00,1143.1524552425153
2023-01-26 18:00:00,1189.900462435408
2023-01-26 19:00:00,1204.2536131703705
2023-01-26 20:00:00,1158.1052985987665
2023-01-26 21:00:00,1136.7403697642037
2023-01-26 22:00:00,1108.5214285290267
2023-01-26 23:00:00,1040.8262689454264
2023-01-27 00:00:00,979.0933328099869
2023-01-27 01:00:00,927.5245798772836
2023-01-27 02:00:00,919.1427363778869
2023-01-27 03:00:00,950.5952137258804
2023-01-27 04:00:00,976.699084751538
2023-01-27 05:00:00,1039.5019345149835
2023-01-27 06:00:00,1017.3107782896249
2023-01-27 07:00:00,1140.0756775630082
2023-01-27 08:00:00,1115.025249557802
2023-01-27 09:00:00,1091.2257913964645
2023-01-27 10:00:00,1034.624014441125
2023-01-27 11:00:00,972.0309757898681
2023-01-27 12:00:00,1000.2665370004803
2023-01-27 13:00:00,968.5174735424647
2023-01-27 14:00:00,944.0075969572665
2023-01-27 15:00:00,976.4632583960731
2023-01-27 16:00:00,1053.6843533743902
2023-01-27 17:00:00,1167.0429027610824
2023-01-27 18:00:00,1171.6945228416994
2023-01-27 19:00:00,1161.3870137192391
2023-01-27 20:00:00,1172.03265836655
2023-01-27 21:00:00,1118.4446465759115
2023-01-27 22:00:00,994.3577250274111
2023-01-27 23:00:00,1006.142471112406
2023-01-28 00:00:00,893.7967224720338
2023-01-28 01:00:00,918.0165494916475
2023-01-28 02:00:00,950.413177841234
2023-01-28 03:00:00,942.2104310503144
2023-01-28 04:00:00,928.8901632636987
2023-01-28 05:00:00,944.790417417917
2023-01-28 06:00:00,1084.2628076969906
2023-01-28 07:00:00,1063.6237990101038
2023-01-28 08:00:00,1079.6300979033492
2023-01-28 09:00:00,1061.6011095506485
2023-01-28 10:00:00,1025.1851614250743
2023-01-28 11:00:00,970.0998008716625
2023-01-28 12:00:00,925.6521408126754
2023-01-28 13:00:00,913.3194694149936
2023-01-28 14:00:00,935.7442062786417
2023-01-28 15:00:00,955.5610270025683
2023-01-28 16:00:00,1004.5642448729631
2023-01-28 17:00:00,1088.284538904394
2023-01-28 18:00:00,1132.116294773517
2023-01-28 19:00:00,1196.8718308450077
2023-01-28 20:00:00,1072.2084083421223
2023-01-28 21:00:00,1112.8568257009135
2023-01-28 22:00:00,1053.23843949664
2023-01-28 23:00:00,915.9715055483964
2023-01-29 00:00:00,891.3065672595009
2023-01-29 01:00:00,891.629040105676
2023-01-29 02:00:00,869.3051544839134
2023-01-29 03:00:00,894.9045595061073
2023-01-29 04:00:00,908.1516557751825
2023-01-29 05:00:00,1016.563997606308
2023-01-29 06:00:00,1043.6244438286894
2023-01-29 07:00:00,1094.2358869188542
2023-01-29 08:00:00,1097.627338590865
2023-01-29 09:00:00,1034.2816138322269
2023-01-29 10:00:00,1007.4237071331423
2023-01-29 11:00:00,986.2468465847179
2023-01-29 12:00:00,909.7441671466413
2023-01-29 13:00:00,945.1195750845719
2023-01-29 14:00:00,930.858574464347
2023-01-29 15:00:00,960.079797476431
2023-01-29 16:00:00,1040.463060029238
2023-01-29 17:00:00,1097.034037383506
2023-01-29 18:00:00,1129.77024244782
2023-01-29 19:00:00,1188.5589225988053
2023-01-29 20:00:00,1111.7597417462089
2023-01-29 21:00:00,1101.2712159607174
2023-01-29 22:00:00,1037.2175125176675
2023-01-29 23:00:00,960.3712717600092
2023-01-30 00:00:00,948.3279168684463
2023-01-30 01:00:00,909.938056546822
2023-01-30 02:00:00,967.8944565329153
2023-01-30 03:00:00,950.0282574856883
2023-01-30 04:00:00,963.1488105997361
2023-01-30 05:00:00,1039.2833013675233
2023-01-30 06:00:00,1042.9247259373176
2023-01-30 07:00:00,1067.536311335795
2023-01-30 08:00:00,1080.9706418525705
2023-01-30 09:00:00,1117.9589910971822
2023-01-30 10:00:00,1028.8268141786132
2023-01-30 11:00:00,1058.1831713045128
2023-01-30 12:00:00,928.5499613727308
2023-01-30 13:00:00,1010.0068577383969
2023-01-30 14:00:00,982.4429802992497
2023-01-30 15:00:00,1007.333324069295
2023-01-30 16:00:00,1049.366917854811
2023-01-30 17:00:00,1136.2066916560407
2023-01-30 18:00:00,1178.1543632335597
2023-01-30 19:00:00,1227.4590587659961
2023-01-30 20:00:00,1181.942850353641
2023-01-30 21:00:00,1129.9312040245416
2023-01-30 22:00:00,1053.6005099639954
2023-01-30 23:00:00,1006.987126350716
2023-01-31 00:00:00,948.1675434085373
2023-01-31 01:00:00,898.7595940138815
2023-01-31 02:00:00,911.3870533739425
2023-01-31 03:00:00,973.5303211211734
2023-01-31 04:00:00,980.7864299397531
2023-01-31 05:00:00,1008.7563951866267
2023-01-31 06:00:00,1061.2920744013638
2023-01-31 07:00:00,1111.7352942527684
2023-01-31 08:00:00,1106.6902870567765
2023-01-31 09:00:00,1083.649032052326
2023-01-31 10:00:00,1066.031587242305
2023-01-31 11:00:00,990.1519051883704
2023-01-31 12:00:00,991.1024233365281
2023-01-31 13:00:00,925.3287662990425
2023-01-31 14:00:00,1003.1943424261679
2023-01-31 15:00:00,1021.8639968002235
2023-01-31 16:00:00,1069.688546256724
2023-01-31 17:00:00,1151.0934712697192
2023-01-31 18:00:00,1221.0299997795878
2023-01-31 19:00:00,1225.533671214879
2023-01-31 20:00:00,1133.3632112276416
2023-01-31 21:00:00,1094.4821436934446
2023-01-31 22:00:00,1047.3682587007925
2023-01-31 23:00:00,1009.3609510728561
2023-02-01 00:00:00,953.7088679682329
2023-02-01 01:00:00,923.6651017717294
2023-02-01 02:00:00,950.0557513087813
2023-02-01 03:00:00,936.3590387320414
2023-02-01 04:00:00,961.5217421820248
2023-02-01 05:00:00,978.4843444445071
2023-02-01 06:00:00,1038.0452881922254
2023-02-01 07:00:00,1069.548529748587
2023-02-01 08:00:00,1096.0823410103462
2023-02-01 09:00:00,1129.7425883728486
2023-02-01 10:00:00,1037.695376914333
2023-02-01 11:00:00,1080.7156695199499
2023-02-01 12:00:00,993.5239452359575
2023-02-01 13:00:00,972.8091527676293
2023-02-01 14:00:00,956.3014002587654
2023-02-01 15:00:00,1027.851699995391
2023-02-01 16:00:00,1049.191750513202
2023-02-01 17:00:00,1129.8713353074845
2023-02-01 18:00:00,1243.6901453950122
2023-02-01 19:00:00,1198.0678153665783
2023-02-01 20:00:00,1208.4117934383435
2023-02-01 21:00:00,1109.187050503959
2023-02-01 22:00:00,1062.4089041510292
2023-02-01 23:00:00,1053.273583978742
2023-02-02 00:00:00,925.3850072952655
2023-02-02 01:00:00,987.4117023339442
2023-02-02 02:00:00,963.3721718666961
2023-02-02 03:00:00,941.4737339269727
2023-02-02 04:00:00,992.9116720166664
2023-02-02 05:00:00,1038.256524389836
2023-02-02 06:00:00,1076.9631596838829
2023-02-02 07:00:00,1064.376818175189
2023-02-02 08:00:00,1102.592534222613
2023-02-02 09:00:00,1097.50536885232
2023-02-02 10:00:00,1059.8613046910857
2023-02-02 11:00:00,1030.714711621237
2023-02-02 12:00:00,985.9253140207215
2023-02-02 13:00:00,935.0964319909599
2023-02-02 14:00:00,987.5570823218998
2023-02-02 15:00:00,1025.9003879257168
2023-02-02 16:00:00,1077.8692486508771
2023-02-02 17:00:00,1154.132399363671
2023-02-02 18:00:00,1200.82787708547
2023-02-02 19:00:00,1212.2406061238605
2023-02-02 20:00:00,1178.2176087781904
2023-02-02 21:00:00,1085.5342290776614
2023-02-02 22:00:00,1074.315863175223
2023-02-02 23:00:00,1014.4875515503869
2023-02-03 00:00:00,948.1372575024305
2023-02-03 01:00:00,910.4703768210996
2023-02-03 02:00:00,918.9405628026891
2023-02-03 03:00:00,982.1528274902385
2023-02-03 04:00:00,976.4012025264485
2023-02-03 05:00:00,1031.2687834160697
2023-02-03 06:00:00,1062.414472864301
2023-02-03 07:00:00,1104.6649424924306
2023-02-03 08:00:00,1144.516661600221
2023-02-03 09:00:00,1091.0808193682597
2023-02-03 10:00:00,1064.4137626746976
2023-02-03 11:00:00,1003.9296297974305
2023-02-03 12:00:00,970.9089861441688
2023-02-03 13:00:00,961.0393407045829
2023-02-03 14:00:00,983.8940831701799
2023-02-03 15:00:00,998.9556315846208
2023-02-03 16:00:00,1095.5569934245254
2023-02-03 17:00:00,1105.0363015019043
2023-02-03 18:00:00,1175.5966349502999
2023-02-03 19:00:00,1190.0564305188816
2023-02-03 20:00:00,1216.4348015060864
2023-02-03 21:00:00,1132.2607246609368
2023-02-03 22:00:00,1089.6601240162106
2023-02-03 23:00:00,972.4449528779712
2023-02-04 00:00:00,908.3093720817475
2023-02-04 01:00:00,924.9151899696633
2023-02-04 02:00:00,908.3094049072512
2023-02-04 03:00:00,942.7463443960195
2023-02-04 04:00:00,924.7431989828254
2023-02-04 05:00:00,1009.7502808488634
2023-02-04 06:00:00,1079.4642954139906
2023-02-04 07:00:00,1055.1354038565155
2023-02-04 08:00:00,1070.2073322782717
2023-02-04 09:00:00,1100.6018783641066
2023-02-04 10:00:00,1061.785375756911
2023-02-04 11:00:00,962.7003401986947
2023-02-04 12:00:00,931.5520502650502
2023-02-04 13:00:00,922.009357432256
2023-02-04 14:00:00,905.01480496595
2023-02-04 15:00:00,948.2433773265727
2023-02-04 16:00:00,999.3448999788558
2023-02-04 17:00:00,1068.4918737922585
2023-02-04 18:00:00,1139.686632732134
2023-02-04 19:00:00,1167.1904041516188
2023-02-04 20:00:00,1179.3081955800649
2023-02-04 21:00:00,1062.6733330921475
2023-02-04 22:00:00,1048.7573993538792
2023-02-04 23:00:00,964.5195699607277
2023-02-05 00:00:00,900.6784930369589
2023-02-05 01:00:00,919.826877726496
2023-02-05 02:00:00,878.4662249795618
2023-02-05 03:00:00,925.9515490172407
2023-02-05 04:00:00,942.1186857839149
2023-02-05 05:00:00,987.1098467876814
2023-02-05 06:00:00,1029.5030287644583
2023-02-05 07:00:00,1125.870841708533
2023-02-05 08:00:00,1065.6833660502616
2023-02-05 09:00:00,1051.2743129043722
2023-02-05 10:00:00,1006.9995292962777
2023-02-05 11:00:00,962.1668832417737
2023-02-05 12:00:00,926.4040128530373
2023-02-05 13:00:00,959.0613562747111
2023-02-05 14:00:00,974.4206442848072
2023-02-05 15:00:00,957.2229889881945
2023-02-05 16:00:00,1003.9215001633055
2023-02-05 17:00:00,1099.7541721727755
2023-02-05 18:00:00,1127.030149153033
2023-02-05 19:00:00,1177.4403016253473
2023-02-05 20:00:00,1145.9007291242492
2023-02-05 21:00:00,1050.0205515789403
2023-02-05 22:00:00,1063.1189397684698
2023-02-05 23:00:00,1015.0482032370071
2023-02-06 00:00:00,926.8738967862994
2023-02-06 01:00:00,933.5423796940706
2023-02-06 02:00:00,953.9594385568812
2023-02-06 03:00:00,965.0312533824543
2023-02-06 04:00:00,994.6995156655485
2023-02-06 05:00:00,1065.3322069267756
2023-02-06 06:00:00,1058.128660249551
2023-02-06 07:00:00,1084.8094353674385
2023-02-06 08:00:00,1087.4224132263205
2023-02-06 09:00:00,1086.554514051009
2023-02-06 10:00:00,1062.0283964051912
2023-02-06 11:00:00,1061.196286078864
2023-02-06 12:00:00,969.6769368299352
2023-02-06 13:00:00,975.2091700581341
2023-02-06 14:00:00,978.7759939533811
2023-02-06 15:00:00,1041.4800064382728
2023-02-06 16:00:00,1128.1822284078908
2023-02-06 17:00:00,1114.9755922102465
2023-02-06 18:00:00,1168.878267467241
2023-02-06 19:00:00,1227.9995563783257
2023-02-06 20:00:00,1198.1534691137638
2023-02-06 21:00:00,1174.3603658674112
2023-02-06 22:00:00,1079.3080426385068
2023-02-06 23:00:00,1001.447487410082
2023-02-07 00:00:00,957.2349884788041
2023-02-07 01:00:00,971.2275118701302
2023-02-07 02:00:00,967.5998619817798
2023-02-07 03:00:00,969.6266880735484
2023-02-07 04:00:00,1005.1777797515438
2023-02-07 05:00:00,1044.584486881846
2023-02-07 06:00:00,1097.381319375928
2023-02-07 07:00:00,1121.259617333728
2023-02-07 08:00:00,
2023-02-07 09:00:00,1108.7706108734774
2023-02-07 10:00:00,1093.2942985528323
2023-02-07 11:00:00,996.1839513793258
2023-02-07 12:00:00,992.1090556907493
2023-02-07 13:00:00,960.056004622065
2023-02-07 14:00:00,980.1801905916576
2023-02-07 15:00:00,1044.0064748303403
2023-02-07 16:00:00,1070.0613981246352
2023-02-07 17:00:00,1129.6832289002457
2023-02-07 18:00:00,1147.3928536687858
2023-02-07 19:00:00,1220.8268772653664
2023-02-07 20:00:00,1197.5182900647198
2023-02-07 21:00:00,1182.549054469734
2023-02-07 22:00:00,1057.2903857946196
2023-02-07 23:00:00,1016.1835515344442
2023-02-08 00:00:00,948.9746073707801
2023-02-08 01:00:00,983.2176519161592
2023-02-08 02:00:00,944.9768167086868
2023-02-08 03:00:00,964.1917730066393
2023-02-08 04:00:00,993.9797228212433
2023-02-08 05:00:00,1020.288722766128
2023-02-08 06:00:00,1051.9379018027412
2023-02-08 07:00:00,1110.1655175329595
2023-02-08 08:00:00,1149.2925889027802
2023-02-08 09:00:00,1079.7112837938826
2023-02-08 10:00:00,1066.72721381031
2023-02-08 11:00:00,999.3757203470421
2023-02-08 12:00:00,1013.0397862585627
2023-02-08 13:00:00,932.0811998771694
2023-02-08 14:00:00,965.7599214030123
2023-02-08 15:00:00,1021.7468727082858
2023-02-08 16:00:00,1104.693419721511
2023-02-08 17:00:00,1127.149956236032
2023-02-08 18:00:00,1167.7806665924688
2023-02-08 19:00:00,1249.4708624172156
2023-02-08 20:00:00,1145.4522355923018
2023-02-08 21:00:00,1073.7689350381104
2023-02-08 22:00:00,1076.2566004862929
2023-02-08 23:00:00,998.4248353005453
2023-02-09 00:00:00,917.4769058987295
2023-02-09 01:00:00,961.7579421535423
2023-02-09 02:00:00,953.7219339116267
2023-02-09 03:00:00,943.3819801429488
2023-02-09 04:00:00,947.0424111605436
2023-02-09 05:00:00,1037.7026389432087
2023-02-09 06:00:00,1079.621482664457
2023-02-09 07:00:00,1103.1015821650035
2023-02-09 08:00:00,1168.8854311064638
2023-02-09 09:00:00,1078.8897581699914
2023-02-09 10:00:00,1025.532553732506
2023-02-09 11:00:00,999.8487500224766
2023-02-09 12:00:00,982.2916811755404
2023-02-09 13:00:00,976.5120697788172
2023-02-09 14:00:00,973.9697771873799
2023-02-09 15:00:00,1021.3856717935163
2023-02-09 16:00:00,1034.5345444348777
2023-02-09 17:00:00,1165.1555389136745
2023-02-09 18:00:00,1179.8745863489708
2023-02-09 19:00:00,1230.6420425198903
2023-02-09 20:00:00,1190.4884278111367
2023-02-09 21:00:00,1140.4256254814431
2023-02-09 22:00:00,1079.7681322897508
2023-02-09 23:00:00,1022.4366159587795
2023-02-10 00:00:00,959.339740526582
2023-02-10 01:00:00,977.5417894272655
2023-02-10 02:00:00,952.8038905127796
2023-02-10 03:00:00,975.4729850539759
2023-02-10 04:00:00,977.0705739730314
2023-02-10 05:00:00,1052.1580813253381
2023-02-10 06:00:00,1046.720590866905
2023-02-10 07:00:00,1150.8684347851545
2023-02-10 08:00:00,1121.9795026420595
2023-02-10 09:00:00,1070.1364449780901
2023-02-10 10:00:00,1067.1372385812901
2023-02-10 11:00:00,1000.3841055355317
2023-02-10 12:00:00,1004.711365512042
2023-02-10 13:00:00,954.3769292660863
2023-02-10 14:00:00,969.1100380063149
2023-02-10 15:00:00,965.6097138099167
2023-02-10 16:00:00,1054.7793172613078
2023-02-10 17:00:00,
2023-02-10 18:00:00,1142.5947404245378
2023-02-10 19:00:00,1221.9839583366904
2023-02-10 20:00:00,1201.829243320861
2023-02-10 21:00:00,1139.9071792501186
2023-02-10 22:00:00,1041.6134919086114
2023-02-10 23:00:00,1010.3150632576933
2023-02-11 00:00:00,903.441709196775
2023-02-11 01:00:00,875.613960088287
2023-02-11 02:00:00,945.7359199585676
2023-02-11 03:00:00,939.9420495228007
2023-02-11 04:00:00,934.0499631286164
2023-02-11 05:00:00,977.0873980581105
2023-02-11 06:00:00,1029.1000697612214
2023-02-11 07:00:00,1015.0616533959228
2023-02-11 08:00:00,1077.0641179892993
2023-02-11 09:00:00,1049.1163174752423
2023-02-11 10:00:00,999.1542291052936
2023-02-11 11:00:00,970.6429907944008
2023-02-11 12:00:00,988.8975411027079
2023-02-11 13:00:00,946.9737014244672
2023-02-11 14:00:00,926.2452502362603
2023-02-11 15:00:00,987.4229027616049
2023-02-11 16:00:00,1061.3309623013308
2023-02-11 17:00:00,1112.7013122317044
2023-02-11 18:00:00,1143.9431714038315
2023-02-11 19:00:00,
2023-02-11 20:00:00,1159.899923339076
2023-02-11 21:00:00,1099.3679759851843
2023-02-11 22:00:00,1048.4278271316812
2023-02-11 23:00:00,987.6472433474379
2023-02-12 00:00:00,930.0267705688361
2023-02-12 01:00:00,891.4483770408998
2023-02-12 02:00:00,941.3419940670603
2023-02-12 03:00:00,923.2041623875324
2023-02-12 04:00:00,991.7117693018031
2023-02-12 05:00:00,959.4417366428214
2023-02-12 06:00:00,1067.545774653477
2023-02-12 07:00:00,1071.3089747049096
2023-02-12 08:00:00,1067.2142824737664
2023-02-12 09:00:00,1054.3249578356426
2023-02-12 10:00:00,1016.4422266596217
2023-02-12 11:00:00,988.530826788411
2023-02-12 12:00:00,957.2824451441707
2023-02-12 13:00:00,916.8663098061409
2023-02-12 14:00:00,940.172040186119
2023-02-12 15:00:00,1026.921272204811
2023-02-12 16:00:00,1069.7918356510118
2023-02-12 17:00:00,1100.749741912549
2023-02-12 18:00:00,1143.6586791218454
2023-02-12 19:00:00,1166.490656256999
2023-02-12 20:00:00,1158.0384698288099
2023-02-12 21:00:00,1064.2172072314938
2023-02-12 22:00:00,1019.8697632072175
2023-02-12 23:00:00,930.3095264702623
2023-02-13 00:00:00,954.0207137187991
2023-02-13 01:00:00,961.2613387902969
2023-02-13 02:00:00,936.5796638365323
2023-02-13 03:00:00,997.8660243202876
2023-02-13 04:00:00,949.4382888789273
2023-02-13 05:00:00,980.3142430576295
2023-02-13 06:00:00,1070.0101580061596
2023-02-13 07:00:00,1132.7908456514617
2023-02-13 08:00:00,1165.8501078183886
2023-02-13 09:00:00,1095.2021800830914
2023-02-13 10:00:00,1091.6701131680766
2023-02-13 11:00:00,1017.2161493586598
2023-02-13 12:00:00,980.1480584125771
2023-02-13 13:00:00,993.5524913095866
2023-02-13 14:00:00,997.3411599207935
2023-02-13 15:00:00,974.2068922827225
2023-02-13 16:00:00,1103.7689481094558
2023-02-13 17:00:00,1164.596116992199
2023-02-13 18:00:00,1167.3217075977166
2023-02-13 19:00:00,1213.6371443927922
2023-02-13 20:00:00,1195.3034581354323
2023-02-13 21:00:00,1136.556048474866
2023-02-13 22:00:00,1052.79873076448
2023-02-13 23:00:00,995.4857270865652
2023-02-14 00:00:00,943.6493950754406
2023-02-14 01:00:00,974.647776975772
2023-02-14 02:00:00,962.4974404554371
2023-02-14 03:00:00,949.4991081324438
2023-02-14 04:00:00,999.623009416754
2023-02-14 05:00:00,945.9581607436827
2023-02-14 06:00:00,1093.3661162480225
2023-02-14 07:00:00,1063.368654813265
2023-02-14 08:00:00,1114.9390031934233
2023-02-14 09:00:00,1078.9306504857211
2023-02-14 10:00:00,1032.584166635831
2023-02-14 11:00:00,1047.4476419772
2023-02-14 12:00:00,973.0193220748599
2023-02-14 13:00:00,980.3717011122471
2023-02-14 14:00:00,980.108184685038
2023-02-14 15:00:00,1025.7908280844663
2023-02-14 16:00:00,1069.0240978393745
2023-02-14 17:00:00,1098.267138730358
2023-02-14 18:00:00,1208.1155568181928
2023-02-14 19:00:00,1191.6462526743837
2023-02-14 20:00:00,1144.2862672084298
2023-02-14 21:00:00,1119.5844365016803
2023-02-14 22:00:00,1104.323465573033
2023-02-14 23:00:00,1033.7799660344133
2023-02-15 00:00:00,935.8159093946329
2023-02-15 01:00:00,936.8420747909298
2023-02-15 02:00:00,941.1105262147443
2023-02-15 03:00:00,1010.92713192822
2023-02-15 04:00:00,990.1228938609369
2023-02-15 05:00:00,1028.166733343814
2023-02-15 06:00:00,1090.6480259941186
2023-02-15 07:00:00,1113.0751941629828
2023-02-15 08:00:00,1117.7679389875864
2023-02-15 09:00:00,1102.2576175288527
2023-02-15 10:00:00,1063.4051379481048
2023-02-15 11:00:00,1017.7403822845936
2023-02-15 12:00:00,1003.1465566031843
2023-02-15 13:00:00,973.2517171187644
2023-02-15 14:00:00,999.8411669920097
2023-02-15 15:00:00,1012.0908588057763
2023-02-15 16:00:00,1069.3133962253728
2023-02-15 17:00:00,1080.630893126372
2023-02-15 18:00:00,1206.3610441041787
2023-02-15 19:00:00,1212.8963450554688
2023-02-15 20:00:00,1208.3950333260173
2023-02-15 21:00:00,1058.1248969755882
2023-02-15 22:00:00,1119.2578043312958
2023-02-15 23:00:00,1009.2786476822994
2023-02-16 00:00:00,972.4765314935499
2023-02-16 01:00:00,919.815617541035
2023-02-16 02:00:00,964.7104984420257
2023-02-16 03:00:00,932.9127915801403
2023-02-16 04:00:00,965.2200318580356
2023-02-16 05:00:00,1065.5062243309897
2023-02-16 06:00:00,1060.3636279445216
2023-02-16 07:00:00,1112.7810353370958
2023-02-16 08:00:00,1146.2354342206056
2023-02-16 09:00:00,1119.798159275575
2023-02-16 10:00:00,1069.1953903823285
2023-02-16 11:00:00,1028.034711579278
2023-02-16 12:00:00,1045.2809559634993
2023-02-16 13:00:00,970.7523483680251
2023-02-16 14:00:00,986.7923895497771
2023-02-16 15:00:00,1040.614881528964
2023-02-16 16:00:00,1095.225413111703
2023-02-16 17:00:00,1160.5014161989673
2023-02-16 18:00:00,1199.6608561076291
2023-02-16 19:00:00,1175.8987586600397
2023-02-16 20:00:00,1224.5203172073361
2023-02-16 21:00:00,1102.112394925246
2023-02-16 22:00:00,1074.8540716630364
2023-02-16 23:00:00,994.1512404559775
2023-02-17 00:00:00,943.4039621036487
2023-02-17 01:00:00,954.2677856701217
2023-02-17 02:00:00,957.6605408950797
2023-02-17 03:00:00,970.0316592087253
2023-02-17 04:00:00,1021.3924972952584
2023-02-17 05:00:00,1029.2292577155308
2023-02-17 06:00:00,1059.2622317747005
2023-02-17 07:00:00,1131.6828524081732
2023-02-17 08:00:00,1154.4559628698644
2023-02-17 09:00:00,1076.9513763911966
2023-02-17 10:00:00,1080.6053791933468
2023-02-17 11:00:00,1036.6754647687562
2023-02-17 12:00:00,977.9919384419042
2023-02-17 13:00:00,1006.8209483200167
2023-02-17 14:00:00,978.2489833994513
2023-02-17 15:00:00,1017.7233926589237
2023-02-17 16:00:00,1063.495928874018
2023-02-17 17:00:00,1131.4505944428558
2023-02-17 18:00:00,1156.521183077881
2023-02-17 19:00:00,1168.7080691068059
2023-02-17 20:00:00,1223.7826151737945
2023-02-17 21:00:00,1109.8324557361166
2023-02-17 22:00:00,1042.7388359890142
2023-02-17 23:00:00,959.40884355973
2023-02-18 00:00:00,889.2644783708873
2023-02-18 01:00:00,873.2025818719986
2023-02-18 02:00:00,950.9080908068836
2023-02-18 03:00:00,944.9601688810603
2023-02-18 04:00:00,924.0770582340004
2023-02-18 05:00:00,1034.4328966059404
2023-02-18 06:00:00,1050.1413861264082
2023-02-18 07:00:00,1059.6909899079
2023-02-18 08:00:00,1022.4651590695603
2023-02-18 09:00:00,1125.1462373790414
2023-02-18 10:00:00,991.1621670726621
2023-02-18 11:00:00,938.2422788317128
2023-02-18 12:00:00,971.2263881207963
2023-02-18 13:00:00,993.6531894403593
2023-02-18 14:00:00,976.8382948326787
2023-02-18 15:00:00,988.9128106180954
2023-02-18 16:00:00,1042.9226843173983
2023-02-18 17:00:00,1112.6276085174782
2023-02-18 18:00:00,1163.1323762895815
2023-02-18 19:00:00,1171.970228065549
2023-02-18 20:00:00,1146.7561174866185
2023-02-18 21:00:00,1089.672762541238
2023-02-18 22:00:00,1008.9056312984064
2023-02-18 23:00:00,966.4578207728049
2023-02-19 00:00:00,863.1412761238804
2023-02-19 01:00:00,904.0480104529576
2023-02-19 02:00:00,885.3696085403416
2023-02-19 03:00:00,892.3516831327405
2023-02-19 04:00:00,946.0048450579208
2023-02-19 05:00:00,1013.148733046588
2023-02-19 06:00:00,1048.781838517316
2023-02-19 07:00:00,1028.7759338206763
2023-02-19 08:00:00,1060.4362729427814
2023-02-19 09:00:00,1091.6186271796182
2023-02-19 10:00:00,1001.5659683189343
2023-02-19 11:00:00,973.9880931713498
2023-02-19 12:00:00,959.6401042118093
2023-02-19 13:00:00,908.6774423259268
2023-02-19 14:00:00,945.092536439205
2023-02-19 15:00:00,941.6911196594715
2023-02-19 16:00:00,1013.2463090926261
2023-02-19 17:00:00,1099.5134423171742
2023-02-19 18:00:00,1104.560992622261
2023-02-19 19:00:00,1176.178985330965
2023-02-19 20:00:00,1143.8868193302949
2023-02-19 21:00:00,1105.276514014795
2023-02-19 22:00:00,1033.57927378733
2023-02-19 23:00:00,1007.8048828594606
2023-02-20 00:00:00,948.8179894130702
2023-02-20 01:00:00,935.9935429628025
2023-02-20 02:00:00,953.3640041630291
2023-02-20 03:00:00,973.7460471571519
2023-02-20 04:00:00,982.9511734053339
2023-02-20 05:00:00,1019.5856485361775
2023-02-20 06:00:00,1048.4963115401968
2023-02-20 07:00:00,1091.6881063405895
2023-02-20 08:00:00,1090.334024930155
2023-02-20 09:00:00,1152.0609464276938
2023-02-20 10:00:00,1035.2537526407175
2023-02-20 11:00:00,1002.5034723444852
2023-02-20 12:00:00,968.1508004650731
2023-02-20 13:00:00,995.4813434892362
2023-02-20 14:00:00,975.3065871963628
2023-02-20 15:00:00,1046.4574892173775
2023-02-20 16:00:00,1051.6654149534172
2023-02-20 17:00:00,1138.7159283873132
2023-02-20 18:00:00,1163.7243399971662
2023-02-20 19:00:00,1259.018025444397
2023-02-20 20:00:00,1154.9099841958316
2023-02-20 21:00:00,1139.4319632781496
2023-02-20 22:00:00,1084.0480228271235
2023-02-20 23:00:00,1024.2685299145094
2023-02-21 00:00:00,941.2728058586665
2023-02-21 01:00:00,943.7007844813348
2023-02-21 02:00:00,951.6194738704365
2023-02-21 03:00:00,956.7061668742667
2023-02-21 04:00:00,1006.0442700508007
2023-02-21 05:00:00,1074.051551779601
2023-02-21 06:00:00,1052.3264295939068
2023-02-21 07:00:00,1074.233175273623
2023-02-21 08:00:00,1123.4097260001026
2023-02-21 09:00:00,1173.0318817731152
2023-02-21 10:00:00,1046.4760898099933
2023-02-21 11:00:00,1061.0216429092213
2023-02-21 12:00:00,1028.2711229399508
2023-02-21 13:00:00,959.4861485066621
2023-02-21 14:00:00,997.1225266170321
2023-02-21 15:00:00,1056.1914734624843
2023-02-21 16:00:00,1059.2421075185634
2023-02-21 17:00:00,1126.869185812896
2023-02-21 18:00:00,1170.2836139636809
2023-02-21 19:00:00,1180.2379994664773
2023-02-21 20:00:00,1168.585626528656
2023-02-21 21:00:00,1101.3055593371541
2023-02-21 22:00:00,1069.2733079940383
2023-02-21 23:00:00,994.8918421854926
2023-02-22 00:00:00,951.9626412390979
2023-02-22 01:00:00,908.2619069332999
2023-02-22 02:00:00,959.0091889900402
2023-02-22 03:00:00,981.4324370689221
2023-02-22 04:00:00,932.3168971803616
2023-02-22 05:00:00,1028.3528870997266
2023-02-22 06:00:00,1097.168445144655
2023-02-22 07:00:00,1078.45022040954
2023-02-22 08:00:00,1167.6440829935466
2023-02-22 09:00:00,1119.2276196796286
2023-02-22 10:00:00,1049.1556537289962
2023-02-22 11:00:00,1018.862491945397
2023-02-22 12:00:00,1000.4997715148028
2023-02-22 13:00:00,975.4389854483923
2023-02-22 14:00:00,996.5798455622794
2023-02-22 15:00:00,992.6777141710066
2023-02-22 16:00:00,1073.1673177578725
2023-02-22 17:00:00,1096.8288285065505
2023-02-22 18:00:00,1182.2579813923994
2023-02-22 19:00:00,1183.2222228108992
2023-02-22 20:00:00,1166.642312704282
2023-02-22 21:00:00,1163.0193915001914
2023-02-22 22:00:00,1095.9169704161345
2023-02-22 23:00:00,1029.5826220983581
2023-02-23 00:00:00,919.0184829558729
2023-02-23 01:00:00,939.4573954743786
2023-02-23 02:00:00,981.2729343125164
2023-02-23 03:00:00,964.3454444980546
2023-02-23 04:00:00,1040.3518353725483
2023-02-23 05:00:00,1029.0427274667545
2023-02-23 06:00:00,1071.4862568734313
2023-02-23 07:00:00,1101.1716429001156
2023-02-23 08:00:00,1129.3766045705192
2023-02-23 09:00:00,1105.1487071643216
2023-02-23 10:00:00,1084.691975668529
2023-02-23 11:00:00,1044.3825854350623
2023-02-23 12:00:00,967.1001708174191
2023-02-23 13:00:00,940.4663354524955
2023-02-23 14:00:00,937.4141200518958
2023-02-23 15:00:00,1028.6026457991625
2023-02-23 16:00:00,1041.5574406309818
2023-02-23 17:00:00,1078.557734733721
2023-02-23 18:00:00,1194.961406667749
2023-02-23 19:00:00,1268.3532104116969
2023-02-23 20:00:00,1185.0870971088868
2023-02-23 21:00:00,1153.2876401095796
2023-02-23 22:00:00,1070.888259993325
2023-02-23 23:00:00,1012.0902363742582
2023-02-24 00:00:00,969.5067735640353
2023-02-24 01:00:00,940.314302528686
2023-02-24 02:00:00,957.8338590814881
2023-02-24 03:00:00,969.048526228611
2023-02-24 04:00:00,965.8698949485835
2023-02-24 05:00:00,1044.2143996369618
2023-02-24 06:00:00,1062.514594460449
2023-02-24 07:00:00,1090.2094849345106
2023-02-24 08:00:00,1139.6543874568758
2023-02-24 09:00:00,1086.702312945713
2023-02-24 10:00:00,1067.8973471021961
2023-02-24 11:00:00,1020.4406120157463
2023-02-24 12:00:00,1014.100855892561
2023-02-24 13:00:00,985.8181745300925
2023-02-24 14:00:00,982.8971398275033
2023-02-24 15:00:00,1036.5505795230097
2023-02-24 16:00:00,1104.1003539274152
2023-02-24 17:00:00,1146.5288166329833
2023-02-24 18:00:00,1185.709316467213
2023-02-24 19:00:00,1173.4358760837767
2023-02-24 20:00:00,1158.8145877371535
2023-02-24 21:00:00,1124.8983125560756
2023-02-24 22:00:00,1053.8082803923073
2023-02-24 23:00:00,1010.0917545460543
2023-02-25 00:00:00,908.1448594976697
2023-02-25 01:00:00,921.0122348782215
2023-02-25 02:00:00,909.5853316641143
2023-02-25 03:00:00,933.3673720552667
2023-02-25 04:00:00,944.3827665458138
2023-02-25 05:00:00,930.2254266256032
2023-02-25 06:00:00,1003.6039534182664
2023-02-25 07:00:00,1065.6996749146924
2023-02-25 08:00:00,1056.198022682489
2023-02-25 09:00:00,1084.3609806262953
2023-02-25 10:00:00,1065.6603388624617
2023-02-25 11:00:00,1011.3363831101854
2023-02-25 12:00:00,941.8161448594174
2023-02-25 13:00:00,971.4176220152435
2023-02-25 14:00:00,947.4382501120857
2023-02-25 15:00:00,967.8780226509526
2023-02-25 16:00:00,1014.2088484993598
2023-02-25 17:00:00,1085.2205666978844
2023-02-25 18:00:00,1135.9448303934987
2023-02-25 19:00:00,1170.690937337819
2023-02-25 20:00:00,1149.6555287261854
2023-02-25 21:00:00,1092.8038305546786
2023-02-25 22:00:00,1040.1682895758493
2023-02-25 23:00:00,1004.73094387625
2023-02-26 00:00:00,930.661346222543
2023-02-26 01:00:00,870.8413482693236
2023-02-26 02:00:00,847.6936542043106
2023-02-26 03:00:00,944.7567102018614
2023-02-26 04:00:00,908.7928201764431
2023-02-26 05:00:00,974.1868371984008
2023-02-26 06:00:00,998.0283940735192
2023-02-26 07:00:00,1024.4462343295002
2023-02-26 08:00:00,1100.1708409199043
2023-02-26 09:00:00,1088.535522845224
2023-02-26 10:00:00,1013.172689496969
2023-02-26 11:00:00,916.2851609753975
2023-02-26 12:00:00,933.6899868876284
2023-02-26 13:00:00,944.1384501903262
2023-02-26 14:00:00,906.9426559239477
2023-02-26 15:00:00,981.0830513846504
2023-02-26 16:00:00,1029.3550503198262
2023-02-26 17:00:00,1107.4584778113826
2023-02-26 18:00:00,1148.8326415286513
2023-02-26 19:00:00,1142.2976897176607
2023-02-26 20:00:00,1175.749348202819
2023-02-26 21:00:00,1088.9583221864368
2023-02-26 22:00:00,1028.75610330571
2023-02-26 23:00:00,951.8269694910294
2023-02-27 00:00:00,936.0293921420956
2023-02-27 01:00:00,926.0326852152721
2023-02-27 02:00:00,947.4069866641472
2023-02-27 03:00:00,1004.3803800098116
2023-02-27 04:00:00,948.8562146489181
2023-02-27 05:00:00,979.6558928841727
2023-02-27 06:00:00,1104.2494334977168
2023-02-27 07:00:00,1104.4516089255774
2023-02-27 08:00:00,1110.0964098336601
2023-02-27 09:00:00,1135.7432166079332
2023-02-27 10:00:00,1052.6340166070888
2023-02-27 11:00:00,1066.900416703067
2023-02-27 12:00:00,1004.4832004627956
2023-02-27 13:00:00,962.3345204369934
2023-02-27 14:00:00,1038.0371060603118
2023-02-27 15:00:00,1001.5451359004614
2023-02-27 16:00:00,1088.4791364347573
2023-02-27 17:00:00,1140.6474604168911
2023-02-27 18:00:00,1218.5756201386407
2023-02-27 19:00:00,1245.8511487432445
2023-02-27 20:00:00,1186.8241199732245
2023-02-27 21:00:00,1114.2750703388301
2023-02-27 22:00:00,1081.1269759523097
2023-02-27 23:00:00,998.4047398094301
2023-02-28 00:00:00,997.6301033279099
2023-02-28 01:00:00,951.750110060874
2023-02-28 02:00:00,942.7815730972911
2023-02-28 03:00:00,966.3886493707367
2023-02-28 04:00:00,949.6595597018206
2023-02-28 05:00:00,995.8885505861859
2023-02-28 06:00:00,1097.664496726848
2023-02-28 07:00:00,1093.4463175979502
2023-02-28 08:00:00,1100.8344274509707
2023-02-28 09:00:00,1123.3458919540744
2023-02-28 10:00:00,1097.6009826849463
2023-02-28 11:00:00,1039.4079803488814
2023-02-28 12:00:00,1012.6202195423202
2023-02-28 13:00:00,955.7964021442605
2023-02-28 14:00:00,948.7431077779892
2023-02-28 15:00:00,1054.405323992293
2023-02-28 16:00:00,1062.0437298813324
2023-02-28 17:00:00,1127.078294213214
2023-02-28 18:00:00,1219.4209151677583
2023-02-28 19:00:00,1220.9030927779506
2023-02-28 20:00:00,1197.6051842664813
2023-02-28 21:00:00,1187.4195494378728
2023-02-28 22:00:00,1053.7236903371893
2023-02-28 23:00:00,1038.7276009731247
2023-03-01 00:00:00,948.8996875971369
2023-03-01 01:00:00,955.2304710903525
2023-03-01 02:00:00,990.3052598753726
2023-03-01 03:00:00,974.6464729663201
2023-03-01 04:00:00,996.9740562512693
2023-03-01 05:00:00,1047.1705223166628
2023-03-01 06:00:00,1058.709268124631
2023-03-01 07:00:00,1089.0673702237254
2023-03-01 08:00:00,1101.0659095024587
2023-03-01 09:00:00,1060.9495957414579
2023-03-01 10:00:00,1119.542494401845
2023-03-01 11:00:00,994.032875774178
2023-03-01 12:00:00,982.366624142496
2023-03-01 13:00:00,967.9748841962394
2023-03-01 14:00:00,992.1524792267282
2023-03-01 15:00:00,1037.4443503418538
2023-03-01 16:00:00,1091.8015003963449
2023-03-01 17:00:00,1118.951120995332
2023-03-01 18:00:00,1182.2169561118371
2023-03-01 19:00:00,1214.240778640107
2023-03-01 20:00:00,1180.1696491448179
2023-03-01 21:00:00,1173.6570675508108
2023-03-01 22:00:00,1082.2649572226146
2023-03-01 23:00:00,1034.0824797573046
2023-03-02 00:00:00,964.220239120471
2023-03-02 01:00:00,978.02635848498
2023-03-02 02:00:00,956.7929361117278
2023-03-02 03:00:00,929.7036282892592
2023-03-02 04:00:00,993.6827009979204
2023-03-02 05:00:00,1004.2477644681978
2023-03-02 06:00:00,1054.791517248535
2023-03-02 07:00:00,1124.8805603051537
2023-03-02 08:00:00,1158.3170640679014
2023-03-02 09:00:00,1110.8141478233351
2023-03-02 10:00:00,1076.0319893973867
2023-03-02 11:00:00,1064.342306462177
2023-03-02 12:00:00,994.0906421484304
2023-03-02 13:00:00,1040.1111424770481
2023-03-02 14:00:00,998.7789008513653
2023-03-02 15:00:00,973.2056989785518
2023-03-02 16:00:00,1089.2970516440405
2023-03-02 17:00:00,1143.2308645107007
2023-03-02 18:00:00,1218.812665737642
2023-03-02 19:00:00,1224.1796615887245
2023-03-02 20:00:00,1183.099375628888
2023-03-02 21:00:00,1103.0398201721528
2023-03-02 22:00:00,1064.9388499285835
2023-03-02 23:00:00,994.6213716799026
2023-03-03 00:00:00,933.3038281669606
2023-03-03 01:00:00,963.5726791666551
2023-03-03 02:00:00,994.1837167612133
2023-03-03 03:00:00,972.1599222420228
2023-03-03 04:00:00,953.9621326615177
2023-03-03 05:00:00,1031.81546052679
2023-03-03 06:00:00,1098.091428466713
2023-03-03 07:00:00,1095.1455942365849
2023-03-03 08:00:00,1124.1782651235303
2023-03-03 09:00:00,1110.8182702814565
2023-03-03 10:00:00,1048.8574132636497
2023-03-03 11:00:00,1038.1626507006854
2023-03-03 12:00:00,985.2168159543146
2023-03-03 13:00:00,985.726082728507
2023-03-03 14:00:00,962.622562273817
2023-03-03 15:00:00,1006.457017457655
2023-03-03 16:00:00,
2023-03-03 17:00:00,1124.54978309463
2023-03-03 18:00:00,1229.9116501747012
2023-03-03 19:00:00,1197.5279301749033
2023-03-03 20:00:00,1192.3466003805725
2023-03-03 21:00:00,1157.1307538845072
2023-03-03 22:00:00,1034.8739950457011
2023-03-03 23:00:00,972.0328697439086
2023-03-04 00:00:00,869.8390226438087
2023-03-04 01:00:00,940.5863377378018
2023-03-04 02:00:00,898.8031666010993
2023-03-04 03:00:00,986.411632234137
2023-03-04 04:00:00,929.916535341945
2023-03-04 05:00:00,985.4776924971949
2023-03-04 06:00:00,1066.8919062107511
2023-03-04 07:00:00,1120.7060051445299
2023-03-04 08:00:00,1139.2297998022457
2023-03-04 09:00:00,1100.8237372740377
2023-03-04 10:00:00,1054.2449503319747
2023-03-04 11:00:00,996.932329680601
2023-03-04 12:00:00,967.8630626696574
2023-03-04 13:00:00,921.6216448186004
2023-03-04 14:00:00,924.5184107292943
2023-03-04 15:00:00,977.4726296264488
2023-03-04 16:00:00,1026.541118657579
2023-03-04 17:00:00,1082.7034267597248
2023-03-04 18:00:00,1164.3107561762665
2023-03-04 19:00:00,1191.5649811255134
2023-03-04 20:00:00,1149.103170490054
2023-03-04 21:00:00,1130.917751210044
2023-03-04 22:00:00,1001.9544266116718
2023-03-04 23:00:00,971.3751196574175
2023-03-05 00:00:00,890.2181492233146
2023-03-05 01:00:00,862.5165964556195
2023-03-05 02:00:00,910.6908798326668
2023-03-05 03:00:00,919.5712391131724
2023-03-05 04:00:00,982.0172456197567
2023-03-05 05:00:00,996.7924787614621
2023-03-05 06:00:00,1002.8927635186479
2023-03-05 07:00:00,1117.0642738292302
2023-03-05 08:00:00,1118.3763295047934
2023-03-05 09:00:00,1085.3253008262482
2023-03-05 10:00:00,1023.139561445766
2023-03-05 11:00:00,958.2914517628082
2023-03-05 12:00:00,939.257143094039
2023-03-05 13:00:00,962.7782799497421
2023-03-05 14:00:00,992.2463171935409
2023-03-05 15:00:00,1016.296355998851
2023-03-05 16:00:00,1018.7327754063691
2023-03-05 17:00:00,1066.201968891005
2023-03-05 18:00:00,1150.5815028929524
2023-03-05 19:00:00,1123.629643502503
2023-03-05 20:00:00,1155.130467917701
2023-03-05 21:00:00,1090.4477112565191
2023-03-05 22:00:00,1019.004018648627
2023-03-05 23:00:00,936.5073061880643
2023-03-06 00:00:00,961.1317003664815
2023-03-06 01:00:00,936.0154813547521
2023-03-06 02:00:00,923.6629665498309
2023-03-06 03:00:00,890.9613619545671
2023-03-06 04:00:00,983.6461198762914
2023-03-06 05:00:00,1065.48146702819
2023-03-06 06:00:00,1110.1819049544288
2023-03-06 07:00:00,1099.4375437200727
2023-03-06 08:00:00,1112.9481760714689
2023-03-06 09:00:00,1122.6452051052622
2023-03-06 10:00:00,1043.9950184011586
2023-03-06 11:00:00,1029.9752206402356
2023-03-06 12:00:00,1007.8673099192863
2023-03-06 13:00:00,1006.3858855180989
2023-03-06 14:00:00,982.7807980970307
2023-03-06 15:00:00,1012.776414501476
2023-03-06 16:00:00,1049.157436745966
2023-03-06 17:00:00,1113.6733863360878
2023-03-06 18:00:00,1181.550364886488
2023-03-06 19:00:00,1217.1777557758328
2023-03-06 20:00:00,1210.0438811827667
2023-03-06 21:00:00,1114.2112926108312
2023-03-06 22:00:00,1108.125135883175
2023-03-06 23:00:00,1009.7497833075238
2023-03-07 00:00:00,947.9051742065355
2023-03-07 01:00:00,930.8003692306122
2023-03-07 02:00:00,892.4525397987725
2023-03-07 03:00:00,985.0167110586424
2023-03-07 04:00:00,1002.9027487928761
2023-03-07 05:00:00,1014.2896470464991
2023-03-07 06:00:00,1070.4728513843615
2023-03-07 07:00:00,1123.9110894403398
2023-03-07 08:00:00,1089.0874900213576
2023-03-07 09:00:00,1097.847190632737
2023-03-07 10:00:00,1088.9589302344193
2023-03-07 11:00:00,991.2208464285256
2023-03-07 12:00:00,996.2019101268427
2023-03-07 13:00:00,941.945668668414
2023-03-07 14:00:00,997.0930584328756
2023-03-07 15:00:00,1017.124880061471
2023-03-07 16:00:00,1030.87636488025
2023-03-07 17:00:00,1163.6115379115213
2023-03-07 18:00:00,1168.9952066270828
2023-03-07 19:00:00,1187.8849660430767
2023-03-07 20:00:00,1192.3661543207168
2023-03-07 21:00:00,1163.1543589765656
2023-03-07 22:00:00,1045.560035047735
2023-03-07 23:00:00,1018.2175284427952
2023-03-08 00:00:00,959.3020525811647
2023-03-08 01:00:00,966.9505848985402
2023-03-08 02:00:00,957.6118686951805
2023-03-08 03:00:00,953.8821636801871
2023-03-08 04:00:00,963.9341793570011
2023-03-08 05:00:00,1023.6187165582677
2023-03-08 06:00:00,1042.1368916617535
2023-03-08 07:00:00,1038.121130418026
2023-03-08 08:00:00,1139.2074150551168
2023-03-08 09:00:00,1133.8141621012032
2023-03-08 10:00:00,1010.1712858629816
2023-03-08 11:00:00,997.4770978976624
2023-03-08 12:00:00,1004.4841018554608
2023-03-08 13:00:00,1027.4398840344456
2023-03-08 14:00:00,986.0944350715765
2023-03-08 15:00:00,999.9581270958337
2023-03-08 16:00:00,1066.8245327579207
2023-03-08 17:00:00,1169.0072480364506
2023-03-08 18:00:00,1171.3531750765744
2023-03-08 19:00:00,1188.303760309834
2023-03-08 20:00:00,1175.4256198430464
2023-03-08 21:00:00,1110.747493542034
2023-03-08 22:00:00,1074.1646219297188
2023-03-08 23:00:00,1057.4347771659889
2023-03-09 00:00:00,956.7954878914271
2023-03-09 01:00:00,943.4509731544305
2023-03-09 02:00:00,946.0424140809873
2023-03-09 03:00:00,924.1149554304797
2023-03-09 04:00:00,1006.8385452925241
2023-03-09 05:00:00,1019.6560555474143
2023-03-09 06:00:00,1064.5652351122542
2023-03-09 07:00:00,1191.119447692139
2023-03-09 08:00:00,1135.8991086509434
2023-03-09 09:00:00,1092.557880812295
2023-03-09 10:00:00,1058.722522837015
2023-03-09 11:00:00,1051.5683742359556
2023-03-09 12:00:00,991.9738715844011
2023-03-09 13:00:00,940.182413824345
2023-03-09 14:00:00,1008.6921817346974
2023-03-09 15:00:00,1001.5914644787132
2023-03-09 16:00:00,1118.3662541816063
2023-03-09 17:00:00,1161.7734051912382
2023-03-09 18:00:00,1176.4560981538452
2023-03-09 19:00:00,1240.445835510094
2023-03-09 20:00:00,1189.3274616514084
2023-03-09 21:00:00,1156.0369166171831
2023-03-09 22:00:00,1083.3530504528367
2023-03-09 23:00:00,995.795765320104
2023-03-10 00:00:00,932.7611681728412
2023-03-10 01:00:00,975.640239064368
2023-03-10 02:00:00,945.0997204184637
2023-03-10 03:00:00,953.2349219840975
2023-03-10 04:00:00,961.0141442973626
2023-03-10 05:00:00,1032.3233700298222
2023-03-10 06:00:00,1120.7717638503495
2023-03-10 07:00:00,1084.7348435569118
2023-03-10 08:00:00,1129.1671802758713
2023-03-10 09:00:00,1146.7895788673115
2023-03-10 10:00:00,1067.521835878262
2023-03-10 11:00:00,1034.2979343295315
2023-03-10 12:00:00,962.7136810345362
2023-03-10 13:00:00,986.9784486297216
2023-03-10 14:00:00,981.1642596624549
2023-03-10 15:00:00,1043.0697244264359
2023-03-10 16:00:00,1101.3498689825378
2023-03-10 17:00:00,1199.6427025160885
2023-03-10 18:00:00,1202.2613827929047
2023-03-10 19:00:00,1216.6967422985215
2023-03-10 20:00:00,1192.6220893449079
2023-03-10 21:00:00,1126.0198253361116
2023-03-10 22:00:00,1079.8282340242683
2023-03-10 23:00:00,1009.7010543586514
2023-03-11 00:00:00,913.1873492923927
2023-03-11 01:00:00,942.9570679199126
2023-03-11 02:00:00,888.4314504940107
2023-03-11 03:00:00,951.9490084982481
2023-03-11 04:00:00,977.9459963694676
2023-03-11 05:00:00,978.9075911200832
2023-03-11 06:00:00,976.2881792989306
2023-03-11 07:00:00,1056.3535276407822
2023-03-11 08:00:00,1121.1124684279548
2023-03-11 09:00:00,1071.038274329328
2023-03-11 10:00:00,1004.6562257569065
2023-03-11 11:00:00,970.4951772974572
2023-03-11 12:00:00,970.4149308056966
2023-03-11 13:00:00,950.0650213094394
2023-03-11 14:00:00,939.9954747132009
2023-03-11 15:00:00,969.3817751439467
2023-03-11 16:00:00,1021.9971748721981
2023-03-11 17:00:00,1071.9692677580354
2023-03-11 18:00:00,1188.2808566041758
2023-03-11 19:00:00,1160.6197335585587
2023-03-11 20:00:00,1178.3173557309865
2023-03-11 21:00:00,1133.0077948593148
2023-03-11 22:00:00,1056.4498212962997
2023-03-11 23:00:00,966.4214926990504
2023-03-12 00:00:00,919.1894537264469
2023-03-12 01:00:00,909.53261595232
2023-03-12 02:00:00,891.1228446901279
2023-03-12 03:00:00,931.6814030954414
2023-03-12 04:00:00,915.6625014893552
2023-03-12 05:00:00,1011.6716655887788
2023-03-12 06:00:00,1017.8394959240652
2023-03-12 07:00:00,1076.6984452973436
2023-03-12 08:00:00,1095.89017813496
2023-03-12 09:00:00,1065.2577281265778
2023-03-12 10:00:00,1044.4265031835407
2023-03-12 11:00:00,971.362335494979
2023-03-12 12:00:00,971.3022391618932
2023-03-12 13:00:00,902.8675666806157
2023-03-12 14:00:00,949.2486432634828
2023-03-12 15:00:00,1027.1459869981504
2023-03-12 16:00:00,1006.9032220655336
2023-03-12 17:00:00,1078.206274689756
2023-03-12 18:00:00,1160.8645371912921
2023-03-12 19:00:00,1173.2876664197113
2023-03-12 20:00:00,1156.7745217745673
2023-03-12 21:00:00,1107.3249483973245
2023-03-12 22:00:00,1047.4804621390242
2023-03-12 23:00:00,1005.0748731482867
2023-03-13 00:00:00,959.4564744809495
2023-03-13 01:00:00,944.2208713363343
2023-03-13 02:00:00,970.6445403281544
2023-03-13 03:00:00,1011.1842760144867
2023-03-13 04:00:00,981.937459198491
2023-03-13 05:00:00,997.7312548501785
2023-03-13 06:00:00,1097.246751678404
2023-03-13 07:00:00,1108.7747313913874
2023-03-13 08:00:00,1074.6060492856604
2023-03-13 09:00:00,1133.030700987645
2023-03-13 10:00:00,1056.4907600875156
2023-03-13 11:00:00,1021.086401442643
2023-03-13 12:00:00,997.9341215793925
2023-03-13 13:00:00,981.394357270966
2023-03-13 14:00:00,1003.9402557930035
2023-03-13 15:00:00,1007.9004093471522
2023-03-13 16:00:00,1084.8539567247801
2023-03-13 17:00:00,1128.7760386029843
2023-03-13 18:00:00,1206.6019095617119
2023-03-13 19:00:00,1224.2971155612527
2023-03-13 20:00:00,1164.7376083313186
2023-03-13 21:00:00,1162.3596296377136
2023-03-13 22:00:00,1058.328145886834
2023-03-13 23:00:00,1037.6486286461147
2023-03-14 00:00:00,958.5023934701303
2023-03-14 01:00:00,996.3161071990362
2023-03-14 02:00:00,948.35275081615
2023-03-14 03:00:00,955.0635103165116
2023-03-14 04:00:00,984.8770152882222
2023-03-14 05:00:00,1014.6241954734478
2023-03-14 06:00:00,1089.6774850721413
2023-03-14 07:00:00,1071.485697856673
2023-03-14 08:00:00,1102.6899300347127
2023-03-14 09:00:00,1085.259288596765
2023-03-14 10:00:00,1093.7408571130634
2023-03-14 11:00:00,1066.2242703921554
2023-03-14 12:00:00,987.1325854290906
2023-03-14 13:00:00,972.5205247740992
2023-03-14 14:00:00,988.0644670197173
2023-03-14 15:00:00,1047.9437287539631
2023-03-14 16:00:00,1048.9516859929738
2023-03-14 17:00:00,1141.333132688312
2023-03-14 18:00:00,1212.6207908614451
2023-03-14 19:00:00,1221.5494852867828
2023-03-14 20:00:00,1192.9723188747623
2023-03-14 21:00:00,1160.3454316248767
2023-03-14 22:00:00,1004.2556272670645
2023-03-14 23:00:00,1034.5032692547188
2023-03-15 00:00:00,933.0718847628463
2023-03-15 01:00:00,904.6992590636818
2023-03-15 02:00:00,966.8230315695059
2023-03-15 03:00:00,998.2414600544755
2023-03-15 04:00:00,982.0298587756583
2023-03-15 05:00:00,1046.1291199303132
2023-03-15 06:00:00,1110.0894601792413
2023-03-15 07:00:00,1144.869890613124
2023-03-15 08:00:00,1170.1346699535914
2023-03-15 09:00:00,1130.6111151189773
2023-03-15 10:00:00,1071.9725744921989
2023-03-15 11:00:00,983.5133569861131
2023-03-15 12:00:00,983.6958198952137
2023-03-15 13:00:00,955.7634691768798
2023-03-15 14:00:00,1040.6902970852682
2023-03-15 15:00:00,1014.603192083885
2023-03-15 16:00:00,1075.3192007232853
2023-03-15 17:00:00,1149.264608726889
2023-03-15 18:00:00,1189.4344774821307
2023-03-15 19:00:00,1251.5019732549904
2023-03-15 20:00:00,1172.7701106223674
2023-03-15 21:00:00,1140.2880318975642
2023-03-15 22:00:00,1053.378236155529
2023-03-15 23:00:00,984.6593896918637
2023-03-16 00:00:00,934.2274487140077
2023-03-16 01:00:00,949.6370607044908
2023-03-16 02:00:00,943.4083101140577
2023-03-16 03:00:00,946.687371074163
2023-03-16 04:00:00,950.4060341951625
2023-03-16 05:00:00,1020.3275160801303
2023-03-16 06:00:00,1032.262393524358
2023-03-16 07:00:00,1131.0963275113706
2023-03-16 08:00:00,1131.2944496882772
2023-03-16 09:00:00,1075.7170395011644
2023-03-16 10:00:00,1062.4544057390203
2023-03-16 11:00:00,1004.8564912893856
2023-03-16 12:00:00,997.9246440045497
2023-03-16 13:00:00,1010.4537943559711
2023-03-16 14:00:00,939.635316552287
2023-03-16 15:00:00,1021.9738885189868
2023-03-16 16:00:00,1068.333659810115
2023-03-16 17:00:00,1152.358875382747
2023-03-16 18:00:00,1193.7722311743696
2023-03-16 19:00:00,1190.424363096359
2023-03-16 20:00:00,1180.457895419671
2023-03-16 21:00:00,1115.6200982421537
2023-03-16 22:00:00,1098.938078408553
2023-03-16 23:00:00,1018.2906428347877
2023-03-17 00:00:00,997.143646206116
2023-03-17 01:00:00,949.1386633609866
2023-03-17 02:00:00,936.5228996298788
2023-03-17 03:00:00,926.2472388313398
2023-03-17 04:00:00,940.5776819562109
2023-03-17 05:00:00,
2023-03-17 06:00:00,1076.6507722260712
2023-03-17 07:00:00,1124.90525707553
2023-03-17 08:00:00,1089.7958913897623
2023-03-17 09:00:00,1134.6239879153418
2023-03-17 10:00:00,1058.2003094488318
2023-03-17 11:00:00,1027.4224298044398
2023-03-17 12:00:00,1030.343000026107
2023-03-17 13:00:00,999.4557191776818
2023-03-17 14:00:00,979.893565171436
2023-03-17 15:00:00,996.9106339805702
2023-03-17 16:00:00,1018.6337977416997
2023-03-17 17:00:00,1117.688743566076
2023-03-17 18:00:00,1183.2562625733863
2023-03-17 19:00:00,1184.6363112867011
2023-03-17 20:00:00,1185.2450227096801
2023-03-17 21:00:00,1137.5342448118615
2023-03-17 22:00:00,1066.5087034740375
2023-03-17 23:00:00,1001.5999901730537
2023-03-18 00:00:00,913.9167255453921
2023-03-18 01:00:00,921.7901796295204
2023-03-18 02:00:00,887.0595715505023
2023-03-18 03:00:00,959.4498878242503
2023-03-18 04:00:00,943.277950239436
2023-03-18 05:00:00,983.055078729053
2023-03-18 06:00:00,1047.764446216131
2023-03-18 07:00:00,1078.104014460302
2023-03-18 08:00:00,1113.24055447233
2023-03-18 09:00:00,1079.5126138774174
2023-03-18 10:00:00,1015.05238105884
2023-03-18 11:00:00,992.8766723188868
2023-03-18 12:00:00,921.5308088206378
2023-03-18 13:00:00,939.8352086093896
2023-03-18 14:00:00,945.8625612869033
2023-03-18 15:00:00,974.073997868072
2023-03-18 16:00:00,1029.3022246728922
2023-03-18 17:00:00,1048.7078300936287
2023-03-18 18:00:00,1134.9028755344875
2023-03-18 19:00:00,1171.7234016779416
2023-03-18 20:00:00,1152.6093363708558
2023-03-18 21:00:00,1070.0075488986763
2023-03-18 22:00:00,1063.8592787247899
2023-03-18 23:00:00,956.2821631722107
2023-03-19 00:00:00,934.0175194258105
2023-03-19 01:00:00,921.5022531034955
2023-03-19 02:00:00,898.2445964068966
2023-03-19 03:00:00,968.6400813122497
2023-03-19 04:00:00,915.9824634190488
2023-03-19 05:00:00,1005.6434231621
2023-03-19 06:00:00,1055.15437425221
2023-03-19 07:00:00,1055.5888366182169
2023-03-19 08:00:00,1124.3045017925253
2023-03-19 09:00:00,1066.1640775488163
2023-03-19 10:00:00,
2023-03-19 11:00:00,990.427860824433
2023-03-19 12:00:00,946.8469761333089
2023-03-19 13:00:00,957.4721534603893
2023-03-19 14:00:00,966.6112597332384
2023-03-19 15:00:00,935.6443506353492
2023-03-19 16:00:00,1065.2048991972374
2023-03-19 17:00:00,1054.272487196596
2023-03-19 18:00:00,1174.5153840029714
2023-03-19 19:00:00,1197.6506382365217
2023-03-19 20:00:00,1121.4194964819592
2023-03-19 21:00:00,1085.509800889379
2023-03-19 22:00:00,1004.6546966574423
2023-03-19 23:00:00,972.6442392867732
2023-03-20 00:00:00,942.1551900346633
2023-03-20 01:00:00,970.3888650901016
2023-03-20 02:00:00,987.2329555326467
2023-03-20 03:00:00,999.2243619934255
2023-03-20 04:00:00,971.8441412751681
2023-03-20 05:00:00,1017.5089797049015
2023-03-20 06:00:00,1028.1288192222764
2023-03-20 07:00:00,1092.2825479093929
2023-03-20 08:00:00,1153.6891178450182
2023-03-20 09:00:00,1152.8797687291606
2023-03-20 10:00:00,1039.660282020936
2023-03-20 11:00:00,1009.1831661029948
2023-03-20 12:00:00,989.6195084727643
2023-03-20 13:00:00,984.2809333285496
2023-03-20 14:00:00,966.6089114480567
2023-03-20 15:00:00,1030.0341338045707
2023-03-20 16:00:00,1060.8253671751754
2023-03-20 17:00:00,1135.5484378521955
2023-03-20 18:00:00,1202.4337928211871
2023-03-20 19:00:00,1209.7185242877702
2023-03-20 20:00:00,1177.8589677008395
2023-03-20 21:00:00,1133.1148707167624
2023-03-20 22:00:00,1070.163197116122
2023-03-20 23:00:00,1008.8419470236031
2023-03-21 00:00:00,943.4553081479484
2023-03-21 01:00:00,990.9326936213051
2023-03-21 02:00:00,968.5673856535063
2023-03-21 03:00:00,957.0144213482666
2023-03-21 04:00:00,1003.391364627713
2023-03-21 05:00:00,1014.4632018799335
2023-03-21 06:00:00,1099.6120525427852
2023-03-21 07:00:00,1121.7395169520692
2023-03-21 08:00:00,1126.9544359927952
2023-03-21 09:00:00,1123.7522838610307
2023-03-21 10:00:00,1031.3162625915406
2023-03-21 11:00:00,995.8947484343911
2023-03-21 12:00:00,960.50068981208
2023-03-21 13:00:00,980.9196443024712
2023-03-21 14:00:00,1030.231037008544
2023-03-21 15:00:00,1075.2842739231032
2023-03-21 16:00:00,1088.6917909632864
2023-03-21 17:00:00,1148.5000190730832
2023-03-21 18:00:00,1143.8194058425952
2023-03-21 19:00:00,1196.0602851244653
2023-03-21 20:00:00,1169.143183741617
2023-03-21 21:00:00,1120.4030884339495
2023-03-21 22:00:00,1068.2378382069548
2023-03-21 23:00:00,1006.3591209035471
2023-03-22 00:00:00,900.5060613848409
2023-03-22 01:00:00,969.7276176912352
2023-03-22 02:00:00,927.78917074109
2023-03-22 03:00:00,970.445947831384
2023-03-22 04:00:00,1037.8829181883036
2023-03-22 05:00:00,999.8874212637829
2023-03-22 06:00:00,1007.0900954640706
2023-03-22 07:00:00,1105.4117035297236
2023-03-22 08:00:00,1157.2243273974748
2023-03-22 09:00:00,1161.5813940008984
2023-03-22 10:00:00,1039.9127734615522
2023-03-22 11:00:00,1036.544762667659
2023-03-22 12:00:00,978.7794004821648
2023-03-22 13:00:00,974.7607050053848
2023-03-22 14:00:00,1053.0900926264524
2023-03-22 15:00:00,981.9908589880183
2023-03-22 16:00:00,1079.1473518942414
2023-03-22 17:00:00,1147.7345834232171
2023-03-22 18:00:00,1216.053854249507
2023-03-22 19:00:00,1212.1400558841979
2023-03-22 20:00:00,1196.602387956535
2023-03-22 21:00:00,1126.1964111342922
2023-03-22 22:00:00,1079.2329541323118
2023-03-22 23:00:00,1009.6449253881498
2023-03-23 00:00:00,965.5853664034747
2023-03-23 01:00:00,941.8471154000439
2023-03-23 02:00:00,964.0927687449777
2023-03-23 03:00:00,963.7907183993187
2023-03-23 04:00:00,1014.2396202266964
2023-03-23 05:00:00,1021.6447054765692
2023-03-23 06:00:00,1026.0789843403948
2023-03-23 07:00:00,1144.1673591074139
2023-03-23 08:00:00,1107.1145415137828
2023-03-23 09:00:00,1096.3360616920008
2023-03-23 10:00:00,1055.8174934846134
2023-03-23 11:00:00,1058.5457469288542
2023-03-23 12:00:00,937.0778190650366
2023-03-23 13:00:00,1055.910639717326
2023-03-23 14:00:00,1013.4404416905157
2023-03-23 15:00:00,1025.203602563964
2023-03-23 16:00:00,1071.4890228543077
2023-03-23 17:00:00,1143.2386185133605
2023-03-23 18:00:00,1201.9947693483446
2023-03-23 19:00:00,1225.8783792090146
2023-03-23 20:00:00,1202.8487486318566
2023-03-23 21:00:00,1138.284654864056
2023-03-23 22:00:00,1067.6288326063388
2023-03-23 23:00:00,1014.500412697085
2023-03-24 00:00:00,945.2250232021239
2023-03-24 01:00:00,979.4832872766788
2023-03-24 02:00:00,969.5558380083119
2023-03-24 03:00:00,891.0642339287034
2023-03-24 04:00:00,1002.5375444245035
2023-03-24 05:00:00,1027.849614488118
2023-03-24 06:00:00,1069.9887381882868
2023-03-24 07:00:00,1102.9580213162096
2023-03-24 08:00:00,1157.912328088866
2023-03-24 09:00:00,1136.4200427651604
2023-03-24 10:00:00,1051.4387451939779
2023-03-24 11:00:00,1034.4127628315646
2023-03-24 12:00:00,966.2299171048392
2023-03-24 13:00:00,943.0281333099703
2023-03-24 14:00:00,971.4227519029826
2023-03-24 15:00:00,1041.2341275741712
2023-03-24 16:00:00,1096.7411600579842
2023-03-24 17:00:00,1148.9785631982188
2023-03-24 18:00:00,1207.1457643639283
2023-03-24 19:00:00,1222.7041077920046
2023-03-24 20:00:00,1172.9732581550638
2023-03-24 21:00:00,1146.8948625033906
2023-03-24 22:00:00,1092.6241922985812
2023-03-24 23:00:00,1037.1911890876297
2023-03-25 00:00:00,939.8663587844184
2023-03-25 01:00:00,928.8924253216402
2023-03-25 02:00:00,923.5489194264416
2023-03-25 03:00:00,951.3735000398328
2023-03-25 04:00:00,945.5227878166446
2023-03-25 05:00:00,960.9801376260673
2023-03-25 06:00:00,1026.4255772874515
2023-03-25 07:00:00,1054.0942108098818
2023-03-25 08:00:00,1072.9758475014678
2023-03-25 09:00:00,1069.1647087308124
2023-03-25 10:00:00,1010.9959831511804
2023-03-25 11:00:00,976.5832116990866
2023-03-25 12:00:00,903.2267630811383
2023-03-25 13:00:00,942.8967244006285
2023-03-25 14:00:00,947.166613688399
2023-03-25 15:00:00,959.2928692745093
2023-03-25 16:00:00,1049.439969921004
2023-03-25 17:00:00,1119.6364754230622
2023-03-25 18:00:00,1108.8751673701156
2023-03-25 19:00:00,1150.7773254365868
2023-03-25 20:00:00,1129.8275335775668
2023-03-25 21:00:00,1072.645015645432
2023-03-25 22:00:00,1053.3966195027947
2023-03-25 23:00:00,973.5340466595817
2023-03-26 00:00:00,903.5705674143076
2023-03-26 01:00:00,861.1281839809652
2023-03-26 02:00:00,930.688078942653
2023-03-26 03:00:00,893.6781981601057
2023-03-26 04:00:00,947.7240490040498
2023-03-26 05:00:00,990.0013413052355
2023-03-26 06:00:00,1064.5586302315323
2023-03-26 07:00:00,1040.0361809015858
2023-03-26 08:00:00,1014.4074144298269
2023-03-26 09:00:00,1077.4138280670632
2023-03-26 10:00:00,1075.8591746634713
2023-03-26 11:00:00,1015.2958227130691
2023-03-26 12:00:00,955.848529086369
2023-03-26 13:00:00,925.3133910250243
2023-03-26 14:00:00,967.3544556697965
2023-03-26 15:00:00,955.4213440081227
2023-03-26 16:00:00,1044.9076863936195
2023-03-26 17:00:00,1108.873889911084
2023-03-26 18:00:00,1175.6093256163324
2023-03-26 19:00:00,1238.8768598230395
2023-03-26 20:00:00,1158.9064054512387
2023-03-26 21:00:00,1083.4584164799865
2023-03-26 22:00:00,1032.0603045992214
2023-03-26 23:00:00,934.1927164561943
2023-03-27 00:00:00,932.8496319549109
2023-03-27 01:00:00,941.026703923371
2023-03-27 02:00:00,941.734440024122
2023-03-27 03:00:00,968.50255161735
2023-03-27 04:00:00,965.699256722901
2023-03-27 05:00:00,1051.126706324457
2023-03-27 06:00:00,1070.5813637435854
2023-03-27 07:00:00,1112.5582046361628
2023-03-27 08:00:00,1121.7318721975892
2023-03-27 09:00:00,1116.73137832976
2023-03-27 10:00:00,1091.507873527455
2023-03-27 11:00:00,1002.6779302818753
2023-03-27 12:00:00,974.1881532626865
2023-03-27 13:00:00,970.0451667314734
2023-03-27 14:00:00,953.5636394520978
2023-03-27 15:00:00,999.3125742927615
2023-03-27 16:00:00,1061.1272421061622
2023-03-27 17:00:00,1158.130887234801
2023-03-27 18:00:00,1195.7021329389731
2023-03-27 19:00:00,1214.7591284195157
2023-03-27 20:00:00,1210.4024771110335
2023-03-27 21:00:00,1132.7822341977537
2023-03-27 22:00:00,1082.495305437308
2023-03-27 23:00:00,1015.8730920401744
2023-03-28 00:00:00,956.8796385063476
2023-03-28 01:00:00,936.7179179751287
2023-03-28 02:00:00,893.8943405547956
2023-03-28 03:00:00,961.3648203010689
2023-03-28 04:00:00,1021.856577974174
2023-03-28 05:00:00,1046.2844442366047
2023-03-28 06:00:00,1094.7392437746294
2023-03-28 07:00:00,1143.7221002490032
2023-03-28 08:00:00,1132.1737994236676
2023-03-28 09:00:00,1117.8126234576448
2023-03-28 10:00:00,1055.4672390641254
2023-03-28 11:00:00,1016.482483813191
2023-03-28 12:00:00,1006.0634637730658
2023-03-28 13:00:00,1007.76354791933
2023-03-28 14:00:00,983.7523751861228
2023-03-28 15:00:00,1008.5674087037331
2023-03-28 16:00:00,1073.0740824554132
2023-03-28 17:00:00,1151.3294459794304
2023-03-28 18:00:00,1153.0698488498058
2023-03-28 19:00:00,1152.5429763461157
2023-03-28 20:00:00,1175.394726358764
2023-03-28 21:00:00,1105.726837799104
2023-03-28 22:00:00,1060.0582987871226
2023-03-28 23:00:00,1014.7872474322695
2023-03-29 00:00:00,938.9365785067297
2023-03-29 01:00:00,987.6207817381348
2023-03-29 02:00:00,963.0555975877126
2023-03-29 03:00:00,972.2558673069454
2023-03-29 04:00:00,1001.8652621337087
2023-03-29 05:00:00,994.6804401969937
2023-03-29 06:00:00,1096.604310306305
2023-03-29 07:00:00,1110.9469340014093
2023-03-29 08:00:00,1146.7415840416102
2023-03-29 09:00:00,1086.1055089074491
2023-03-29 10:00:00,1032.0867762605305
2023-03-29 11:00:00,1044.8537556254412
2023-03-29 12:00:00,1000.1016321421735
2023-03-29 13:00:00,955.1373570921199
2023-03-29 14:00:00,965.5191640072286
2023-03-29 15:00:00,1047.9802188963358
2023-03-29 16:00:00,1043.3477951232633
2023-03-29 17:00:00,1177.3883100485498
2023-03-29 18:00:00,1166.6729098478959
2023-03-29 19:00:00,1225.9295072757045
2023-03-29 20:00:00,1180.9648946632774
2023-03-29 21:00:00,1151.346543184965
2023-03-29 22:00:00,1059.1811626363988
2023-03-29 23:00:00,1014.434141711847
2023-03-30 00:00:00,951.3070599188804
2023-03-30 01:00:00,926.2706987835119
2023-03-30 02:00:00,973.42387890984
2023-03-30 03:00:00,951.9299609565675
2023-03-30 04:00:00,980.6113774508057
2023-03-30 05:00:00,998.3088255779825
2023-03-30 06:00:00,1006.584465952598
2023-03-30 07:00:00,1108.081638901474
2023-03-30 08:00:00,1190.311245952585
2023-03-30 09:00:00,1132.5333387325861
2023-03-30 10:00:00,1070.4655277192546
2023-03-30 11:00:00,1017.8505352462911
2023-03-30 12:00:00,991.2693331117191
2023-03-30 13:00:00,991.3829156321203
2023-03-30 14:00:00,957.7567124580572
2023-03-30 15:00:00,1047.7186834543709
2023-03-30 16:00:00,1090.9839171326598
2023-03-30 17:00:00,1154.2924211615314
2023-03-30 18:00:00,1200.1666134860182
2023-03-30 19:00:00,1210.4764173795268
2023-03-30 20:00:00,1206.0181792578546
2023-03-30 21:00:00,1151.0785025531231
2023-03-30 22:00:00,1063.9492867174101
2023-03-30 23:00:00,1004.1802118429143
2023-03-31 00:00:00,952.8408577303412
2023-03-31 01:00:00,990.0612587802325
2023-03-31 02:00:00,923.9359631977935
2023-03-31 03:00:00,928.0825382893503
2023-03-31 04:00:00,990.4557661800231
2023-03-31 05:00:00,1024.4501223043999
2023-03-31 06:00:00,1074.986718846545
2023-03-31 07:00:00,1118.966532728995
2023-03-31 08:00:00,1124.4261738611963
2023-03-31 09:00:00,1150.1751873149915
2023-03-31 10:00:00,1030.9348075655057
2023-03-31 11:00:00,1003.7207501717958
2023-03-31 12:00:00,988.1366866024958
2023-03-31 13:00:00,936.63558728869
2023-03-31 14:00:00,982.8910425447807
2023-03-31 15:00:00,1061.4077650456536
2023-03-31 16:00:00,1073.6319162688321
2023-03-31 17:00:00,1142.1156704766045
2023-03-31 18:00:00,1157.7109707012648
2023-03-31 19:00:00,1194.5873355509946
2023-03-31 20:00:00,1179.82710866539
2023-03-31 21:00:00,1128.350641605487
2023-03-31 22:00:00,1104.8517691808343
2023-03-31 23:00:00,1032.4729024982691
2023-01-05 04:00:00,932.676402533001
2023-01-17 16:00:00,1019.0233412095881
