timestamp,demand_mw
2023-01-01 00:00:00,68.88542043062968
2023-01-01 01:00:00,83.14653125853869
2023-01-01 02:00:00,87.66170940927908
2023-01-01 03:00:00,97.25935476148172
2023-01-01 04:00:00,105.80540686568374
2023-01-01 05:00:00,84.6726771796709
2023-01-01 06:00:00,91.89142488789662
2023-01-01 07:00:00,92.60060231290424
2023-01-01 08:00:00,107.65980140893019
2023-01-01 09:00:00,118.8057193681943
2023-01-01 10:00:00,127.19385324157979
2023-01-01 11:00:00,118.55900628935613
2023-01-01 12:00:00,116.80152476745155
2023-01-01 13:00:00,120.83609644826876
2023-01-01 14:00:00,108.96907905938855
2023-01-01 15:00:00,135.0375228406787
2023-01-01 16:00:00,93.92338972881942
2023-01-01 17:00:00,107.02378669100767
2023-01-01 18:00:00,120.2360621922964
2023-01-01 19:00:00,94.89161754354957
2023-01-01 20:00:00,88.09960964998506
2023-01-01 21:00:00,82.28341014816479
2023-01-01 22:00:00,80.87557510668715
2023-01-01 23:00:00,94.40996822098394
2023-01-02 00:00:00,57.88138088670493
2023-01-02 01:00:00,96.0158204871819
2023-01-02 02:00:00,68.43992039980978
2023-01-02 03:00:00,83.1913410839249
2023-01-02 04:00:00,85.70755579701338
2023-01-02 05:00:00,100.70915179565678
2023-01-02 06:00:00,84.01875648116253
2023-01-02 07:00:00,109.79810756286984
2023-01-02 08:00:00,130.24309623286854
2023-01-02 09:00:00,100.51039557780285
2023-01-02 10:00:00,119.21756975179272
2023-01-02 11:00:00,112.69869474781527
2023-01-02 12:00:00,124.25887206193036
2023-01-02 13:00:00,119.50999429993888
2023-01-02 14:00:00,110.90563898524569
2023-01-02 15:00:00,119.02085847244169
2023-01-02 16:00:00,128.04348109786744
2023-01-02 17:00:00,103.26734298477744
2023-01-02 18:00:00,107.19757942148182
2023-01-02 19:00:00,81.89088951923796
2023-01-02 20:00:00,80.43563623181991
2023-01-02 21:00:00,90.58192715507283
2023-01-02 22:00:00,97.52065220967089
2023-01-02 23:00:00,84.23761696207524
2023-01-03 00:00:00,76.86941969476845
2023-01-03 01:00:00,80.67439752845218
2023-01-03 02:00:00,70.17541458461406
2023-01-03 03:00:00,91.90301763982272
2023-01-03 04:00:00,98.82333062323409
2023-01-03 05:00:00,90.30271576961879
2023-01-03 06:00:00,95.29957852240499
2023-01-03 07:00:00,107.8351631985709
2023-01-03 08:00:00,105.63280263959405
2023-01-03 09:00:00,113.48080947747273
2023-01-03 10:00:00,138.3177259673539
2023-01-03 11:00:00,116.8482595183214
2023-01-03 12:00:00,116.41659847978778
2023-01-03 13:00:00,112.84309846942978
2023-01-03 14:00:00,124.76242779068815
2023-01-03 15:00:00,112.32989389154991
2023-01-03 16:00:00,103.50626961678574
2023-01-03 17:00:00,118.38942122478055
2023-01-03 18:00:00,114.19603004513637
2023-01-03 19:00:00,88.81938344056253
2023-01-03 20:00:00,71.33460048639384
2023-01-03 21:00:00,95.93300127463829
2023-01-03 22:00:00,75.8331936667112
2023-01-03 23:00:00,88.58773946584633
2023-01-04 00:00:00,60.298961822881644
2023-01-04 01:00:00,89.60745685721173
2023-01-04 02:00:00,70.56777263150343
2023-01-04 03:00:00,93.1655055669343
2023-01-04 04:00:00,90.14273067836434
2023-01-04 05:00:00,85.28422490398314
2023-01-04 06:00:00,95.9296368707322
2023-01-04 07:00:00,112.03956547161742
2023-01-04 08:00:00,111.05894453115235
2023-01-04 09:00:00,119.9862654284558
2023-01-04 10:00:00,137.08491392084363
2023-01-04 11:00:00,103.67610040867085
2023-01-04 12:00:00,136.17212574968624
2023-01-04 13:00:00,120.3620759010135
2023-01-04 14:00:00,108.3326675924575
2023-01-04 15:00:00,100.83899936634106
2023-01-04 16:00:00,108.10879609222967
2023-01-04 17:00:00,114.39288202129502
2023-01-04 18:00:00,98.72450879622465
2023-01-04 19:00:00,109.93516840042307
2023-01-04 20:00:00,75.48824309948441
2023-01-04 21:00:00,85.73697489780852
2023-01-04 22:00:00,70.15555748018005
2023-01-04 23:00:00,84.31780230046832
2023-01-05 00:00:00,88.868873900973
2023-01-05 01:00:00,76.4738655374081
2023-01-05 02:00:00,56.637353358039896
2023-01-05 03:00:00,87.847345844234
2023-01-05 04:00:00,94.3673855173351
2023-01-05 05:00:00,98.86656664756657
2023-01-05 06:00:00,112.35782191822155
2023-01-05 07:00:00,94.46584410555992
2023-01-05 08:00:00,116.8021610545045
2023-01-05 09:00:00,126.0672107485107
2023-01-05 10:00:00,99.5346322356236
2023-01-05 11:00:00,122.51503478497114
2023-01-05 12:00:00,114.95820168992329
2023-01-05 13:00:00,118.5032897947649
2023-01-05 14:00:00,120.79727291107214
2023-01-05 15:00:00,109.26984998259543
2023-01-05 16:00:00,103.24291920838388
2023-01-05 17:00:00,105.51790507693067
2023-01-05 18:00:00,89.12754061137197
2023-01-05 19:00:00,83.96536780909773
2023-01-05 20:00:00,96.79373282956503
2023-01-05 21:00:00,74.3699240246825
2023-01-05 22:00:00,89.34261693340335
2023-01-05 23:00:00,85.30739640275814
2023-01-06 00:00:00,62.741932712094034
2023-01-06 01:00:00,73.90583695086208
2023-01-06 02:00:00,94.62058595478496
2023-01-06 03:00:00,76.04620906487223
2023-01-06 04:00:00,85.35595737690612
2023-01-06 05:00:00,99.44422803046855
2023-01-06 06:00:00,107.83390509282596
2023-01-06 07:00:00,102.66099204160545
2023-01-06 08:00:00,104.02489805308359
2023-01-06 09:00:00,128.36583424071603
2023-01-06 10:00:00,134.70950471366456
2023-01-06 11:00:00,129.1070970335993
2023-01-06 12:00:00,120.85318142565023
2023-01-06 13:00:00,111.2358593093721
2023-01-06 14:00:00,109.01606401012313
2023-01-06 15:00:00,119.36727667638853
2023-01-06 16:00:00,114.18398220888683
2023-01-06 17:00:00,119.19236683151472
2023-01-06 18:00:00,106.50450092536138
2023-01-06 19:00:00,79.79281608035141
2023-01-06 20:00:00,100.51947617722918
2023-01-06 21:00:00,75.87725810312493
2023-01-06 22:00:00,78.83977920478772
2023-01-06 23:00:00,83.18348553673559
2023-01-07 00:00:00,99.95667489783965
2023-01-07 01:00:00,111.78066903427225
2023-01-07 02:00:00,88.74672251567307
2023-01-07 03:00:00,84.02589818906517
2023-01-07 04:00:00,95.3450564848055
2023-01-07 05:00:00,103.70017335668796
2023-01-07 06:00:00,96.79332374442808
2023-01-07 07:00:00,123.12849446117363
2023-01-07 08:00:00,112.30070759191402
2023-01-07 09:00:00,119.11956651464489
2023-01-07 10:00:00,123.97975059623337
2023-01-07 11:00:00,123.53438263192592
2023-01-07 12:00:00,128.38940500469613
2023-01-07 13:00:00,113.14598466031214
2023-01-07 14:00:00,111.73749053622848
2023-01-07 15:00:00,103.140593294014
2023-01-07 16:00:00,114.39501230620226
2023-01-07 17:00:00,112.96574593717156
2023-01-07 18:00:00,104.57772866151886
2023-01-07 19:00:00,111.56854343142496
2023-01-07 20:00:00,89.94403981170953
2023-01-07 21:00:00,92.54528093219419
2023-01-07 22:00:00,71.76248316291809
2023-01-07 23:00:00,76.81048644947462
2023-01-08 00:00:00,86.95537757565778
2023-01-08 01:00:00,89.17250458165007
2023-01-08 02:00:00,79.73982244766941
2023-01-08 03:00:00,85.14187185768839
2023-01-08 04:00:00,74.82126253319191
2023-01-08 05:00:00,91.2533270898835
2023-01-08 06:00:00,108.90383163519786
2023-01-08 07:00:00,110.92843106311608
2023-01-08 08:00:00,115.00665721381209
2023-01-08 09:00:00,114.63987249554056
2023-01-08 10:00:00,117.39113966197053
2023-01-08 11:00:00,112.71530513104689
2023-01-08 12:00:00,126.98828420202534
2023-01-08 13:00:00,123.52824596967525
2023-01-08 14:00:00,122.24069655561676
2023-01-08 15:00:00,108.88178719705515
2023-01-08 16:00:00,88.46657080128756
2023-01-08 17:00:00,116.14790801958738
2023-01-08 18:00:00,95.21162543991596
2023-01-08 19:00:00,86.19586145751839
2023-01-08 20:00:00,96.93478911913994
2023-01-08 21:00:00,81.93773797707777
2023-01-08 22:00:00,93.27885576477746
2023-01-08 23:00:00,86.85154296998562
2023-01-09 00:00:00,86.83569323200477
2023-01-09 01:00:00,67.02192636221329
2023-01-09 02:00:00,94.79893177817524
2023-01-09 03:00:00,88.4703696886076
2023-01-09 04:00:00,86.30722860753797
2023-01-09 05:00:00,96.2575037713721
2023-01-09 06:00:00,82.2376476710168
2023-01-09 07:00:00,109.26290901685712
2023-01-09 08:00:00,99.70628491817928
2023-01-09 09:00:00,100.61543276529561
2023-01-09 10:00:00,102.09691621350986
2023-01-09 11:00:00,130.4454002756806
2023-01-09 12:00:00,113.70736606307212
2023-01-09 13:00:00,134.65579362494634
2023-01-09 14:00:00,111.9624934451658
2023-01-09 15:00:00,97.06855604780148
2023-01-09 16:00:00,98.8347556005134
2023-01-09 17:00:00,117.53449710211981
2023-01-09 18:00:00,98.44101822063332
2023-01-09 19:00:00,89.34074613304358
2023-01-09 20:00:00,91.60018225852788
2023-01-09 21:00:00,90.8756917379445
2023-01-09 22:00:00,93.85348008333584
2023-01-09 23:00:00,95.1664757731479
2023-01-10 00:00:00,76.40231354210914
2023-01-10 01:00:00,67.42100661339825
2023-01-10 02:00:00,78.54484031307848
2023-01-10 03:00:00,88.46066944209791
2023-01-10 04:00:00,80.3624107378939
2023-01-10 05:00:00,85.25210994899916
2023-01-10 06:00:00,103.43787881549885
2023-01-10 07:00:00,104.6898573863459
2023-01-10 08:00:00,110.32796995411587
2023-01-10 09:00:00,106.55718227673026
2023-01-10 10:00:00,115.0165009336311
2023-01-10 11:00:00,110.07618508309832
2023-01-10 12:00:00,128.90198411124786
2023-01-10 13:00:00,129.67100987301887
2023-01-10 14:00:00,98.85862945330784
2023-01-10 15:00:00,104.84702702180685
2023-01-10 16:00:00,95.03470744909922
2023-01-10 17:00:00,98.67614155798144
2023-01-10 18:00:00,99.16562030209639
2023-01-10 19:00:00,80.32716690096429
2023-01-10 20:00:00,80.78140186874687
2023-01-10 21:00:00,75.81829065545408
2023-01-10 22:00:00,84.75216521830068
2023-01-10 23:00:00,81.37492684458114
2023-01-11 00:00:00,72.78262446662747
2023-01-11 01:00:00,82.44969219561261
2023-01-11 02:00:00,77.21269107843858
2023-01-11 03:00:00,83.14131327300852
2023-01-11 04:00:00,106.73452090298537
2023-01-11 05:00:00,108.22822961585307
2023-01-11 06:00:00,87.00418763072402
2023-01-11 07:00:00,113.47370508084215
2023-01-11 08:00:00,118.11396554491591
2023-01-11 09:00:00,102.65950273620477
2023-01-11 10:00:00,125.50828451323737
2023-01-11 11:00:00,134.69783570990688
2023-01-11 12:00:00,108.77455193755586
2023-01-11 13:00:00,110.14348831563872
2023-01-11 14:00:00,127.4971227441238
2023-01-11 15:00:00,116.85708873198743
2023-01-11 16:00:00,115.51476275239523
2023-01-11 17:00:00,108.5822730660554
2023-01-11 18:00:00,103.90695920928144
2023-01-11 19:00:00,81.55889781483876
2023-01-11 20:00:00,100.47317706621448
2023-01-11 21:00:00,97.5537643005468
2023-01-11 22:00:00,80.38558448363096
2023-01-11 23:00:00,80.24671397608002
2023-01-12 00:00:00,64.68892497444278
2023-01-12 01:00:00,85.82403103439698
2023-01-12 02:00:00,88.40006634145267
2023-01-12 03:00:00,85.23595420627593
2023-01-12 04:00:00,101.24353359870503
2023-01-12 05:00:00,91.48284678815018
2023-01-12 06:00:00,105.646059258936
2023-01-12 07:00:00,94.97973751512926
2023-01-12 08:00:00,109.76447849125762
2023-01-12 09:00:00,112.3985930447026
2023-01-12 10:00:00,119.57358729609818
2023-01-12 11:00:00,115.62324723744777
2023-01-12 12:00:00,118.68527404328333
2023-01-12 13:00:00,127.57898824019642
2023-01-12 14:00:00,112.9528657033066
2023-01-12 15:00:00,98.07636461634416
2023-01-12 16:00:00,127.4958390420542
2023-01-12 17:00:00,118.9909216889553
2023-01-12 18:00:00,87.07737304894381
2023-01-12 19:00:00,101.72069715040153
2023-01-12 20:00:00,84.97025229448657
2023-01-12 21:00:00,88.49273652957966
2023-01-12 22:00:00,85.62173321444617
2023-01-12 23:00:00,78.33740547105542
2023-01-13 00:00:00,72.16234334413603
2023-01-13 01:00:00,73.77607295105605
2023-01-13 02:00:00,73.51757276949881
2023-01-13 03:00:00,77.5396422939646
2023-01-13 04:00:00,89.32821709950645
2023-01-13 05:00:00,87.66601920684207
2023-01-13 06:00:00,106.8205206571262
2023-01-13 07:00:00,120.04884245540968
2023-01-13 08:00:00,104.19946758629958
2023-01-13 09:00:00,116.53618062908473
2023-01-13 10:00:00,122.3173591787181
2023-01-13 11:00:00,124.03853923497411
2023-01-13 12:00:00,120.75955267916088
2023-01-13 13:00:00,126.74534070937858
2023-01-13 14:00:00,122.14299760249536
2023-01-13 15:00:00,101.76551140045797
2023-01-13 16:00:00,118.69156064389273
2023-01-13 17:00:00,114.04928927471785
2023-01-13 18:00:00,92.36713895821418
2023-01-13 19:00:00,95.2029974524256
2023-01-13 20:00:00,96.83328992811069
2023-01-13 21:00:00,83.76472618047545
2023-01-13 22:00:00,93.40927240197135
2023-01-13 23:00:00,104.32020842041224
2023-01-14 00:00:00,72.14013967365018
2023-01-14 01:00:00,66.87103744268089
2023-01-14 02:00:00,85.71767788036
2023-01-14 03:00:00,93.07348942753049
2023-01-14 04:00:00,87.69133626155231
2023-01-14 05:00:00,109.35622573115992
2023-01-14 06:00:00,86.61394200276752
2023-01-14 07:00:00,112.10556713236652
2023-01-14 08:00:00,103.94139179241107
2023-01-14 09:00:00,131.3359146858039
2023-01-14 10:00:00,137.24566160736995
2023-01-14 11:00:00,111.65195064794788
2023-01-14 12:00:00,114.5044286409142
2023-01-14 13:00:00,127.91439539557938
2023-01-14 14:00:00,113.44920157779363
2023-01-14 15:00:00,113.68802344440857
2023-01-14 16:00:00,110.2538842054241
2023-01-14 17:00:00,85.97964934007386
2023-01-14 18:00:00,99.86162253905762
2023-01-14 19:00:00,87.92634135730785
2023-01-14 20:00:00,85.06877177600228
2023-01-14 21:00:00,100.2941844109572
2023-01-14 22:00:00,70.11442298151867
2023-01-14 23:00:00,88.81353534169841
2023-01-15 00:00:00,77.21037069668192
2023-01-15 01:00:00,77.8838817892603
2023-01-15 02:00:00,90.58321088482835
2023-01-15 03:00:00,89.25837732195795
2023-01-15 04:00:00,95.70612997219531
2023-01-15 05:00:00,104.5054657032782
2023-01-15 06:00:00,96.68691616816677
2023-01-15 07:00:00,99.0540135569729
2023-01-15 08:00:00,99.14849473442202
2023-01-15 09:00:00,105.8880303239414
2023-01-15 10:00:00,146.81145232877603
2023-01-15 11:00:00,131.76531233314924
2023-01-15 12:00:00,106.48925633791978
2023-01-15 13:00:00,106.09393695834567
2023-01-15 14:00:00,122.1391686928737
2023-01-15 15:00:00,119.61478359751062
2023-01-15 16:00:00,115.48883835317365
2023-01-15 17:00:00,102.62682296651344
2023-01-15 18:00:00,98.745457399971
2023-01-15 19:00:00,98.10241433954316
2023-01-15 20:00:00,90.85893006293331
2023-01-15 21:00:00,63.66486064879371
2023-01-15 22:00:00,80.3814956185593
2023-01-15 23:00:00,72.1674191316155
2023-01-16 00:00:00,81.75211418908512
2023-01-16 01:00:00,110.53407350025273
2023-01-16 02:00:00,86.35430857905428
2023-01-16 03:00:00,82.72256751454508
2023-01-16 04:00:00,99.21801501977252
2023-01-16 05:00:00,99.65049797004171
2023-01-16 06:00:00,104.20094490451841
2023-01-16 07:00:00,111.24488683420712
2023-01-16 08:00:00,130.56543564829542
2023-01-16 09:00:00,102.83325127047179
2023-01-16 10:00:00,122.0568288438033
2023-01-16 11:00:00,110.05470522596598
2023-01-16 12:00:00,125.55512646342248
2023-01-16 13:00:00,110.13165141092043
2023-01-16 14:00:00,113.14683993963793
2023-01-16 15:00:00,111.1912364813519
2023-01-16 16:00:00,119.7581671934471
2023-01-16 17:00:00,114.36092534147457
2023-01-16 18:00:00,87.54282623553615
2023-01-16 19:00:00,95.37296020794808
2023-01-16 20:00:00,82.90420145250827
2023-01-16 21:00:00,73.27281526951572
2023-01-16 22:00:00,80.50932142006754
2023-01-16 23:00:00,77.59665558966044
2023-01-17 00:00:00,104.26716486345522
2023-01-17 01:00:00,85.0110817278256
2023-01-17 02:00:00,68.90331691676886
2023-01-17 03:00:00,80.21012433455962
2023-01-17 04:00:00,100.21383295429399
2023-01-17 05:00:00,115.70804682664884
2023-01-17 06:00:00,84.14016687762042
2023-01-17 07:00:00,86.37713705065997
2023-01-17 08:00:00,128.70965175371782
2023-01-17 09:00:00,118.03827739743998
2023-01-17 10:00:00,108.6375807569251
2023-01-17 11:00:00,124.66480738700571
2023-01-17 12:00:00,93.64252260983122
2023-01-17 13:00:00,119.35227159175297
2023-01-17 14:00:00,120.59871980411963
2023-01-17 15:00:00,123.38483701910926
2023-01-17 16:00:00,99.86104047707462
2023-01-17 17:00:00,106.03325251608402
2023-01-17 18:00:00,90.74575373940412
2023-01-17 19:00:00,97.37745665469276
2023-01-17 20:00:00,81.04653677636976
2023-01-17 21:00:00,81.77685598466685
2023-01-17 22:00:00,72.72133797640895
2023-01-17 23:00:00,87.19284589245521
2023-01-18 00:00:00,88.58451116656666
2023-01-18 01:00:00,78.3352777746445
2023-01-18 02:00:00,83.06187187391151
2023-01-18 03:00:00,71.3719502299336
2023-01-18 04:00:00,87.00323351993212
2023-01-18 05:00:00,94.32157292753215
2023-01-18 06:00:00,126.20793091029975
2023-01-18 07:00:00,94.05671064430878
2023-01-18 08:00:00,124.64177238752437
2023-01-18 09:00:00,124.11072335838904
2023-01-18 10:00:00,120.12687212059012
2023-01-18 11:00:00,136.9047213677327
2023-01-18 12:00:00,123.72105472606863
2023-01-18 13:00:00,123.21010848246065
2023-01-18 14:00:00,116.78930154551333
2023-01-18 15:00:00,126.37782444791722
2023-01-18 16:00:00,120.96469233810883
2023-01-18 17:00:00,98.9196080270883
2023-01-18 18:00:00,86.80752805401232
2023-01-18 19:00:00,92.79381272399301
2023-01-18 20:00:00,81.99961435602353
2023-01-18 21:00:00,85.2226186301155
2023-01-18 22:00:00,95.05387327115263
2023-01-18 23:00:00,76.10846692335073
2023-01-19 00:00:00,79.57176618688425
2023-01-19 01:00:00,81.26171082230259
2023-01-19 02:00:00,91.16380074636407
2023-01-19 03:00:00,63.388971036423
2023-01-19 04:00:00,83.93299705234703
2023-01-19 05:00:00,96.93645602074432
2023-01-19 06:00:00,112.00078956426862
2023-01-19 07:00:00,100.25735642698837
2023-01-19 08:00:00,91.23447293958125
2023-01-19 09:00:00,120.33925008339232
2023-01-19 10:00:00,110.96688418743247
2023-01-19 11:00:00,107.42184993487774
2023-01-19 12:00:00,113.75654610286776
2023-01-19 13:00:00,117.47326294922287
2023-01-19 14:00:00,111.27306143030665
2023-01-19 15:00:00,92.08647505274025
2023-01-19 16:00:00,118.97066196887133
2023-01-19 17:00:00,117.92513131483764
2023-01-19 18:00:00,106.51521991339506
2023-01-19 19:00:00,83.44676239370142
2023-01-19 20:00:00,87.98508466052482
2023-01-19 21:00:00,85.79265122397449
2023-01-19 22:00:00,88.66743581993033
2023-01-19 23:00:00,87.36488836139945
2023-01-20 00:00:00,72.65826201221505
2023-01-20 01:00:00,81.50143903835425
2023-01-20 02:00:00,87.25229597046365
2023-01-20 03:00:00,100.41608759773672
2023-01-20 04:00:00,97.04506539824723
2023-01-20 05:00:00,102.71418597170478
2023-01-20 06:00:00,100.8382662792936
2023-01-20 07:00:00,119.28097235408545
2023-01-20 08:00:00,114.09762795959497
2023-01-20 09:00:00,105.53125652199525
2023-01-20 10:00:00,131.35420777694068
2023-01-20 11:00:00,126.29754925117163
2023-01-20 12:00:00,115.56955978871518
2023-01-20 13:00:00,114.52358685178893
2023-01-20 14:00:00,120.2862635270964
2023-01-20 15:00:00,118.77398357640679
2023-01-20 16:00:00,111.97292265631206
2023-01-20 17:00:00,108.28946763647927
2023-01-20 18:00:00,116.9995737457638
2023-01-20 19:00:00,105.53905062029844
2023-01-20 20:00:00,91.90635591265024
2023-01-20 21:00:00,95.2709701839439
2023-01-20 22:00:00,72.35425288903585
2023-01-20 23:00:00,84.66075397368672
2023-01-21 00:00:00,98.0930634973311
2023-01-21 01:00:00,78.5010245202949
2023-01-21 02:00:00,74.20315263812039
2023-01-21 03:00:00,79.33697549033845
2023-01-21 04:00:00,79.10366962657612
2023-01-21 05:00:00,86.97600001667256
2023-01-21 06:00:00,96.2949190140997
2023-01-21 07:00:00,91.12071071026399
2023-01-21 08:00:00,110.15618333949602
2023-01-21 09:00:00,123.16490736159743
2023-01-21 10:00:00,108.24294627421956
2023-01-21 11:00:00,134.51135576219906
2023-01-21 12:00:00,125.10792088527595
2023-01-21 13:00:00,129.62432238202194
2023-01-21 14:00:00,110.7421625371674
2023-01-21 15:00:00,122.6873878943971
2023-01-21 16:00:00,99.08066099604687
2023-01-21 17:00:00,114.07885591041551
2023-01-21 18:00:00,101.71839339793532
2023-01-21 19:00:00,100.35613129779742
2023-01-21 20:00:00,78.24405394375148
2023-01-21 21:00:00,76.90716595350301
2023-01-21 22:00:00,88.65177410684508
2023-01-21 23:00:00,71.19800343197663
2023-01-22 00:00:00,84.63206292099123
2023-01-22 01:00:00,67.01010540961619
2023-01-22 02:00:00,91.16123405097792
2023-01-22 03:00:00,73.53263122858397
2023-01-22 04:00:00,95.52299937679523
2023-01-22 05:00:00,101.0799284344096
2023-01-22 06:00:00,93.03228181570425
2023-01-22 07:00:00,110.99664657289767
2023-01-22 08:00:00,112.60442263333556
2023-01-22 09:00:00,108.75371706180357
2023-01-22 10:00:00,107.23496123492669
2023-01-22 11:00:00,99.69225960905557
2023-01-22 12:00:00,123.49650047299694
2023-01-22 13:00:00,103.67048881216081
2023-01-22 14:00:00,118.27395007010186
2023-01-22 15:00:00,111.50765346290846
2023-01-22 16:00:00,116.79142775438196
2023-01-22 17:00:00,102.15592590715178
2023-01-22 18:00:00,96.70552213652908
2023-01-22 19:00:00,102.14232614083255
2023-01-22 20:00:00,93.35058029084118
2023-01-22 21:00:00,89.01942394809684
2023-01-22 22:00:00,87.3721678223965
2023-01-22 23:00:00,65.32576224214758
2023-01-23 00:00:00,87.56788679986983
2023-01-23 01:00:00,86.80617141435467
2023-01-23 02:00:00,72.51266063854627
2023-01-23 03:00:00,83.41705963952704
2023-01-23 04:00:00,89.6069271237237
2023-01-23 05:00:00,93.47865125393226
2023-01-23 06:00:00,103.33859966568535
2023-01-23 07:00:00,119.49004872036224
2023-01-23 08:00:00,120.81766727672829
2023-01-23 09:00:00,101.01994368941689
2023-01-23 10:00:00,123.54120797874926
2023-01-23 11:00:00,132.60784972113547
2023-01-23 12:00:00,123.86808520689203
2023-01-23 13:00:00,130.22832077764104
2023-01-23 14:00:00,137.44321253269644
2023-01-23 15:00:00,124.37923108480076
2023-01-23 16:00:00,112.49308595641729
2023-01-23 17:00:00,115.62726564289795
2023-01-23 18:00:00,101.44887833096891
2023-01-23 19:00:00,95.06264953079915
2023-01-23 20:00:00,86.48585764286267
2023-01-23 21:00:00,101.49199796459014
2023-01-23 22:00:00,74.49520526489123
2023-01-23 23:00:00,96.0051607209998
2023-01-24 00:00:00,84.99864123740372
2023-01-24 01:00:00,66.68842172619922
2023-01-24 02:00:00,86.35598485422545
2023-01-24 03:00:00,64.8575992997528
2023-01-24 04:00:00,96.25508016831036
2023-01-24 05:00:00,103.6759339278395
2023-01-24 06:00:00,94.07644044347947
2023-01-24 07:00:00,106.41185786160624
2023-01-24 08:00:00,129.54157433750285
2023-01-24 09:00:00,109.08466858111159
2023-01-24 10:00:00,106.73143220512276
2023-01-24 11:00:00,134.13515055040736
2023-01-24 12:00:00,139.62587190530795
2023-01-24 13:00:00,119.35547324425984
2023-01-24 14:00:00,127.43513842977234
2023-01-24 15:00:00,127.55689477903977
2023-01-24 16:00:00,102.57515767461616
2023-01-24 17:00:00,100.32332254837175
2023-01-24 18:00:00,112.30874513154735
2023-01-24 19:00:00,111.67376188503468
2023-01-24 20:00:00,95.62880860174354
2023-01-24 21:00:00,77.05972084124852
2023-01-24 22:00:00,102.55010304130565
2023-01-24 23:00:00,75.371774496099
2023-01-25 00:00:00,76.64862218828549
2023-01-25 01:00:00,84.10486181911486
2023-01-25 02:00:00,98.22109613145898
2023-01-25 03:00:00,94.39762414179128
2023-01-25 04:00:00,94.1486550036191
2023-01-25 05:00:00,99.45650439913065
2023-01-25 06:00:00,100.43514668643466
2023-01-25 07:00:00,110.75777604723547
2023-01-25 08:00:00,84.70439922305697
2023-01-25 09:00:00,111.17606103303297
2023-01-25 10:00:00,119.73372742485657
2023-01-25 11:00:00,107.80837568958628
2023-01-25 12:00:00,123.86323317811559
2023-01-25 13:00:00,117.27380431592015
2023-01-25 14:00:00,134.87526505884367
2023-01-25 15:00:00,129.87233287587952
2023-01-25 16:00:00,105.34194430881837
2023-01-25 17:00:00,103.66800378638347
2023-01-25 18:00:00,99.26052434391607
2023-01-25 19:00:00,90.30702433635336
2023-01-25 20:00:00,91.95024984028127
2023-01-25 21:00:00,78.27504368739316
2023-01-25 22:00:00,71.37333857493597
2023-01-25 23:00:00,86.90859571322133
2023-01-26 00:00:00,86.29529584221811
2023-01-26 01:00:00,72.63832587761871
2023-01-26 02:00:00,91.63304623193723
2023-01-26 03:00:00,79.54208708461573
2023-01-26 04:00:00,92.53165238037981
2023-01-26 05:00:00,103.02705922407415
2023-01-26 06:00:00,99.66387435296286
2023-01-26 07:00:00,109.72379002346176
2023-01-26 08:00:00,104.83570356112428
2023-01-26 09:00:00,112.17746978944997
2023-01-26 10:00:00,115.26191376688536
2023-01-26 11:00:00,111.85273306037897
2023-01-26 12:00:00,118.23225836884218
2023-01-26 13:00:00,103.8323335371439
2023-01-26 14:00:00,112.40897060426774
2023-01-26 15:00:00,111.29338069003424
2023-01-26 16:00:00,107.4382024750462
2023-01-26 17:00:00,102.76140644334264
2023-01-26 18:00:00,99.38235800139871
2023-01-26 19:00:00,99.61803427881023
2023-01-26 20:00:00,98.74517074132523
2023-01-26 21:00:00,79.3602121077864
2023-01-26 22:00:00,70.64748337041979
2023-01-26 23:00:00,70.26103935178762
2023-01-27 00:00:00,75.12797078805073
2023-01-27 01:00:00,77.16227029605355
2023-01-27 02:00:00,74.97953126233666
2023-01-27 03:00:00,72.89669773377011
2023-01-27 04:00:00,85.43879172525811
2023-01-27 05:00:00,96.6378852990893
2023-01-27 06:00:00,105.95029465835565
2023-01-27 07:00:00,99.6021503709672
2023-01-27 08:00:00,105.87002177856566
2023-01-27 09:00:00,104.87515253525784
2023-01-27 10:00:00,117.006116371941
2023-01-27 11:00:00,110.83423018387322
2023-01-27 12:00:00,125.731278132412
2023-01-27 13:00:00,101.45985160644025
2023-01-27 14:00:00,113.72421135116416
2023-01-27 15:00:00,117.15320901564837
2023-01-27 16:00:00,111.83834516322504
2023-01-27 17:00:00,132.1067175418554
2023-01-27 18:00:00,103.49800024567908
2023-01-27 19:00:00,84.78307312952948
2023-01-27 20:00:00,89.04535752910927
2023-01-27 21:00:00,68.09540104160455
2023-01-27 22:00:00,81.87349443134363
2023-01-27 23:00:00,72.35092290421105
2023-01-28 00:00:00,89.15390275560162
2023-01-28 01:00:00,75.18608072826329
2023-01-28 02:00:00,81.51183276635876
2023-01-28 03:00:00,79.50228596222502
2023-01-28 04:00:00,107.38851351853332
2023-01-28 05:00:00,91.61119143677047
2023-01-28 06:00:00,118.32557043479201
2023-01-28 07:00:00,113.31789852323308
2023-01-28 08:00:00,114.82066727335386
2023-01-28 09:00:00,117.82946709690614
2023-01-28 10:00:00,121.25848105785128
2023-01-28 11:00:00,100.04179073232527
2023-01-28 12:00:00,117.21116605849244
2023-01-28 13:00:00,127.77009623762459
2023-01-28 14:00:00,116.83153624094773
2023-01-28 15:00:00,100.0902371556952
2023-01-28 16:00:00,109.4759554942253
2023-01-28 17:00:00,122.21743606460534
2023-01-28 18:00:00,112.4689171553472
2023-01-28 19:00:00,94.20357900428927
2023-01-28 20:00:00,99.51449277058086
2023-01-28 21:00:00,82.19279417258855
2023-01-28 22:00:00,65.64077605604405
2023-01-28 23:00:00,71.43682359292309
2023-01-29 00:00:00,95.62888768508198
2023-01-29 01:00:00,77.94155265592559
2023-01-29 02:00:00,80.24565213056106
2023-01-29 03:00:00,82.85948241352024
2023-01-29 04:00:00,109.04136589573007
2023-01-29 05:00:00,111.08320825157023
2023-01-29 06:00:00,122.18780233448135
2023-01-29 07:00:00,103.58592879804989
2023-01-29 08:00:00,112.95624488747094
2023-01-29 09:00:00,98.97571012952304
2023-01-29 10:00:00,132.0898523368715
2023-01-29 11:00:00,107.64072101310201
2023-01-29 12:00:00,122.16775563762629
2023-01-29 13:00:00,108.34549124945292
2023-01-29 14:00:00,111.43183980830182
2023-01-29 15:00:00,105.76951131323395
2023-01-29 16:00:00,103.92124739324183
2023-01-29 17:00:00,99.78515387056063
2023-01-29 18:00:00,94.51731205074923
2023-01-29 19:00:00,103.15695821575267
2023-01-29 20:00:00,78.9513720693748
2023-01-29 21:00:00,88.06327864640774
2023-01-29 22:00:00,94.85908344736683
2023-01-29 23:00:00,75.54951982908467
2023-01-30 00:00:00,72.82081109252398
2023-01-30 01:00:00,78.37623722241614
2023-01-30 02:00:00,94.47674400791834
2023-01-30 03:00:00,87.79894068580262
2023-01-30 04:00:00,84.68785705392402
2023-01-30 05:00:00,99.66238560982998
2023-01-30 06:00:00,88.97707850163576
2023-01-30 07:00:00,111.98997600647989
2023-01-30 08:00:00,114.08607307701767
2023-01-30 09:00:00,111.06405091234211
2023-01-30 10:00:00,108.93465009121645
2023-01-30 11:00:00,110.45170730294679
2023-01-30 12:00:00,125.3481733634591
2023-01-30 13:00:00,131.60832155067197
2023-01-30 14:00:00,110.94743060540083
2023-01-30 15:00:00,118.7260026592458
2023-01-30 16:00:00,89.12972981397931
2023-01-30 17:00:00,99.33020359547842
2023-01-30 18:00:00,99.68941067129099
2023-01-30 19:00:00,85.72678492813125
2023-01-30 20:00:00,80.63493625210404
2023-01-30 21:00:00,79.1800688115802
2023-01-30 22:00:00,85.60141920757496
2023-01-30 23:00:00,78.80819329015489
2023-01-31 00:00:00,57.61768766675028
2023-01-31 01:00:00,59.47448194786797
2023-01-31 02:00:00,76.61084014573949
2023-01-31 03:00:00,90.43473023680457
2023-01-31 04:00:00,62.52495157274765
2023-01-31 05:00:00,89.82631733643328
2023-01-31 06:00:00,94.7375214348258
2023-01-31 07:00:00,119.05975868413489
2023-01-31 08:00:00,106.14978188287137
2023-01-31 09:00:00,117.97202547114024
2023-01-31 10:00:00,118.73307947656339
2023-01-31 11:00:00,98.01285172770936
2023-01-31 12:00:00,127.68207216631737
2023-01-31 13:00:00,121.47248158034424
2023-01-31 14:00:00,122.40319447243468
2023-01-31 15:00:00,153.4045126880942
2023-01-31 16:00:00,89.15887060501412
2023-01-31 17:00:00,122.42334739966151
2023-01-31 18:00:00,97.12552480599645
2023-01-31 19:00:00,97.69690814197968
2023-01-31 20:00:00,89.54487754698758
2023-01-31 21:00:00,81.61550104228863
2023-01-31 22:00:00,76.98116264192365
2023-01-31 23:00:00,83.97657082994873
2023-02-01 00:00:00,64.8282630332832
2023-02-01 01:00:00,88.18727514943629
2023-02-01 02:00:00,78.51754787545869
2023-02-01 03:00:00,74.55717098586547
2023-02-01 04:00:00,85.49987142004187
2023-02-01 05:00:00,107.39511126657531
2023-02-01 06:00:00,94.64664912983777
2023-02-01 07:00:00,108.76091708414661
2023-02-01 08:00:00,102.69043724284526
2023-02-01 09:00:00,121.72135412296714
2023-02-01 10:00:00,124.1755854635908
2023-02-01 11:00:00,137.80460485874548
2023-02-01 12:00:00,118.24436054500785
2023-02-01 13:00:00,126.00506457336043
2023-02-01 14:00:00,118.30118347107822
2023-02-01 15:00:00,127.1008534423611
2023-02-01 16:00:00,102.81167612391269
2023-02-01 17:00:00,112.62643403082323
2023-02-01 18:00:00,98.05302703883318
2023-02-01 19:00:00,94.1817373268646
2023-02-01 20:00:00,90.91752484448372
2023-02-01 21:00:00,88.38026834053584
2023-02-01 22:00:00,81.51720149309165
2023-02-01 23:00:00,82.8286153059239
2023-02-02 00:00:00,95.78118057562185
2023-02-02 01:00:00,90.53598033037082
2023-02-02 02:00:00,91.3710378492802
2023-02-02 03:00:00,81.30246911603034
2023-02-02 04:00:00,81.10759171771676
2023-02-02 05:00:00,104.37662468032711
2023-02-02 06:00:00,108.76046792529795
2023-02-02 07:00:00,119.90308765956023
2023-02-02 08:00:00,103.9601937403077
2023-02-02 09:00:00,111.84664907012748
2023-02-02 10:00:00,100.92566645043442
2023-02-02 11:00:00,115.39380546517263
2023-02-02 12:00:00,129.96570510579448
2023-02-02 13:00:00,114.65356273349938
2023-02-02 14:00:00,123.72530602769702
2023-02-02 15:00:00,112.23710456375284
2023-02-02 16:00:00,113.2405702822156
2023-02-02 17:00:00,93.69946700389374
2023-02-02 18:00:00,100.852094496339
2023-02-02 19:00:00,64.91225938894236
2023-02-02 20:00:00,88.13103841838016
2023-02-02 21:00:00,69.55313193911766
2023-02-02 22:00:00,94.7394370897794
2023-02-02 23:00:00,88.45555700186375
2023-02-03 00:00:00,84.66670981966081
2023-02-03 01:00:00,95.89154574581244
2023-02-03 02:00:00,73.19032671606286
2023-02-03 03:00:00,103.33149635542463
2023-02-03 04:00:00,99.32191564260384
2023-02-03 05:00:00,92.45806622576013
2023-02-03 06:00:00,111.35620147182944
2023-02-03 07:00:00,94.11344577793407
2023-02-03 08:00:00,101.75485838472326
2023-02-03 09:00:00,108.05623839133395
2023-02-03 10:00:00,112.03073099504861
2023-02-03 11:00:00,108.75294009817884
2023-02-03 12:00:00,132.23083067095325
2023-02-03 13:00:00,116.72997252208305
2023-02-03 14:00:00,120.84555775925757
2023-02-03 15:00:00,108.43862195959414
2023-02-03 16:00:00,91.79396699451483
2023-02-03 17:00:00,107.87695448596465
2023-02-03 18:00:00,80.87745024580224
2023-02-03 19:00:00,94.13727863709491
2023-02-03 20:00:00,76.3168496116719
2023-02-03 21:00:00,105.73062436857714
2023-02-03 22:00:00,91.79311914605846
2023-02-03 23:00:00,81.73902138693344
2023-02-04 00:00:00,92.63706677654669
2023-02-04 01:00:00,72.21832369956128
2023-02-04 02:00:00,88.11428571101217
2023-02-04 03:00:00,87.85596871345618
2023-02-04 04:00:00,92.6402008133367
2023-02-04 05:00:00,107.54715409901726
2023-02-04 06:00:00,107.32492102779803
2023-02-04 07:00:00,108.06361753030065
2023-02-04 08:00:00,93.45112563771704
2023-02-04 09:00:00,104.54167267093632
2023-02-04 10:00:00,116.09341873973152
2023-02-04 11:00:00,120.25224026854788
2023-02-04 12:00:00,108.69796275326075
2023-02-04 13:00:00,143.43528328156557
2023-02-04 14:00:00,132.4844486282245
2023-02-04 15:00:00,120.16331882765579
2023-02-04 16:00:00,110.72036861283745
2023-02-04 17:00:00,103.05429120303891
2023-02-04 18:00:00,90.48081539977764
2023-02-04 19:00:00,95.59842428313821
2023-02-04 20:00:00,92.57752540142751
2023-02-04 21:00:00,73.44025862145281
2023-02-04 22:00:00,86.02125609676021
2023-02-04 23:00:00,79.12889298597115
2023-02-05 00:00:00,60.921924421226095
2023-02-05 01:00:00,72.07763336642361
2023-02-05 02:00:00,78.5434365900948
2023-02-05 03:00:00,104.73474094967095
2023-02-05 04:00:00,95.56553124533758
2023-02-05 05:00:00,81.46880340695067
2023-02-05 06:00:00,104.86036289417638
2023-02-05 07:00:00,89.70334101266675
2023-02-05 08:00:00,120.82691053887073
2023-02-05 09:00:00,109.43088910555217
2023-02-05 10:00:00,116.38414618829705
2023-02-05 11:00:00,132.57648300120326
2023-02-05 12:00:00,107.1283643141575
2023-02-05 13:00:00,105.34733467465145
2023-02-05 14:00:00,111.48451481222872
2023-02-05 15:00:00,124.52592413392412
2023-02-05 16:00:00,94.80653924523158
2023-02-05 17:00:00,76.85482492094474
2023-02-05 18:00:00,95.48841141591001
2023-02-05 19:00:00,100.3410270970588
2023-02-05 20:00:00,102.00261749738829
2023-02-05 21:00:00,81.22625075541507
2023-02-05 22:00:00,78.56522585315122
2023-02-05 23:00:00,92.2204908167761
2023-02-06 00:00:00,61.3025830030458
2023-02-06 01:00:00,76.79627572238854
2023-02-06 02:00:00,84.58373082356181
2023-02-06 03:00:00,90.35005158911939
2023-02-06 04:00:00,84.90193306809117
2023-02-06 05:00:00,95.168029215008
2023-02-06 06:00:00,75.1167264658701
2023-02-06 07:00:00,98.59389677871192
2023-02-06 08:00:00,114.53508712554468
2023-02-06 09:00:00,104.31919528118415
2023-02-06 10:00:00,117.91035029158473
2023-02-06 11:00:00,123.78724153380834
2023-02-06 12:00:00,116.57450799142235
2023-02-06 13:00:00,121.02315423574707
2023-02-06 14:00:00,107.69318242284265
2023-02-06 15:00:00,112.07602282677048
2023-02-06 16:00:00,116.10216169589222
2023-02-06 17:00:00,106.74611051173477
2023-02-06 18:00:00,94.13468730436064
2023-02-06 19:00:00,97.06578314085752
2023-02-06 20:00:00,97.14609790636618
2023-02-06 21:00:00,65.35845159049428
2023-02-06 22:00:00,94.27023257387022
2023-02-06 23:00:00,77.31893608740792
2023-02-07 00:00:00,84.2548993324023
2023-02-07 01:00:00,92.65395271067092
2023-02-07 02:00:00,68.96275495200658
2023-02-07 03:00:00,78.76345435199359
2023-02-07 04:00:00,87.11451304124296
2023-02-07 05:00:00,86.9860838867053
2023-02-07 06:00:00,117.34936575836808
2023-02-07 07:00:00,96.60865996378249
2023-02-07 08:00:00,104.44453220513134
2023-02-07 09:00:00,116.18602593976073
2023-02-07 10:00:00,105.29901281492788
2023-02-07 11:00:00,115.36170940821873
2023-02-07 12:00:00,123.17453261250175
2023-02-07 13:00:00,115.98991248195625
2023-02-07 14:00:00,116.38663948668929
2023-02-07 15:00:00,108.84881449924724
2023-02-07 16:00:00,94.85529690819233
2023-02-07 17:00:00,108.39231301544281
2023-02-07 18:00:00,117.54933071647241
2023-02-07 19:00:00,95.00763540578397
2023-02-07 20:00:00,92.25264117247549
2023-02-07 21:00:00,92.78509192743766
2023-02-07 22:00:00,69.98618695884424
2023-02-07 23:00:00,97.7066300555147
2023-02-08 00:00:00,82.02328796422802
2023-02-08 01:00:00,97.00005246510972
2023-02-08 02:00:00,75.34916196907135
2023-02-08 03:00:00,104.0384836018473
2023-02-08 04:00:00,97.75155494034783
2023-02-08 05:00:00,100.35401995647317
2023-02-08 06:00:00,102.34024454353148
2023-02-08 07:00:00,102.69109472130592
2023-02-08 08:00:00,122.00531658473872
2023-02-08 09:00:00,115.54573432221142
2023-02-08 10:00:00,97.64981103981724
2023-02-08 11:00:00,108.14665190871133
2023-02-08 12:00:00,118.14154247807252
2023-02-08 13:00:00,122.41850635743691
2023-02-08 14:00:00,116.75462318668983
2023-02-08 15:00:00,126.33184352166758
2023-02-08 16:00:00,90.48898135961375
2023-02-08 17:00:00,106.61226026710203
2023-02-08 18:00:00,81.82020774612846
2023-02-08 19:00:00,102.42074205279127
2023-02-08 20:00:00,89.05541285557997
2023-02-08 21:00:00,90.05396409651024
2023-02-08 22:00:00,74.04066231841358
2023-02-08 23:00:00,93.47613279079614
2023-02-09 00:00:00,90.41724664058852
2023-02-09 01:00:00,86.51692650433752
2023-02-09 02:00:00,81.38431945567683
2023-02-09 03:00:00,91.65643722922037
2023-02-09 04:00:00,82.93107432012651
2023-02-09 05:00:00,103.3791756881567
2023-02-09 06:00:00,116.4948089432392
2023-02-09 07:00:00,115.88248650184227
2023-02-09 08:00:00,102.70397530192591
2023-02-09 09:00:00,117.75630879646198
2023-02-09 10:00:00,104.38909263810228
2023-02-09 11:00:00,125.04241963753812
2023-02-09 12:00:00,124.50603412862539
2023-02-09 13:00:00,100.62035313045972
2023-02-09 14:00:00,105.70266963656513
2023-02-09 15:00:00,111.31074665629328
2023-02-09 16:00:00,106.99140252859173
2023-02-09 17:00:00,93.08161154786237
2023-02-09 18:00:00,103.88978729352183
2023-02-09 19:00:00,97.33835518735471
2023-02-09 20:00:00,88.0573086802148
2023-02-09 21:00:00,78.29994937468544
2023-02-09 22:00:00,93.16656318847687
2023-02-09 23:00:00,97.23555460510158
2023-02-10 00:00:00,75.16438516153463
2023-02-10 01:00:00,74.55981430267043
2023-02-10 02:00:00,87.5915685784312
2023-02-10 03:00:00,82.27757057879919
2023-02-10 04:00:00,88.60602799336766
2023-02-10 05:00:00,102.2201506151963
2023-02-10 06:00:00,80.90643912492708
2023-02-10 07:00:00,118.3594041505771
2023-02-10 08:00:00,110.72680524329341
2023-02-10 09:00:00,110.02720417810914
2023-02-10 10:00:00,116.42816653347427
2023-02-10 11:00:00,118.94281007598654
2023-02-10 12:00:00,102.68798696555075
2023-02-10 13:00:00,134.26789880031373
2023-02-10 14:00:00,117.73376439839497
2023-02-10 15:00:00,118.5721569282047
2023-02-10 16:00:00,119.51549770574043
2023-02-10 17:00:00,94.96475632644743
2023-02-10 18:00:00,104.73471899035229
2023-02-10 19:00:00,92.14720818896166
2023-02-10 20:00:00,98.46770775216494
2023-02-10 21:00:00,64.58559017275411
2023-02-10 22:00:00,81.68854892189854
2023-02-10 23:00:00,74.65327691637903
2023-02-11 00:00:00,84.32262950634156
2023-02-11 01:00:00,85.38192534790066
2023-02-11 02:00:00,75.60323297609098
2023-02-11 03:00:00,78.73612573450862
2023-02-11 04:00:00,88.89334631442671
2023-02-11 05:00:00,85.85719682479751
2023-02-11 06:00:00,108.41983695452127
2023-02-11 07:00:00,101.48430889757594
2023-02-11 08:00:00,80.93011780678358
2023-02-11 09:00:00,110.39391505751288
2023-02-11 10:00:00,106.93506986724904
2023-02-11 11:00:00,103.00575837117191
2023-02-11 12:00:00,107.62573361777427
2023-02-11 13:00:00,120.41260124411106
2023-02-11 14:00:00,130.60691635817108
2023-02-11 15:00:00,117.27398036238075
2023-02-11 16:00:00,103.9349661178426
2023-02-11 17:00:00,109.73542285375746
2023-02-11 18:00:00,95.40909689781009
2023-02-11 19:00:00,87.87761540631814
2023-02-11 20:00:00,78.45637331767016
2023-02-11 21:00:00,68.33957630875187
2023-02-11 22:00:00,78.78025485871679
2023-02-11 23:00:00,82.26201837341996
2023-02-12 00:00:00,79.0337632998511
2023-02-12 01:00:00,76.52181419474505
2023-02-12 02:00:00,73.22203131734342
2023-02-12 03:00:00,91.94032629311873
2023-02-12 04:00:00,76.82868080053416
2023-02-12 05:00:00,102.58389823638434
2023-02-12 06:00:00,89.97782981073276
2023-02-12 07:00:00,97.65202852852006
2023-02-12 08:00:00,95.33214809384323
2023-02-12 09:00:00,109.12811415487458
2023-02-12 10:00:00,127.07363266046855
2023-02-12 11:00:00,124.47479741022093
2023-02-12 12:00:00,129.78422112028036
2023-02-12 13:00:00,124.53994198512072
2023-02-12 14:00:00,106.28380979038508
2023-02-12 15:00:00,110.83424338045538
2023-02-12 16:00:00,102.19800870882537
2023-02-12 17:00:00,118.48212994244082
2023-02-12 18:00:00,88.03211353573688
2023-02-12 19:00:00,103.7605959918407
2023-02-12 20:00:00,98.9295387010877
2023-02-12 21:00:00,104.15406639342993
2023-02-12 22:00:00,78.58262599801627
2023-02-12 23:00:00,87.80470507002026
2023-02-13 00:00:00,102.81651836538842
2023-02-13 01:00:00,74.50506670488167
2023-02-13 02:00:00,67.32908944898765
2023-02-13 03:00:00,67.05776403719142
2023-02-13 04:00:00,97.12712028861331
2023-02-13 05:00:00,75.99211701736375
2023-02-13 06:00:00,96.27680947062078
2023-02-13 07:00:00,109.54951277244002
2023-02-13 08:00:00,111.85175536829914
2023-02-13 09:00:00,118.39658426557267
2023-02-13 10:00:00,119.5434066336973
2023-02-13 11:00:00,132.10717465891528
2023-02-13 12:00:00,110.47683619261203
2023-02-13 13:00:00,112.54856514119605
2023-02-13 14:00:00,109.59391362298054
2023-02-13 15:00:00,122.44405374235706
2023-02-13 16:00:00,119.00398588395063
2023-02-13 17:00:00,109.6886340952355
2023-02-13 18:00:00,111.83493666889927
2023-02-13 19:00:00,83.04321042418579
2023-02-13 20:00:00,106.67224111551137
2023-02-13 21:00:00,101.09025059339164
2023-02-13 22:00:00,90.0357118967687
2023-02-13 23:00:00,98.49947256192924
2023-02-14 00:00:00,63.43376792322226
2023-02-14 01:00:00,75.43700211159212
2023-02-14 02:00:00,75.32645731749172
2023-02-14 03:00:00,93.07265761384248
2023-02-14 04:00:00,79.49859260397855
2023-02-14 05:00:00,102.39857059132444
2023-02-14 06:00:00,113.70536143996713
2023-02-14 07:00:00,112.12840990289041
2023-02-14 08:00:00,112.83751023661502
2023-02-14 09:00:00,104.26340221472346
2023-02-14 10:00:00,108.85199841443512
2023-02-14 11:00:00,131.81470557874803
2023-02-14 12:00:00,127.79349003905332
2023-02-14 13:00:00,118.92832133200592
2023-02-14 14:00:00,113.14141261802988
2023-02-14 15:00:00,93.88405689261718
2023-02-14 16:00:00,99.29147581315561
2023-02-14 17:00:00,124.29057177344765
2023-02-14 18:00:00,87.19544428997533
2023-02-14 19:00:00,96.71841731016039
2023-02-14 20:00:00,100.07443973195198
2023-02-14 21:00:00,73.30863769624614
2023-02-14 22:00:00,84.52659667212207
2023-02-14 23:00:00,90.06063884932519
2023-02-15 00:00:00,80.12499321907251
2023-02-15 01:00:00,109.36551403088632
2023-02-15 02:00:00,65.99349933552928
2023-02-15 03:00:00,96.44514967510784
2023-02-15 04:00:00,88.27198262603535
2023-02-15 05:00:00,102.54282064631634
2023-02-15 06:00:00,104.41307151699246
2023-02-15 07:00:00,97.84481893095045
2023-02-15 08:00:00,112.28996392459341
2023-02-15 09:00:00,95.56312110974808
2023-02-15 10:00:00,123.3529830814027
2023-02-15 11:00:00,122.30010118568661
2023-02-15 12:00:00,126.38660168643102
2023-02-15 13:00:00,129.89969977665285
2023-02-15 14:00:00,120.99670647778589
2023-02-15 15:00:00,115.62302982171371
2023-02-15 16:00:00,101.18931663338708
2023-02-15 17:00:00,98.05417326555991
2023-02-15 18:00:00,111.86734620177332
2023-02-15 19:00:00,109.18697315500937
2023-02-15 20:00:00,87.61889563687946
2023-02-15 21:00:00,86.3178918488018
2023-02-15 22:00:00,73.63334817437358
2023-02-15 23:00:00,92.40905192689308
2023-02-16 00:00:00,86.65416823691778
2023-02-16 01:00:00,100.09365783885613
2023-02-16 02:00:00,73.89626115251384
2023-02-16 03:00:00,82.07778538608687
2023-02-16 04:00:00,92.31445922525572
2023-02-16 05:00:00,101.2885144752073
2023-02-16 06:00:00,97.84332362452368
2023-02-16 07:00:00,96.4467699975134
2023-02-16 08:00:00,118.81407528923572
2023-02-16 09:00:00,121.35348924918677
2023-02-16 10:00:00,108.15776707005152
2023-02-16 11:00:00,132.87294453683631
2023-02-16 12:00:00,131.70198709196603
2023-02-16 13:00:00,120.66148149825929
2023-02-16 14:00:00,118.11648669944914
2023-02-16 15:00:00,119.68271333489002
2023-02-16 16:00:00,101.38296929743741
2023-02-16 17:00:00,105.47669569369124
2023-02-16 18:00:00,78.4761645539082
2023-02-16 19:00:00,103.58817555297894
2023-02-16 20:00:00,74.3850677755814
2023-02-16 21:00:00,100.89206266055905
2023-02-16 22:00:00,79.37829098464674
2023-02-16 23:00:00,78.56481365490687
2023-02-17 00:00:00,73.72266093915495
2023-02-17 01:00:00,77.80109473499787
2023-02-17 02:00:00,96.8648053757916
2023-02-17 03:00:00,60.97977781091825
2023-02-17 04:00:00,102.76965386088187
2023-02-17 05:00:00,98.20385390896666
2023-02-17 06:00:00,87.92978352142785
2023-02-17 07:00:00,94.42325697155803
2023-02-17 08:00:00,126.76393027208204
2023-02-17 09:00:00,104.68706682430364
2023-02-17 10:00:00,105.78700296972917
2023-02-17 11:00:00,130.69166194942866
2023-02-17 12:00:00,123.38552876285914
2023-02-17 13:00:00,109.93926076041737
2023-02-17 14:00:00,119.48675782973497
2023-02-17 15:00:00,103.88460878732818
2023-02-17 16:00:00,121.00821398422605
2023-02-17 17:00:00,115.79009055078176
2023-02-17 18:00:00,105.32006198821944
2023-02-17 19:00:00,98.44022971041976
2023-02-17 20:00:00,107.61188124867374
2023-02-17 21:00:00,85.85472765015132
2023-02-17 22:00:00,70.86075067010323
2023-02-17 23:00:00,85.17622260254171
2023-02-18 00:00:00,100.86047049537115
2023-02-18 01:00:00,70.53388854236012
2023-02-18 02:00:00,79.06486425737138
2023-02-18 03:00:00,90.02232475728357
2023-02-18 04:00:00,89.4609515099426
2023-02-18 05:00:00,85.00058329417644
2023-02-18 06:00:00,111.21857856230471
2023-02-18 07:00:00,128.376788122223
2023-02-18 08:00:00,111.96131459023907
2023-02-18 09:00:00,105.10145272637095
2023-02-18 10:00:00,101.83090282515401
2023-02-18 11:00:00,121.89827633799317
2023-02-18 12:00:00,131.0387734331626
2023-02-18 13:00:00,124.07019399073518
2023-02-18 14:00:00,117.29646966650024
2023-02-18 15:00:00,108.24941910583789
2023-02-18 16:00:00,99.07836367281911
2023-02-18 17:00:00,113.52389416529925
2023-02-18 18:00:00,109.13771621385585
2023-02-18 19:00:00,79.36632123104226
2023-02-18 20:00:00,105.89838978180684
2023-02-18 21:00:00,91.59857658520907
2023-02-18 22:00:00,96.67543837576918
2023-02-18 23:00:00,67.26020598936749
2023-02-19 00:00:00,66.34175844584561
2023-02-19 01:00:00,79.19179037654567
2023-02-19 02:00:00,87.70733619326317
2023-02-19 03:00:00,103.82147260553869
2023-02-19 04:00:00,97.06078913815132
2023-02-19 05:00:00,92.39680632982926
2023-02-19 06:00:00,89.73630792334107
2023-02-19 07:00:00,117.47638662924192
2023-02-19 08:00:00,100.35294574249285
2023-02-19 09:00:00,130.42682117145418
2023-02-19 10:00:00,114.47666157962367
2023-02-19 11:00:00,135.22433725195987
2023-02-19 12:00:00,126.78931290059279
2023-02-19 13:00:00,117.94856163135678
2023-02-19 14:00:00,112.1265443574275
2023-02-19 15:00:00,110.73305685027016
2023-02-19 16:00:00,114.28316692375238
2023-02-19 17:00:00,105.94794586422759
2023-02-19 18:00:00,94.06188591931294
2023-02-19 19:00:00,93.16730499477326
2023-02-19 20:00:00,90.7857702971915
2023-02-19 21:00:00,64.57052343212095
2023-02-19 22:00:00,87.26117307219822
2023-02-19 23:00:00,70.88427122705058
2023-02-20 00:00:00,68.46667596794255
2023-02-20 01:00:00,63.808040003111536
2023-02-20 02:00:00,64.74056694563234
2023-02-20 03:00:00,72.30338934514616
2023-02-20 04:00:00,82.9097904236951
2023-02-20 05:00:00,114.35621047321527
2023-02-20 06:00:00,94.74120324104796
2023-02-20 07:00:00,106.95388196473073
2023-02-20 08:00:00,114.00481386506328
2023-02-20 09:00:00,115.45278748588944
2023-02-20 10:00:00,116.54607346842883
2023-02-20 11:00:00,107.36557888978892
2023-02-20 12:00:00,134.50927548279213
2023-02-20 13:00:00,137.3904829621602
2023-02-20 14:00:00,100.49392113446191
2023-02-20 15:00:00,103.90184971486715
2023-02-20 16:00:00,107.20189657622994
2023-02-20 17:00:00,95.53100295294851
2023-02-20 18:00:00,105.05965553455866
2023-02-20 19:00:00,87.54089707388346
2023-02-20 20:00:00,111.65056067806603
2023-02-20 21:00:00,97.76335031970503
2023-02-20 22:00:00,84.80523223063338
2023-02-20 23:00:00,90.95134610741596
2023-02-21 00:00:00,91.05900424357309
2023-02-21 01:00:00,75.04200859363621
2023-02-21 02:00:00,74.5173194788916
2023-02-21 03:00:00,86.63929500596552
2023-02-21 04:00:00,98.61636124497944
2023-02-21 05:00:00,96.21422308448376
2023-02-21 06:00:00,84.23003517809002
2023-02-21 07:00:00,97.14813646254198
2023-02-21 08:00:00,109.26027136405622
2023-02-21 09:00:00,113.38547958047265
2023-02-21 10:00:00,137.04592984358683
2023-02-21 11:00:00,105.45863710179138
2023-02-21 12:00:00,125.05589241835875
2023-02-21 13:00:00,134.20964760906426
2023-02-21 14:00:00,140.03500552991673
2023-02-21 15:00:00,110.09816139189134
2023-02-21 16:00:00,114.914294527202
2023-02-21 17:00:00,110.87398447403689
2023-02-21 18:00:00,101.9548173155329
2023-02-21 19:00:00,93.83516708555653
2023-02-21 20:00:00,94.35975389500047
2023-02-21 21:00:00,60.53540352407221
2023-02-21 22:00:00,89.50018682493754
2023-02-21 23:00:00,81.94326251083831
2023-02-22 00:00:00,77.77525103221734
2023-02-22 01:00:00,101.15010543141422
2023-02-22 02:00:00,75.93015173640572
2023-02-22 03:00:00,81.82710448561875
2023-02-22 04:00:00,109.91553302204734
2023-02-22 05:00:00,86.50300604945102
2023-02-22 06:00:00,94.4988471706346
2023-02-22 07:00:00,103.70612666774191
2023-02-22 08:00:00,118.4073448212955
2023-02-22 09:00:00,116.22016069726409
2023-02-22 10:00:00,104.39425460416614
2023-02-22 11:00:00,113.99683089450947
2023-02-22 12:00:00,113.92645566787789
2023-02-22 13:00:00,118.54630607355091
2023-02-22 14:00:00,121.57894466198707
2023-02-22 15:00:00,118.32419318261067
2023-02-22 16:00:00,92.23988245951598
2023-02-22 17:00:00,115.81579077765899
2023-02-22 18:00:00,102.52568845996623
2023-02-22 19:00:00,108.66893957388865
2023-02-22 20:00:00,94.44198327290673
2023-02-22 21:00:00,96.87109395362668
2023-02-22 22:00:00,87.34494503881251
2023-02-22 23:00:00,94.14374103624613
2023-02-23 00:00:00,85.22250636017779
2023-02-23 01:00:00,79.7023310097896
2023-02-23 02:00:00,105.40383912878005
2023-02-23 03:00:00,94.74823559906797
2023-02-23 04:00:00,95.73744421004413
2023-02-23 05:00:00,82.06057493256623
2023-02-23 06:00:00,87.11692382536462
2023-02-23 07:00:00,108.10353572346895
2023-02-23 08:00:00,111.45521197768241
2023-02-23 09:00:00,108.0009099736478
2023-02-23 10:00:00,118.73033507180936
2023-02-23 11:00:00,135.20478580621733
2023-02-23 12:00:00,126.95402474550299
2023-02-23 13:00:00,107.90843142825398
2023-02-23 14:00:00,116.20541980425934
2023-02-23 15:00:00,106.09247081520535
2023-02-23 16:00:00,106.12300083591438
2023-02-23 17:00:00,101.040224245754
2023-02-23 18:00:00,95.22354417395995
2023-02-23 19:00:00,82.27226537821564
2023-02-23 20:00:00,88.7234531848181
2023-02-23 21:00:00,80.25178800779597
2023-02-23 22:00:00,53.38500502428856
2023-02-23 23:00:00,101.21120371923527
2023-02-24 00:00:00,90.88769654216672
2023-02-24 01:00:00,76.91847622496867
2023-02-24 02:00:00,82.86768242171722
2023-02-24 03:00:00,74.14132090309343
2023-02-24 04:00:00,106.95722877810866
2023-02-24 05:00:00,113.7965060456807
2023-02-24 06:00:00,101.56693728246525
2023-02-24 07:00:00,115.41168734390385
2023-02-24 08:00:00,111.75286778933923
2023-02-24 09:00:00,100.77488123497164
2023-02-24 10:00:00,113.2022743860522
2023-02-24 11:00:00,120.63779619350093
2023-02-24 12:00:00,115.45452281256556
2023-02-24 13:00:00,117.13198375143101
2023-02-24 14:00:00,116.40651250059763
2023-02-24 15:00:00,113.33335064507634
2023-02-24 16:00:00,110.52258490497483
2023-02-24 17:00:00,94.57033023808441
2023-02-24 18:00:00,92.82983850872064
2023-02-24 19:00:00,81.9777764409499
2023-02-24 20:00:00,99.778155496862
2023-02-24 21:00:00,64.80139495786582
2023-02-24 22:00:00,94.21539535748049
2023-02-24 23:00:00,94.54497744684707
2023-02-25 00:00:00,76.97819413017379
2023-02-25 01:00:00,54.65011259594565
2023-02-25 02:00:00,79.06638630463833
2023-02-25 03:00:00,85.21602276338086
2023-02-25 04:00:00,79.89401780071087
2023-02-25 05:00:00,89.67143515986716
2023-02-25 06:00:00,115.30195198863352
2023-02-25 07:00:00,111.82565252506782
2023-02-25 08:00:00,100.754358856219
2023-02-25 09:00:00,98.16614392777663
2023-02-25 10:00:00,114.05033489959105
2023-02-25 11:00:00,117.18394873227697
2023-02-25 12:00:00,124.96199187363317
2023-02-25 13:00:00,113.96534940010477
2023-02-25 14:00:00,122.4355038293074
2023-02-25 15:00:00,133.49367602433324
2023-02-25 16:00:00,118.15501022444262
2023-02-25 17:00:00,104.6954958287427
2023-02-25 18:00:00,98.16849528946705
2023-02-25 19:00:00,91.25688775615087
2023-02-25 20:00:00,101.80640912452145
2023-02-25 21:00:00,79.58472991675603
2023-02-25 22:00:00,83.13171901431106
2023-02-25 23:00:00,81.19346249302949
2023-02-26 00:00:00,74.98215807188468
2023-02-26 01:00:00,66.95682799537764
2023-02-26 02:00:00,85.90923696048792
2023-02-26 03:00:00,85.24782465771521
2023-02-26 04:00:00,95.0024046943657
2023-02-26 05:00:00,89.48761603355791
2023-02-26 06:00:00,112.20821298813048
2023-02-26 07:00:00,96.40864308993196
2023-02-26 08:00:00,127.12040284017893
2023-02-26 09:00:00,96.66577052544834
2023-02-26 10:00:00,121.66820872125767
2023-02-26 11:00:00,124.0728233510476
2023-02-26 12:00:00,112.04442932059118
2023-02-26 13:00:00,123.56245590439148
2023-02-26 14:00:00,130.11569477329036
2023-02-26 15:00:00,91.9739472301903
2023-02-26 16:00:00,115.02744807490815
2023-02-26 17:00:00,80.24367269874965
2023-02-26 18:00:00,90.34335196476792
2023-02-26 19:00:00,111.11528274695904
2023-02-26 20:00:00,84.18217966607946
2023-02-26 21:00:00,74.11906473217934
2023-02-26 22:00:00,80.70011463446441
2023-02-26 23:00:00,101.36054685585415
2023-02-27 00:00:00,61.68317752793974
2023-02-27 01:00:00,70.16838435782519
2023-02-27 02:00:00,97.6538087561075
2023-02-27 03:00:00,104.43488781164638
2023-02-27 04:00:00,88.96568775709716
2023-02-27 05:00:00,82.43309207268317
2023-02-27 06:00:00,120.95843501809159
2023-02-27 07:00:00,121.12080481954237
2023-02-27 08:00:00,116.78946987762232
2023-02-27 09:00:00,106.01811213435676
2023-02-27 10:00:00,116.8302146673084
2023-02-27 11:00:00,117.71491571533305
2023-02-27 12:00:00,123.30851304615578
2023-02-27 13:00:00,133.82853090709472
2023-02-27 14:00:00,126.1146784870628
2023-02-27 15:00:00,103.36837485388337
2023-02-27 16:00:00,123.76496450019538
2023-02-27 17:00:00,108.30770230218198
2023-02-27 18:00:00,106.87065795858916
2023-02-27 19:00:00,109.48902769073561
2023-02-27 20:00:00,78.88419750486449
2023-02-27 21:00:00,85.49960858920443
2023-02-27 22:00:00,77.36494641071909
2023-02-27 23:00:00,65.00288922056407
2023-02-28 00:00:00,83.4670997760492
2023-02-28 01:00:00,105.79704899006288
2023-02-28 02:00:00,64.27871447925371
2023-02-28 03:00:00,85.53505826577434
2023-02-28 04:00:00,96.40542935074774
2023-02-28 05:00:00,96.0544011145114
2023-02-28 06:00:00,98.86871947484259
2023-02-28 07:00:00,92.18421726759217
2023-02-28 08:00:00,112.32786742940164
2023-02-28 09:00:00,106.57449585357169
2023-02-28 10:00:00,95.42129102590323
2023-02-28 11:00:00,131.26443873091867
2023-02-28 12:00:00,129.58385819842042
2023-02-28 13:00:00,119.83512629429217
2023-02-28 14:00:00,119.6112549577458
2023-02-28 15:00:00,124.88531575088656
2023-02-28 16:00:00,112.24339656778082
2023-02-28 17:00:00,114.21655644966357
2023-02-28 18:00:00,97.0251779912615
2023-02-28 19:00:00,107.94345648368906
2023-02-28 20:00:00,93.20785725932684
2023-02-28 21:00:00,87.7983838123278
2023-02-28 22:00:00,69.97888103719092
2023-02-28 23:00:00,83.55104201723573
2023-03-01 00:00:00,71.68045082505549
2023-03-01 01:00:00,74.29865620893369
2023-03-01 02:00:00,74.52573564115002
2023-03-01 03:00:00,75.1955150572768
2023-03-01 04:00:00,111.24771403016962
2023-03-01 05:00:00,108.13700971783362
2023-03-01 06:00:00,119.20367502144262
2023-03-01 07:00:00,92.94743070649477
2023-03-01 08:00:00,110.71253749910892
2023-03-01 09:00:00,101.20705937169
2023-03-01 10:00:00,110.36355930371812
2023-03-01 11:00:00,110.13724669161562
2023-03-01 12:00:00,132.3958400644156
2023-03-01 13:00:00,115.35621974476376
2023-03-01 14:00:00,128.00430141262893
2023-03-01 15:00:00,120.18334451961613
2023-03-01 16:00:00,133.03638752104789
2023-03-01 17:00:00,90.38193867065318
2023-03-01 18:00:00,112.59233239786799
2023-03-01 19:00:00,106.28802780195687
2023-03-01 20:00:00,80.26621161972966
2023-03-01 21:00:00,95.92919774100066
2023-03-01 22:00:00,86.04094155457352
2023-03-01 23:00:00,78.40672087468457
2023-03-02 00:00:00,71.76064513028001
2023-03-02 01:00:00,73.49038895972677
2023-03-02 02:00:00,103.1776128821705
2023-03-02 03:00:00,85.86469256584388
2023-03-02 04:00:00,97.82130001531459
2023-03-02 05:00:00,86.91462528127406
2023-03-02 06:00:00,92.2014705377836
2023-03-02 07:00:00,115.99622899454984
2023-03-02 08:00:00,96.50423788448468
2023-03-02 09:00:00,109.98999794467824
2023-03-02 10:00:00,117.66078218641108
2023-03-02 11:00:00,120.43224254418189
2023-03-02 12:00:00,118.20906714983843
2023-03-02 13:00:00,123.2767143367406
2023-03-02 14:00:00,124.24906563386689
2023-03-02 15:00:00,121.48851107832425
2023-03-02 16:00:00,100.14196191332174
2023-03-02 17:00:00,102.33482992276245
2023-03-02 18:00:00,111.94762861876937
2023-03-02 19:00:00,103.77009097368831
2023-03-02 20:00:00,76.27140548518936
2023-03-02 21:00:00,89.37266337979108
2023-03-02 22:00:00,62.89723943056313
2023-03-02 23:00:00,81.15083249482234
2023-03-03 00:00:00,98.97767016745976
2023-03-03 01:00:00,71.20255630152877
2023-03-03 02:00:00,74.33626146939541
2023-03-03 03:00:00,93.49816219199765
2023-03-03 04:00:00,74.57198484790354
2023-03-03 05:00:00,88.49606879909919
2023-03-03 06:00:00,105.96441137581752
2023-03-03 07:00:00,98.83352242515637
2023-03-03 08:00:00,107.64030012789028
2023-03-03 09:00:00,121.58399272688129
2023-03-03 10:00:00,121.53596891105438
2023-03-03 11:00:00,121.98670048873538
2023-03-03 12:00:00,116.60877720729961
2023-03-03 13:00:00,123.01912767847091
2023-03-03 14:00:00,116.08318127469121
2023-03-03 15:00:00,118.7201917229888
2023-03-03 16:00:00,105.03067974882022
2023-03-03 17:00:00,103.35069115825502
2023-03-03 18:00:00,90.10042207447987
2023-03-03 19:00:00,94.47354299788724
2023-03-03 20:00:00,81.88999136371154
2023-03-03 21:00:00,74.71739987464913
2023-03-03 22:00:00,85.26610340286511
2023-03-03 23:00:00,82.80888123279524
2023-03-04 00:00:00,87.82873734948572
2023-03-04 01:00:00,76.37022777846765
2023-03-04 02:00:00,86.7600203926788
2023-03-04 03:00:00,91.36584009900568
2023-03-04 04:00:00,94.44773807831595
2023-03-04 05:00:00,86.56708226992816
2023-03-04 06:00:00,101.49363482271188
2023-03-04 07:00:00,108.81778386259703
2023-03-04 08:00:00,110.07178466907942
2023-03-04 09:00:00,93.2773590400201
2023-03-04 10:00:00,118.92540431542356
2023-03-04 11:00:00,141.44382691975377
2023-03-04 12:00:00,116.39960731243018
2023-03-04 13:00:00,112.03774554722816
2023-03-04 14:00:00,121.05399367280276
2023-03-04 15:00:00,117.26591772839667
2023-03-04 16:00:00,121.92735165416414
2023-03-04 17:00:00,92.59769934296155
2023-03-04 18:00:00,107.31380252574992
2023-03-04 19:00:00,100.72783971046422
2023-03-04 20:00:00,88.57853463059453
2023-03-04 21:00:00,89.24473755548597
2023-03-04 22:00:00,92.9740667402948
2023-03-04 23:00:00,89.40463727450314
2023-03-05 00:00:00,68.56980687926271
2023-03-05 01:00:00,88.88306534177349
2023-03-05 02:00:00,82.03260587398606
2023-03-05 03:00:00,86.5866053564242
2023-03-05 04:00:00,90.73196991001694
2023-03-05 05:00:00,93.32118920996699
2023-03-05 06:00:00,111.91707497107065
2023-03-05 07:00:00,104.3392013035583
2023-03-05 08:00:00,98.80453871616831
2023-03-05 09:00:00,110.20683706403366
2023-03-05 10:00:00,119.10745524379352
2023-03-05 11:00:00,131.61066436875186
2023-03-05 12:00:00,126.03094684948833
2023-03-05 13:00:00,110.81316373831092
2023-03-05 14:00:00,142.1724072424777
2023-03-05 15:00:00,116.78988873351075
2023-03-05 16:00:00,122.75390737999015
2023-03-05 17:00:00,103.65923656627814
2023-03-05 18:00:00,105.3335924470545
2023-03-05 19:00:00,103.21830414313364
2023-03-05 20:00:00,102.18194711754256
2023-03-05 21:00:00,96.43154743005131
2023-03-05 22:00:00,91.40146192504102
2023-03-05 23:00:00,77.53061616227755
2023-03-06 00:00:00,74.28253958043939
2023-03-06 01:00:00,84.00755857746061
2023-03-06 02:00:00,92.01077264772192
2023-03-06 03:00:00,83.63065736850298
2023-03-06 04:00:00,100.65171965714387
2023-03-06 05:00:00,109.34978655281138
2023-03-06 06:00:00,90.8367908092658
2023-03-06 07:00:00,96.80717386408762
2023-03-06 08:00:00,108.59624941094664
2023-03-06 09:00:00,117.21826230562291
2023-03-06 10:00:00,112.07483793801825
2023-03-06 11:00:00,132.84054331445282
2023-03-06 12:00:00,124.24066861518452
2023-03-06 13:00:00,119.71298700818876
2023-03-06 14:00:00,102.96141283700351
2023-03-06 15:00:00,100.98397745945587
2023-03-06 16:00:00,112.81009250281807
2023-03-06 17:00:00,83.85042464050207
2023-03-06 18:00:00,110.12637409644071
2023-03-06 19:00:00,93.24208065422638
2023-03-06 20:00:00,122.43092969594733
2023-03-06 21:00:00,108.93702688243016
2023-03-06 22:00:00,80.86500123183608
2023-03-06 23:00:00,79.61811344890549
2023-03-07 00:00:00,89.95581514002029
2023-03-07 01:00:00,97.71320957339901
2023-03-07 02:00:00,66.29920134995106
2023-03-07 03:00:00,67.99410972272219
2023-03-07 04:00:00,83.77965194445619
2023-03-07 05:00:00,100.65099492968824
2023-03-07 06:00:00,104.96873590507597
2023-03-07 07:00:00,115.8740954518889
2023-03-07 08:00:00,98.00302471634691
2023-03-07 09:00:00,90.98069699404218
2023-03-07 10:00:00,125.90065002871022
2023-03-07 11:00:00,111.03655379612901
2023-03-07 12:00:00,99.81512135611362
2023-03-07 13:00:00,120.76915398537518
2023-03-07 14:00:00,125.25226495787555
2023-03-07 15:00:00,112.92156430251818
2023-03-07 16:00:00,105.42151613817511
2023-03-07 17:00:00,103.58275858059136
2023-03-07 18:00:00,96.29417237599218
2023-03-07 19:00:00,81.34314797854792
2023-03-07 20:00:00,82.85319323009568
2023-03-07 21:00:00,91.07066342640721
2023-03-07 22:00:00,85.89627733807623
2023-03-07 23:00:00,82.36208153388684
2023-03-08 00:00:00,70.0485151814662
2023-03-08 01:00:00,78.86645185286197
2023-03-08 02:00:00,60.90884145988269
2023-03-08 03:00:00,87.64263101512294
2023-03-08 04:00:00,104.28857707813567
2023-03-08 05:00:00,80.08229777752854
2023-03-08 06:00:00,94.14072326682245
2023-03-08 07:00:00,108.46744868915171
2023-03-08 08:00:00,122.52842634427483
2023-03-08 09:00:00,109.65988946072946
2023-03-08 10:00:00,110.3980047830298
2023-03-08 11:00:00,99.62928510162052
2023-03-08 12:00:00,121.03438129308107
2023-03-08 13:00:00,139.7392769272188
2023-03-08 14:00:00,120.09409269533553
2023-03-08 15:00:00,113.91934583189382
2023-03-08 16:00:00,113.22082310766986
2023-03-08 17:00:00,105.06546086256441
2023-03-08 18:00:00,91.8698562773987
2023-03-08 19:00:00,103.05641825472664
2023-03-08 20:00:00,92.25761523111754
2023-03-08 21:00:00,86.03399689560564
2023-03-08 22:00:00,72.92583165152874
2023-03-08 23:00:00,93.71656279356623
2023-03-09 00:00:00,86.6470274533311
2023-03-09 01:00:00,75.15227510054562
2023-03-09 02:00:00,92.6977404611306
2023-03-09 03:00:00,80.88215599241698
2023-03-09 04:00:00,82.17996507488964
2023-03-09 05:00:00,87.22658792314672
2023-03-09 06:00:00,82.28931446911909
2023-03-09 07:00:00,109.89180470623246
2023-03-09 08:00:00,91.6885512166165
2023-03-09 09:00:00,101.85769731107332
2023-03-09 10:00:00,96.56462798490344
2023-03-09 11:00:00,118.45781959787243
2023-03-09 12:00:00,118.49679539728128
2023-03-09 13:00:00,116.05155439391773
2023-03-09 14:00:00,106.89473112898301
2023-03-09 15:00:00,102.41979808936455
2023-03-09 16:00:00,114.64369863546574
2023-03-09 17:00:00,99.67086158496555
2023-03-09 18:00:00,103.16358321536144
2023-03-09 19:00:00,85.97113223670736
2023-03-09 20:00:00,91.81062742771083
2023-03-09 21:00:00,98.8906447494297
2023-03-09 22:00:00,88.54114992823907
2023-03-09 23:00:00,76.55734529205384
2023-03-10 00:00:00,82.57198970355927
2023-03-10 01:00:00,78.27483172891651
2023-03-10 02:00:00,82.75829377125852
2023-03-10 03:00:00,82.60175385478401
2023-03-10 04:00:00,88.3566479411461
2023-03-10 05:00:00,96.94455262869134
2023-03-10 06:00:00,90.06641300418049
2023-03-10 07:00:00,95.01759263215062
2023-03-10 08:00:00,96.1145744616879
2023-03-10 09:00:00,98.13942457869385
2023-03-10 10:00:00,105.14768115348397
2023-03-10 11:00:00,120.91314159382266
2023-03-10 12:00:00,111.07212484508116
2023-03-10 13:00:00,124.45466116809233
2023-03-10 14:00:00,117.66764556321439
2023-03-10 15:00:00,94.45709348935041
2023-03-10 16:00:00,116.5497558422169
2023-03-10 17:00:00,113.28436735796753
2023-03-10 18:00:00,90.06137325165147
2023-03-10 19:00:00,99.0255345268995
2023-03-10 20:00:00,81.43501762590802
2023-03-10 21:00:00,86.83456814375242
2023-03-10 22:00:00,70.03450785476159
2023-03-10 23:00:00,62.75041894887287
2023-03-11 00:00:00,76.17182810387031
2023-03-11 01:00:00,79.44419401147027
2023-03-11 02:00:00,78.70269498816519
2023-03-11 03:00:00,74.01755879404345
2023-03-11 04:00:00,86.00100937868864
2023-03-11 05:00:00,97.51656662375693
2023-03-11 06:00:00,99.55106969877463
2023-03-11 07:00:00,107.00139120804255
2023-03-11 08:00:00,103.29884799545768
2023-03-11 09:00:00,125.85931477089255
2023-03-11 10:00:00,105.55877471014095
2023-03-11 11:00:00,124.19411949664855
2023-03-11 12:00:00,131.8189109295996
2023-03-11 13:00:00,124.12759745327031
2023-03-11 14:00:00,115.29526580504047
2023-03-11 15:00:00,108.85916515710116
2023-03-11 16:00:00,120.36087651046256
2023-03-11 17:00:00,90.9466316494337
2023-03-11 18:00:00,90.29875739620357
2023-03-11 19:00:00,90.84804144303237
2023-03-11 20:00:00,102.37653757511998
2023-03-11 21:00:00,89.65554073667802
2023-03-11 22:00:00,72.99903433920878
2023-03-11 23:00:00,77.5784064203696
2023-03-12 00:00:00,73.85676855903705
2023-03-12 01:00:00,73.58359355188328
2023-03-12 02:00:00,92.46838750987902
2023-03-12 03:00:00,72.140433083634
2023-03-12 04:00:00,106.08780855734373
2023-03-12 05:00:00,103.10591599979581
2023-03-12 06:00:00,110.90861670603698
2023-03-12 07:00:00,100.54698578179783
2023-03-12 08:00:00,108.50059280920891
2023-03-12 09:00:00,99.81061747848383
2023-03-12 10:00:00,112.07388400502073
2023-03-12 11:00:00,124.25506500221287
2023-03-12 12:00:00,132.96063061781396
2023-03-12 13:00:00,108.24694835775685
2023-03-12 14:00:00,113.66544870583613
2023-03-12 15:00:00,112.62914342140573
2023-03-12 16:00:00,96.04210797807515
2023-03-12 17:00:00,111.08987331963442
2023-03-12 18:00:00,92.7600966825739
2023-03-12 19:00:00,92.86971558617935
2023-03-12 20:00:00,85.48050628088123
2023-03-12 21:00:00,77.96447931907232
2023-03-12 22:00:00,82.60904206950569
2023-03-12 23:00:00,78.52538768853842
2023-03-13 00:00:00,76.28142117721335
2023-03-13 01:00:00,73.39686725741521
2023-03-13 02:00:00,85.87473863214079
2023-03-13 03:00:00,102.3940370611919
2023-03-13 04:00:00,91.39887232839128
2023-03-13 05:00:00,104.78480124706088
2023-03-13 06:00:00,86.09778074846537
2023-03-13 07:00:00,106.7539952949881
2023-03-13 08:00:00,99.02631681028933
2023-03-13 09:00:00,99.37288634841194
2023-03-13 10:00:00,109.9267940010984
2023-03-13 11:00:00,131.2375098699171
2023-03-13 12:00:00,129.50015828669646
2023-03-13 13:00:00,121.74856374632536
2023-03-13 14:00:00,101.99350247678947
2023-03-13 15:00:00,112.17932910985158
2023-03-13 16:00:00,113.01700008901736
2023-03-13 17:00:00,106.93174319783641
2023-03-13 18:00:00,81.56206416519254
2023-03-13 19:00:00,85.92044061775087
2023-03-13 20:00:00,89.35922235851284
2023-03-13 21:00:00,91.22077347144096
2023-03-13 22:00:00,60.71821371331177
2023-03-13 23:00:00,79.06024371942006
2023-03-14 00:00:00,81.43048769878952
2023-03-14 01:00:00,89.17760335938077
2023-03-14 02:00:00,89.60806776668561
2023-03-14 03:00:00,91.68357756435711
2023-03-14 04:00:00,82.00059493298066
2023-03-14 05:00:00,75.74359772671652
2023-03-14 06:00:00,96.069472429386
2023-03-14 07:00:00,115.19269915413601
2023-03-14 08:00:00,123.93454527524432
2023-03-14 09:00:00,121.24762664670881
2023-03-14 10:00:00,121.6139163037061
2023-03-14 11:00:00,123.11491300964101
2023-03-14 12:00:00,114.43881253239219
2023-03-14 13:00:00,118.01791359024516
2023-03-14 14:00:00,134.0112033339521
2023-03-14 15:00:00,104.71655556581219
2023-03-14 16:00:00,126.14778790709852
2023-03-14 17:00:00,101.95609935712984
2023-03-14 18:00:00,113.25432109095078
2023-03-14 19:00:00,80.75546900297421
2023-03-14 20:00:00,95.8590420116465
2023-03-14 21:00:00,78.49016301679285
2023-03-14 22:00:00,68.52682000506937
2023-03-14 23:00:00,82.8668238983281
2023-03-15 00:00:00,90.09471788595968
2023-03-15 01:00:00,72.23206908828368
2023-03-15 02:00:00,67.68933231972723
2023-03-15 03:00:00,84.9394167329195
2023-03-15 04:00:00,89.12564671222819
2023-03-15 05:00:00,100.30681537349457
2023-03-15 06:00:00,109.49594571364489
2023-03-15 07:00:00,104.58222908932547
2023-03-15 08:00:00,128.55503314794262
2023-03-15 09:00:00,116.38448306908387
2023-03-15 10:00:00,113.85624301561977
2023-03-15 11:00:00,103.20284293475308
2023-03-15 12:00:00,117.37340479683833
2023-03-15 13:00:00,115.95464707167
2023-03-15 14:00:00,126.92355603850348
2023-03-15 15:00:00,118.7669718643995
2023-03-15 16:00:00,98.20630878367383
2023-03-15 17:00:00,106.8989247661608
2023-03-15 18:00:00,106.71531171729053
2023-03-15 19:00:00,110.10393269182792
2023-03-15 20:00:00,98.8750396741406
2023-03-15 21:00:00,93.46633091938384
2023-03-15 22:00:00,83.28035187046287
2023-03-15 23:00:00,84.56460352845313
2023-03-16 00:00:00,92.49504900706158
2023-03-16 01:00:00,67.35370949942214
2023-03-16 02:00:00,79.18509865214168
2023-03-16 03:00:00,78.13217688870664
2023-03-16 04:00:00,93.79153118726124
2023-03-16 05:00:00,107.12584085445746
2023-03-16 06:00:00,94.03025713278926
2023-03-16 07:00:00,81.27333722735602
2023-03-16 08:00:00,105.8777925497553
2023-03-16 09:00:00,123.27687294390502
2023-03-16 10:00:00,122.69680710518756
2023-03-16 11:00:00,123.60037900388713
2023-03-16 12:00:00,117.2000669812552
2023-03-16 13:00:00,106.5282091635835
2023-03-16 14:00:00,122.47345129193346
2023-03-16 15:00:00,105.7993175233847
2023-03-16 16:00:00,131.84096733380457
2023-03-16 17:00:00,110.88145298559559
2023-03-16 18:00:00,94.1935169744605
2023-03-16 19:00:00,88.7097666240633
2023-03-16 20:00:00,89.07055793386412
2023-03-16 21:00:00,83.46284515605157
2023-03-16 22:00:00,93.84782967961078
2023-03-16 23:00:00,82.5456451716591
2023-03-17 00:00:00,72.68368261091472
2023-03-17 01:00:00,99.58589032577646
2023-03-17 02:00:00,83.17257523951346
2023-03-17 03:00:00,93.54626113595802
2023-03-17 04:00:00,83.91773492555241
2023-03-17 05:00:00,98.45477537539482
2023-03-17 06:00:00,103.11109991143195
2023-03-17 07:00:00,86.27988798108888
2023-03-17 08:00:00,130.1527511046064
2023-03-17 09:00:00,127.04858023295643
2023-03-17 10:00:00,113.34855491422888
2023-03-17 11:00:00,108.2958191212228
2023-03-17 12:00:00,123.47561613803552
2023-03-17 13:00:00,120.18549351992533
2023-03-17 14:00:00,120.87719756132107
2023-03-17 15:00:00,116.05790958567185
2023-03-17 16:00:00,115.06240989305925
2023-03-17 17:00:00,119.64943789596849
2023-03-17 18:00:00,105.68103205128646
2023-03-17 19:00:00,84.32706410885018
2023-03-17 20:00:00,103.62562852712452
2023-03-17 21:00:00,102.26401001115194
2023-03-17 22:00:00,114.20005926943209
2023-03-17 23:00:00,69.44654314182266
2023-03-18 00:00:00,82.42882013150275
2023-03-18 01:00:00,59.86049644232877
2023-03-18 02:00:00,88.21098348810332
2023-03-18 03:00:00,80.37586139460132
2023-03-18 04:00:00,109.23445794824953
2023-03-18 05:00:00,87.07746939776376
2023-03-18 06:00:00,83.10816962032739
2023-03-18 07:00:00,100.46374349502521
2023-03-18 08:00:00,90.24512228782862
2023-03-18 09:00:00,121.65313016880405
2023-03-18 10:00:00,96.66967761312556
2023-03-18 11:00:00,119.60309233761295
2023-03-18 12:00:00,99.22188180143803
2023-03-18 13:00:00,116.11553848041494
2023-03-18 14:00:00,133.75428963373412
2023-03-18 15:00:00,117.7486145380889
2023-03-18 16:00:00,101.36506395035066
2023-03-18 17:00:00,104.86434601265958
2023-03-18 18:00:00,100.18016872044447
2023-03-18 19:00:00,99.54992255638365
2023-03-18 20:00:00,76.33141636719174
2023-03-18 21:00:00,91.78353711474237
2023-03-18 22:00:00,55.63557560828349
2023-03-18 23:00:00,74.38263795058053
2023-03-19 00:00:00,75.11726157548455
2023-03-19 01:00:00,87.01475173493102
2023-03-19 02:00:00,82.90580045107993
2023-03-19 03:00:00,71.80223383770618
2023-03-19 04:00:00,80.15006874182984
2023-03-19 05:00:00,96.81041919342366
2023-03-19 06:00:00,99.20932658135443
2023-03-19 07:00:00,99.38513980569294
2023-03-19 08:00:00,105.19166210488021
2023-03-19 09:00:00,121.10381559532384
2023-03-19 10:00:00,112.14358234699662
2023-03-19 11:00:00,118.43760408549063
2023-03-19 12:00:00,141.69936588080543
2023-03-19 13:00:00,105.08169015694213
2023-03-19 14:00:00,98.80208075994219
2023-03-19 15:00:00,121.97803227171701
2023-03-19 16:00:00,103.21356938705897
2023-03-19 17:00:00,101.99400562462422
2023-03-19 18:00:00,92.18843621868886
2023-03-19 19:00:00,92.22561769027446
2023-03-19 20:00:00,105.98538112096341
2023-03-19 21:00:00,93.87914896245026
2023-03-19 22:00:00,91.301727043181
2023-03-19 23:00:00,66.51921291629219
2023-03-20 00:00:00,68.4884626344713
2023-03-20 01:00:00,52.29069687936437
2023-03-20 02:00:00,74.58568371348369
2023-03-20 03:00:00,95.42489624012563
2023-03-20 04:00:00,95.16946515748371
2023-03-20 05:00:00,92.60848646842835
2023-03-20 06:00:00,99.77699716281947
2023-03-20 07:00:00,98.28752547629635
2023-03-20 08:00:00,112.04758882401784
2023-03-20 09:00:00,121.8009184185371
2023-03-20 10:00:00,101.16164020158404
2023-03-20 11:00:00,122.31499340415485
2023-03-20 12:00:00,129.32434870954668
2023-03-20 13:00:00,115.16751363614766
2023-03-20 14:00:00,124.32751419689461
2023-03-20 15:00:00,142.28868006845647
2023-03-20 16:00:00,108.95657207013107
2023-03-20 17:00:00,109.10945140210366
2023-03-20 18:00:00,92.61942916338609
2023-03-20 19:00:00,96.6361307239701
2023-03-20 20:00:00,94.60271624982303
2023-03-20 21:00:00,87.80628777897044
2023-03-20 22:00:00,72.48253872722267
2023-03-20 23:00:00,82.74510118747314
2023-03-21 00:00:00,94.62195938717636
2023-03-21 01:00:00,85.16784111936391
2023-03-21 02:00:00,92.29936381502965
2023-03-21 03:00:00,83.48774467614277
2023-03-21 04:00:00,97.49900239423711
2023-03-21 05:00:00,97.61629748011485
2023-03-21 06:00:00,90.49089270312768
2023-03-21 07:00:00,108.36159095003916
2023-03-21 08:00:00,100.08303336559689
2023-03-21 09:00:00,107.81333287488303
2023-03-21 10:00:00,119.2137911486125
2023-03-21 11:00:00,122.2909592595826
2023-03-21 12:00:00,108.10767534922871
2023-03-21 13:00:00,129.85837423761012
2023-03-21 14:00:00,123.04057085869351
2023-03-21 15:00:00,107.09485126762212
2023-03-21 16:00:00,94.62415203550825
2023-03-21 17:00:00,103.72733511123612
2023-03-21 18:00:00,95.5405628613884
2023-03-21 19:00:00,95.95502366847981
2023-03-21 20:00:00,86.36883338844433
2023-03-21 21:00:00,65.78329576881896
2023-03-21 22:00:00,78.79602254129965
2023-03-21 23:00:00,77.62529236353551
2023-03-22 00:00:00,86.3366102477406
2023-03-22 01:00:00,73.69948672810814
2023-03-22 02:00:00,99.4662386580369
2023-03-22 03:00:00,66.74145886975148
2023-03-22 04:00:00,103.11167497802624
2023-03-22 05:00:00,92.58042938916854
2023-03-22 06:00:00,108.59584872343557
2023-03-22 07:00:00,105.97439574263774
2023-03-22 08:00:00,121.39555536025469
2023-03-22 09:00:00,110.26851597820284
2023-03-22 10:00:00,106.33430382391064
2023-03-22 11:00:00,133.52355939849198
2023-03-22 12:00:00,118.86519354117858
2023-03-22 13:00:00,121.53410126202347
2023-03-22 14:00:00,129.66802721613672
2023-03-22 15:00:00,103.8225832027866
2023-03-22 16:00:00,115.95490897639257
2023-03-22 17:00:00,99.27743333742151
2023-03-22 18:00:00,98.67830644355628
2023-03-22 19:00:00,95.54640875179248
2023-03-22 20:00:00,74.99778138553064
2023-03-22 21:00:00,78.06949394806472
2023-03-22 22:00:00,96.19022084844264
2023-03-22 23:00:00,89.5433953600666
2023-03-23 00:00:00,79.37360422672765
2023-03-23 01:00:00,83.11271805934757
2023-03-23 02:00:00,79.73706686794667
2023-03-23 03:00:00,99.42369823454887
2023-03-23 04:00:00,87.99647422205837
2023-03-23 05:00:00,97.14204001929807
2023-03-23 06:00:00,111.46030144142065
2023-03-23 07:00:00,97.40266605359135
2023-03-23 08:00:00,125.58789184496894
2023-03-23 09:00:00,98.83752152629718
2023-03-23 10:00:00,133.61692938681676
2023-03-23 11:00:00,115.59176068626162
2023-03-23 12:00:00,117.57301252174719
2023-03-23 13:00:00,100.41841481395193
2023-03-23 14:00:00,112.77256090191185
2023-03-23 15:00:00,103.7440703134621
2023-03-23 16:00:00,103.92353654626527
2023-03-23 17:00:00,103.80327124416164
2023-03-23 18:00:00,109.57791614472906
2023-03-23 19:00:00,96.89965261195584
2023-03-23 20:00:00,93.07676653401114
2023-03-23 21:00:00,74.90267048781344
2023-03-23 22:00:00,73.87195102828393
2023-03-23 23:00:00,98.66873365773176
2023-03-24 00:00:00,72.64798965236753
2023-03-24 01:00:00,97.2435659947916
2023-03-24 02:00:00,80.24887993550257
2023-03-24 03:00:00,85.8807437377041
2023-03-24 04:00:00,100.7036516022993
2023-03-24 05:00:00,107.54254331733615
2023-03-24 06:00:00,98.89187439720912
2023-03-24 07:00:00,101.29395036683502
2023-03-24 08:00:00,109.44079551477788
2023-03-24 09:00:00,117.52171090605214
2023-03-24 10:00:00,126.23354494438632
2023-03-24 11:00:00,119.36081511572287
2023-03-24 12:00:00,126.18886298023153
2023-03-24 13:00:00,135.70211384849077
2023-03-24 14:00:00,121.13360419833663
2023-03-24 15:00:00,117.25866418377873
2023-03-24 16:00:00,94.81089174909933
2023-03-24 17:00:00,78.86907953375979
2023-03-24 18:00:00,103.88375729230168
2023-03-24 19:00:00,93.87537678514087
2023-03-24 20:00:00,84.85217325085259
2023-03-24 21:00:00,88.29316641813251
2023-03-24 22:00:00,82.07545463234216
2023-03-24 23:00:00,91.95928598055762
2023-03-25 00:00:00,80.86110868258977
2023-03-25 01:00:00,73.21225062351697
2023-03-25 02:00:00,92.58115431390412
2023-03-25 03:00:00,83.68655362680703
2023-03-25 04:00:00,95.26536683672308
2023-03-25 05:00:00,90.04951203602158
2023-03-25 06:00:00,93.50173114502563
2023-03-25 07:00:00,106.01806320390737
2023-03-25 08:00:00,110.12828643543685
2023-03-25 09:00:00,118.94040597739928
2023-03-25 10:00:00,114.63405054259134
2023-03-25 11:00:00,100.95491868807738
2023-03-25 12:00:00,115.67226116411611
2023-03-25 13:00:00,127.25670119721951
2023-03-25 14:00:00,114.34674728325771
2023-03-25 15:00:00,111.67830159858548
2023-03-25 16:00:00,119.86376505905938
2023-03-25 17:00:00,98.0566486294612
2023-03-25 18:00:00,84.57196781757101
2023-03-25 19:00:00,93.21730790269464
2023-03-25 20:00:00,85.15826048751263
2023-03-25 21:00:00,76.19540117873652
2023-03-25 22:00:00,80.92570736532433
2023-03-25 23:00:00,85.59653994668648
2023-03-26 00:00:00,79.90711438432184
2023-03-26 01:00:00,83.75129420108101
2023-03-26 02:00:00,100.81356890946546
2023-03-26 03:00:00,82.42907576069341
2023-03-26 04:00:00,92.7834863464467
2023-03-26 05:00:00,89.73148547195824
2023-03-26 06:00:00,91.53640280113027
2023-03-26 07:00:00,99.32730436787271
2023-03-26 08:00:00,105.21241428478311
2023-03-26 09:00:00,117.7368935992022
2023-03-26 10:00:00,140.81126594269634
2023-03-26 11:00:00,112.15808216302295
2023-03-26 12:00:00,115.83374694384537
2023-03-26 13:00:00,118.68728639466887
2023-03-26 14:00:00,121.27849656278624
2023-03-26 15:00:00,116.7776437432788
2023-03-26 16:00:00,122.84095793948117
2023-03-26 17:00:00,80.91246019669835
2023-03-26 18:00:00,76.13070129804328
2023-03-26 19:00:00,89.86483737784809
2023-03-26 20:00:00,100.97300187543709
2023-03-26 21:00:00,70.2013840602131
2023-03-26 22:00:00,52.60316852737367
2023-03-26 23:00:00,86.39327753641072
2023-03-27 00:00:00,82.43657223702715
2023-03-27 01:00:00,69.77939940622434
2023-03-27 02:00:00,72.82409591710194
2023-03-27 03:00:00,76.16042717992231
2023-03-27 04:00:00,91.1053531747394
2023-03-27 05:00:00,88.56046633611952
2023-03-27 06:00:00,104.9406391897552
2023-03-27 07:00:00,76.6301142730065
2023-03-27 08:00:00,101.431481348722
2023-03-27 09:00:00,102.88159601462044
2023-03-27 10:00:00,114.75710129196383
2023-03-27 11:00:00,113.93803894087998
2023-03-27 12:00:00,127.97843779895767
2023-03-27 13:00:00,100.72514880918078
2023-03-27 14:00:00,117.77542283899629
2023-03-27 15:00:00,119.725499855848
2023-03-27 16:00:00,128.56647436561954
2023-03-27 17:00:00,100.35872119111568
2023-03-27 18:00:00,103.24458604352517
2023-03-27 19:00:00,76.78499117232593
2023-03-27 20:00:00,66.08043795686976
2023-03-27 21:00:00,94.30560813408606
2023-03-27 22:00:00,82.62388898783053
2023-03-27 23:00:00,92.46661037220287
2023-03-28 00:00:00,66.2659711103025
2023-03-28 01:00:00,85.88050486950617
2023-03-28 02:00:00,101.36767032974977
2023-03-28 03:00:00,90.05492045984171
2023-03-28 04:00:00,92.7658150559105
2023-03-28 05:00:00,94.90917990619309
2023-03-28 06:00:00,84.29118542874087
2023-03-28 07:00:00,118.7321102591539
2023-03-28 08:00:00,103.89142360194934
2023-03-28 09:00:00,119.18696818756112
2023-03-28 10:00:00,101.69016500997623
2023-03-28 11:00:00,107.52391988070356
2023-03-28 12:00:00,134.35087399222235
2023-03-28 13:00:00,115.84549363620293
2023-03-28 14:00:00,131.85326283611423
2023-03-28 15:00:00,113.35982903314577
2023-03-28 16:00:00,91.58102227042143
2023-03-28 17:00:00,114.09705689936763
2023-03-28 18:00:00,94.10107682244393
2023-03-28 19:00:00,101.81050723312002
2023-03-28 20:00:00,90.25210867540082
2023-03-28 21:00:00,70.42668209684035
2023-03-28 22:00:00,84.32243957801693
2023-03-28 23:00:00,102.64371489574663
2023-03-29 00:00:00,84.9298645851446
2023-03-29 01:00:00,80.106305944164
2023-03-29 02:00:00,93.4329259438802
2023-03-29 03:00:00,87.96454902830015
2023-03-29 04:00:00,92.09534230262794
2023-03-29 05:00:00,83.90736737635856
2023-03-29 06:00:00,102.33848025789598
2023-03-29 07:00:00,115.53081506621986
2023-03-29 08:00:00,101.63937847899976
2023-03-29 09:00:00,128.38709383620042
2023-03-29 10:00:00,116.40344783423751
2023-03-29 11:00:00,110.44082141039596
2023-03-29 12:00:00,129.97632076920246
2023-03-29 13:00:00,116.45057416839867
2023-03-29 14:00:00,124.91565695054986
2023-03-29 15:00:00,111.22454930114557
2023-03-29 16:00:00,109.40173856470096
2023-03-29 17:00:00,110.11198294539334
2023-03-29 18:00:00,102.90897057590006
2023-03-29 19:00:00,74.86830129343221
2023-03-29 20:00:00,78.78756259905609
2023-03-29 21:00:00,95.15196422417722
2023-03-29 22:00:00,81.35812603529577
2023-03-29 23:00:00,75.44417044650442
2023-03-30 00:00:00,66.41425984742526
2023-03-30 01:00:00,69.88412026146015
2023-03-30 02:00:00,62.46150552469176
2023-03-30 03:00:00,84.84505718925372
2023-03-30 04:00:00,84.01562419418953
2023-03-30 05:00:00,85.15774018809644
2023-03-30 06:00:00,99.31876574832047
2023-03-30 07:00:00,108.81608721057779
2023-03-30 08:00:00,130.93197932209944
2023-03-30 09:00:00,99.02330142809882
2023-03-30 10:00:00,128.91431850869398
2023-03-30 11:00:00,129.04953213593208
2023-03-30 12:00:00,112.209072606233
2023-03-30 13:00:00,121.35087607164168
2023-03-30 14:00:00,112.74417558231262
2023-03-30 15:00:00,115.99902142791834
2023-03-30 16:00:00,125.0913101340455
2023-03-30 17:00:00,111.23244322836355
2023-03-30 18:00:00,105.08608373233442
2023-03-30 19:00:00,90.52052589840316
2023-03-30 20:00:00,75.15943335075664
2023-03-30 21:00:00,83.77318227086498
2023-03-30 22:00:00,94.74557347295038
2023-03-30 23:00:00,65.40980490832216
2023-03-31 00:00:00,69.44910631823305
2023-03-31 01:00:00,81.94416083655932
2023-03-31 02:00:00,72.83294407583861
2023-03-31 03:00:00,77.93262990511693
2023-03-31 04:00:00,85.76401418271823
2023-03-31 05:00:00,81.1674450560481
2023-03-31 06:00:00,90.25878153783631
2023-03-31 07:00:00,112.2106600699235
2023-03-31 08:00:00,96.92630217769036
2023-03-31 09:00:00,98.16341427878257
2023-03-31 10:00:00,111.02025828034982
2023-03-31 11:00:00,126.63807155087981
2023-03-31 12:00:00,118.0307819200311
2023-03-31 13:00:00,114.67270574462518
2023-03-31 14:00:00,117.76409605084484
2023-03-31 15:00:00,96.68506129513443
2023-03-31 16:00:00,114.94705653775033
2023-03-31 17:00:00,109.01073121608687
2023-03-31 18:00:00,95.90691525904279
2023-03-31 19:00:00,104.88286421591376
2023-03-31 20:00:00,78.72503901046962
2023-03-31 21:00:00,97.13695430880475
2023-03-31 22:00:00,84.22442858026375
2023-03-31 23:00:00,77.3159575754369
